# Blender v2.93.3 OBJ File: 'untitled.blend'
# www.blender.org
o BezierCurve.006_BezierCurve.013
v -5.077995 4.107389 139.188171
v -4.880399 4.386834 139.385773
v -4.610476 4.489118 139.655685
v -4.340552 4.386834 139.925613
v -4.142956 4.107390 140.123215
v -4.070630 3.725662 140.195541
v -4.142956 3.343934 140.123215
v -4.340552 3.064489 139.925613
v -4.610475 2.962205 139.655685
v -4.880397 3.064488 139.385773
v -5.077995 3.343933 139.188171
v -5.150320 3.725661 139.115845
v -4.983619 4.090634 138.994919
v -4.722567 4.359375 139.070068
v -4.368976 4.456343 139.177719
v -4.017589 4.355557 139.289001
v -3.762562 4.084022 139.374130
v -3.672227 3.714496 139.410278
v -3.770790 3.345992 139.387756
v -4.031842 3.077252 139.312622
v -4.385433 2.980283 139.204971
v -4.736819 3.081069 139.093674
v -4.991847 3.352604 139.008545
v -5.082182 3.722130 138.972397
v -4.886896 4.061162 138.399414
v -4.623125 4.319085 138.409271
v -4.266217 4.410588 138.430283
v -3.911806 4.311152 138.456772
v -3.654857 4.047423 138.481674
v -3.564217 3.690065 138.498306
v -3.664173 3.334833 138.502213
v -3.927944 3.076910 138.492340
v -4.284852 2.985406 138.471344
v -4.639263 3.084841 138.444855
v -4.896214 3.348571 138.419952
v -4.986854 3.705929 138.403320
v -4.869699 4.019510 137.500427
v -4.614887 4.267433 137.482437
v -4.270114 4.354554 137.466293
v -3.927762 4.257527 137.456329
v -3.679562 4.002352 137.455215
v -3.592021 3.657401 137.463242
v -3.688595 3.315105 137.478256
v -3.943406 3.067180 137.496246
v -4.288179 2.980060 137.512390
v -4.630532 3.077086 137.522339
v -4.878732 3.332262 137.523468
v -4.966272 3.677213 137.515442
v -4.928690 3.969095 136.402069
v -4.684095 4.207465 136.371490
v -4.353120 4.290792 136.338409
v -4.024448 4.196749 136.311676
v -3.786149 3.950534 136.298492
v -3.702073 3.618120 136.302353
v -3.794749 3.288578 136.322250
v -4.039344 3.050208 136.352829
v -4.370319 2.966880 136.385910
v -4.698990 3.060923 136.412628
v -4.937290 3.307138 136.425827
v -5.021365 3.639552 136.421967
v -5.040866 3.912944 135.176544
v -4.806241 4.142010 135.140930
v -4.488736 4.221873 135.100922
v -4.173429 4.131134 135.067230
v -3.944803 3.894107 135.048874
v -3.864120 3.574303 135.050797
v -3.952999 3.257413 135.072464
v -4.187625 3.028347 135.108063
v -4.505129 2.948484 135.148087
v -4.820436 3.039223 135.181778
v -5.049062 3.276250 135.200119
v -5.129745 3.596054 135.198212
v -5.180362 3.853843 133.885559
v -4.955254 4.073765 133.849564
v -4.650620 4.150379 133.808762
v -4.348090 4.063154 133.774078
v -4.128725 3.835463 133.754822
v -4.051303 3.528315 133.756134
v -4.136570 3.224011 133.777679
v -4.361679 3.004088 133.813660
v -4.666312 2.927475 133.854462
v -4.968842 3.014700 133.889145
v -5.188208 3.242391 133.908401
v -5.265630 3.549539 133.907089
v -5.320816 3.794459 132.586639
v -5.104789 4.005367 132.553848
v -4.812453 4.078899 132.517014
v -4.522140 3.995353 132.485992
v -4.311638 3.777115 132.469086
v -4.237350 3.482662 132.470856
v -4.319184 3.190892 132.490799
v -4.535211 2.979984 132.523590
v -4.827546 2.906452 132.560425
v -5.117861 2.989997 132.591446
v -5.328362 3.208236 132.608353
v -5.402649 3.502689 132.606583
v -5.435724 3.737388 131.334900
v -5.228428 3.939408 131.308975
v -4.947926 4.010029 131.280930
v -4.669375 3.930326 131.258286
v -4.467415 3.721658 131.247101
v -4.396160 3.439936 131.250381
v -4.474703 3.160647 131.267242
v -4.681999 2.958627 131.293152
v -4.962502 2.888007 131.321198
v -5.241052 2.967709 131.343842
v -5.443012 3.176377 131.355026
v -5.514267 3.458099 131.351746
v -5.498214 3.685144 130.182526
v -5.299548 3.878440 130.168503
v -5.030744 3.946365 130.155914
v -4.763825 3.870717 130.148148
v -4.570315 3.671767 130.147278
v -4.502063 3.402824 130.153534
v -4.577357 3.135950 130.165237
v -4.776023 2.942654 130.179260
v -5.044828 2.874729 130.191849
v -5.311746 2.950377 130.199615
v -5.505257 3.149327 130.200485
v -5.573509 3.418270 130.194229
v -5.479510 3.640107 129.175568
v -5.290487 3.824939 129.182648
v -5.034721 3.890511 129.197693
v -4.780745 3.819255 129.216690
v -4.596609 3.630262 129.234528
v -4.531655 3.374173 129.246445
v -4.603286 3.119607 129.249252
v -4.792309 2.934775 129.242172
v -5.048076 2.869202 129.227127
v -5.302052 2.940459 129.208130
v -5.486188 3.129452 129.190292
v -5.551142 3.385541 129.178375
v -5.338681 3.604487 128.342651
v -5.166939 3.781289 128.392090
v -4.934315 3.845083 128.462921
v -4.703141 3.778777 128.536133
v -4.535361 3.600137 128.592133
v -4.475931 3.357029 128.615921
v -4.540775 3.114595 128.601105
v -4.712519 2.937793 128.551666
v -4.945143 2.873998 128.480850
v -5.176315 2.940304 128.407623
v -5.344096 3.118944 128.351624
v -5.403526 3.362052 128.327835
v -4.962419 3.561160 127.686935
v -4.829641 3.734478 127.782471
v -4.663857 3.805363 127.938316
v -4.509488 3.754821 128.112717
v -4.407896 3.596395 128.258926
v -4.386303 3.372535 128.337769
v -4.450494 3.143224 128.328140
v -4.583271 2.969906 128.232590
v -4.749055 2.899021 128.076752
v -4.903424 2.949563 127.902351
v -5.005016 3.107989 127.756149
v -5.026609 3.331849 127.677292
v -4.338578 3.353195 127.293076
v -4.200277 3.584869 127.427895
v -4.106264 3.722554 127.679245
v -4.081730 3.729357 127.979797
v -4.133248 3.603456 128.248993
v -4.247015 3.378585 128.414719
v -4.392547 3.114998 128.432571
v -4.530849 2.883324 128.297760
v -4.624862 2.745639 128.046402
v -4.649396 2.738835 127.745850
v -4.597877 2.864737 127.476646
v -4.484110 3.089608 127.310921
v -3.661211 2.863490 127.365921
v -3.493761 3.143697 127.529060
v -3.451531 3.361246 127.818985
v -3.545838 3.457845 128.158020
v -3.751412 3.407610 128.455322
v -4.013169 3.224001 128.631210
v -4.260972 2.956217 128.638580
v -4.428422 2.676010 128.475449
v -4.470652 2.458461 128.185516
v -4.376345 2.361862 127.846489
v -4.170772 2.412097 127.549187
v -3.909015 2.595705 127.373291
v -3.054090 2.279639 127.678986
v -2.859103 2.609955 127.869370
v -2.834991 2.890587 128.191925
v -2.988217 3.046338 128.560211
v -3.277722 3.035477 128.875565
v -3.625936 2.860913 129.053467
v -3.939553 2.569420 129.046265
v -4.134542 2.239104 128.855881
v -4.158653 1.958472 128.533325
v -4.005427 1.802720 128.165039
v -3.715921 1.813581 127.849686
v -3.367708 1.988146 127.671783
v -2.435565 1.619823 128.127319
v -2.214108 2.001628 128.343613
v -2.196943 2.335621 128.703812
v -2.388669 2.532309 129.111435
v -2.737912 2.538989 129.457245
v -3.151093 2.353871 129.648575
v -3.517504 2.026557 129.634171
v -3.738960 1.644752 129.417892
v -3.756125 1.310759 129.057678
v -3.564400 1.114071 128.650055
v -3.215157 1.107391 128.304260
v -2.801974 1.292509 128.112915
v -1.787103 0.914097 128.649506
v -1.540624 1.349118 128.889999
v -1.525486 1.731029 129.292175
v -1.745748 1.957494 129.748276
v -2.142389 1.967834 130.136093
v -2.609130 1.759278 130.351700
v -3.020909 1.387708 130.337341
v -3.267388 0.952686 130.096848
v -3.282526 0.570776 129.694672
v -3.062265 0.344310 129.238571
v -2.665623 0.333970 128.850754
v -2.198882 0.542526 128.635147
v -1.112032 0.206980 129.180725
v -0.842930 0.697730 129.443069
v -0.825723 1.122833 129.891495
v -1.065022 1.368383 130.405807
v -1.496708 1.368585 130.848221
v -2.005109 1.123384 131.100189
v -2.454001 0.698483 131.094177
v -2.723104 0.207733 130.831833
v -2.740312 -0.217370 130.383423
v -2.501013 -0.462920 129.869095
v -2.069327 -0.463122 129.426682
v -1.560925 -0.217922 129.174728
v -0.425942 -0.448765 129.651733
v -0.138624 0.101607 129.932602
v -0.113554 0.564128 130.432388
v -0.357449 0.814866 131.017181
v -0.804958 0.786637 131.530304
v -1.336171 0.487004 131.834229
v -1.808751 -0.003746 131.847549
v -2.096069 -0.554118 131.566696
v -2.121140 -1.016639 131.066910
v -1.877245 -1.267378 130.482101
v -1.429736 -1.239149 129.968994
v -0.898522 -0.939516 129.665054
v 0.236235 -0.992030 129.990692
v 0.532957 -0.375868 130.285522
v 0.576806 0.115664 130.843277
v 0.356035 0.350861 131.514526
v -0.070202 0.266701 132.119385
v -0.587695 -0.114264 132.495804
v -1.057781 -0.689956 132.542908
v -1.354503 -1.306118 132.248077
v -1.398353 -1.797651 131.690323
v -1.177582 -2.032848 131.019089
v -0.751345 -1.948688 130.414215
v -0.233852 -1.567723 130.037796
v 0.800294 -1.356910 130.136383
v 1.088097 -0.666059 130.441025
v 1.173553 -0.157508 131.063095
v 1.033762 0.032476 131.835938
v 0.706182 -0.147012 132.552444
v 0.278588 -0.647879 133.020645
v -0.134447 -1.335919 133.115082
v -0.422250 -2.026771 132.810440
v -0.507706 -2.535322 132.188354
v -0.367915 -2.725307 131.415512
v -0.040336 -2.545818 130.699005
v 0.387259 -2.044951 130.230804
v 1.153142 -1.511382 130.090820
v 1.399452 -0.738977 130.410095
v 1.568195 -0.223395 131.091949
v 1.614155 -0.102786 131.953659
v 1.525017 -0.409468 132.764359
v 1.324667 -1.061264 133.306793
v 1.066787 -1.883527 133.435638
v 0.820476 -2.655931 133.116348
v 0.651734 -3.171514 132.434509
v 0.605774 -3.292123 131.572784
v 0.694911 -2.985442 130.762100
v 0.895262 -2.333646 130.219650
v 1.304632 -1.529311 129.947754
v 1.479733 -0.684528 130.307220
v 1.771885 -0.151777 131.017410
v 2.102805 -0.073808 131.888016
v 2.383824 -0.471512 132.685760
v 2.539642 -1.238326 133.196884
v 2.528509 -2.168781 133.284454
v 2.353408 -3.013563 132.924973
v 2.061256 -3.546314 132.214798
v 1.730336 -3.624284 131.344193
v 1.449317 -3.226580 130.546448
v 1.293499 -2.459767 130.035309
v 1.694520 -1.442773 129.537933
v 1.784725 -0.547539 129.969543
v 2.133296 0.023855 130.709732
v 2.646836 0.118306 131.560165
v 3.187740 -0.289496 132.292953
v 3.611074 -1.090279 132.711777
v 3.803407 -2.069475 132.704376
v 3.713202 -2.964709 132.272766
v 3.364631 -3.536104 131.532578
v 2.851092 -3.630555 130.682159
v 2.310187 -3.222753 129.949356
v 1.886853 -2.421970 129.530548
v 2.753460 -1.160760 128.950851
v 2.715992 -0.334870 129.432327
v 2.918755 0.178608 130.213684
v 3.307418 0.242087 131.085587
v 3.777841 -0.161443 131.814407
v 4.203972 -0.923855 132.204849
v 4.471632 -1.840863 132.152298
v 4.509100 -2.666754 131.670837
v 4.306338 -3.180233 130.889465
v 3.917675 -3.243711 130.017563
v 3.447253 -2.840182 129.288742
v 3.021121 -2.077769 128.898300
v 4.021530 -0.758216 128.665253
v 3.806415 -0.028542 129.174606
v 3.735491 0.373192 129.994186
v 3.827763 0.339343 130.904388
v 4.058506 -0.121019 131.661331
v 4.365893 -0.884542 132.062195
v 4.667561 -1.746639 131.999542
v 4.882676 -2.476314 131.490189
v 4.953599 -2.878049 130.670609
v 4.861328 -2.844200 129.760406
v 4.630585 -2.383837 129.003464
v 4.323197 -1.620315 128.602600
v 5.221639 -0.341380 128.882034
v 4.826012 0.285537 129.345520
v 4.466634 0.561993 130.093048
v 4.239800 0.413910 130.924301
v 4.206291 -0.119032 131.616562
v 4.375084 -0.894032 131.984329
v 4.700953 -1.703430 131.929062
v 5.096580 -2.330348 131.465576
v 5.455958 -2.606804 130.718048
v 5.682792 -2.458722 129.886795
v 5.716301 -1.925780 129.194534
v 5.547508 -1.150779 128.826767
v 6.165027 -0.007595 129.506302
v 5.655928 0.539774 129.873993
v 5.099457 0.722211 130.466492
v 4.644720 0.490830 131.125031
v 4.413563 -0.092370 131.673157
v 4.467925 -0.871121 131.964005
v 4.793240 -1.636757 131.919632
v 5.302339 -2.184127 131.551926
v 5.858810 -2.366564 130.959427
v 6.313547 -2.135184 130.300888
v 6.544704 -1.551984 129.752762
v 6.490342 -0.773233 129.461929
v 7.266485 0.297512 131.160767
v 6.728827 0.764089 131.398834
v 6.071821 0.876726 131.743958
v 5.471511 0.605243 132.103638
v 5.088749 0.022384 132.381516
v 5.026095 -0.715676 132.503128
v 5.300339 -1.411174 132.435883
v 5.837996 -1.877751 132.197815
v 6.495002 -1.990389 131.852707
v 7.095313 -1.718906 131.493027
v 7.478075 -1.136047 131.215149
v 7.540729 -0.397987 131.093536
v 7.602385 0.301518 131.999191
v 7.095833 0.742669 132.227356
v 6.457099 0.846941 132.517899
v 5.857332 0.586395 132.792969
v 5.457239 0.030843 132.978851
v 5.364023 -0.670854 133.025757
v 5.602663 -1.330678 132.921112
v 6.109215 -1.771829 132.692947
v 6.747948 -1.876101 132.402405
v 7.347715 -1.615556 132.127335
v 7.747809 -1.060004 131.941437
v 7.841024 -0.358307 131.894531
v 7.873824 0.215054 132.788467
v 7.413110 0.628420 133.040176
v 6.811711 0.726604 133.314331
v 6.230771 0.483299 133.537491
v 5.825953 -0.036303 133.649841
v 5.705726 -0.692974 133.621292
v 5.902306 -1.310760 133.459473
v 6.363019 -1.724127 133.207764
v 6.964417 -1.822312 132.933594
v 7.545358 -1.579007 132.710449
v 7.950177 -1.059405 132.598083
v 8.070404 -0.402734 132.626648
v 8.112548 0.033130 133.484528
v 7.714987 0.404719 133.795929
v 7.167746 0.488852 134.090118
v 6.617456 0.262984 134.288284
v 6.211568 -0.212363 134.337326
v 6.058839 -0.809820 134.224091
v 6.200192 -1.369300 133.978928
v 6.597753 -1.740889 133.667526
v 7.144994 -1.825022 133.373322
v 7.695284 -1.599154 133.175156
v 8.101171 -1.123807 133.126129
v 8.253901 -0.526350 133.239365
v 8.340384 -0.251077 134.034714
v 8.036362 0.039680 134.442337
v 7.568197 0.082213 134.791809
v 7.061335 -0.134875 134.989502
v 6.651588 -0.553415 134.982437
v 6.448749 -1.061261 134.772522
v 6.507167 -1.522335 134.415985
v 6.811189 -1.813092 134.008362
v 7.279353 -1.855626 133.658890
v 7.786216 -1.638538 133.461197
v 8.195963 -1.219997 133.468262
v 8.398802 -0.712152 133.678192
v 8.570997 -0.638502 134.382492
v 8.402364 -0.500653 134.881592
v 8.047306 -0.554253 135.290970
v 7.600960 -0.784939 135.500946
v 7.182924 -1.130900 135.455246
v 6.905212 -1.499436 135.166138
v 6.842235 -1.791798 134.711060
v 7.010868 -1.929647 134.211975
v 7.365926 -1.876048 133.802597
v 7.812272 -1.645362 133.592621
v 8.230308 -1.299400 133.638306
v 8.508020 -0.930865 133.927429
v 8.816442 -1.126609 134.484940
v 8.785581 -1.174181 134.985062
v 8.549913 -1.353227 135.392181
v 8.172585 -1.615772 135.597198
v 7.754701 -1.891468 135.545197
v 7.408234 -2.106442 135.250092
v 7.226017 -2.203091 134.790970
v 7.256878 -2.155520 134.290848
v 7.492545 -1.976474 133.883728
v 7.869873 -1.713929 133.678711
v 8.287758 -1.438233 133.730713
v 8.634225 -1.223259 134.025818
v 9.271434 -1.920987 134.253906
v 9.344597 -2.126550 134.683655
v 9.198323 -2.421688 135.035522
v 8.871805 -2.727318 135.215179
v 8.452534 -2.961547 135.174530
v 8.052853 -3.061613 134.924438
v 7.779855 -3.000704 134.531921
v 7.706691 -2.795141 134.102158
v 7.852965 -2.500003 133.750305
v 8.179483 -2.194373 133.570633
v 8.598755 -1.960144 133.611298
v 8.998436 -1.860078 133.861389
v 9.574264 -2.511768 133.740189
v 9.715870 -2.827795 134.043930
v 9.633047 -3.204892 134.295166
v 9.347989 -3.542016 134.426575
v 8.937076 -3.748834 134.402969
v 8.510412 -3.769930 134.230652
v 8.182321 -3.599651 133.955795
v 8.040714 -3.283624 133.652069
v 8.123536 -2.906527 133.400833
v 8.408594 -2.569403 133.269409
v 8.819508 -2.362585 133.293030
v 9.246172 -2.341489 133.465347
v 9.761968 -2.932077 132.991989
v 9.932638 -3.296062 133.169067
v 9.882671 -3.706670 133.316971
v 9.625454 -4.053876 133.396057
v 9.229910 -4.244648 133.385162
v 8.802023 -4.227870 133.287186
v 8.456445 -4.008036 133.128387
v 8.285774 -3.644051 132.951309
v 8.335741 -3.233444 132.803406
v 8.592957 -2.886237 132.724319
v 8.988503 -2.695464 132.735214
v 9.416389 -2.712243 132.833191
v 9.863859 -3.202735 132.057022
v 10.039326 -3.572247 132.142700
v 10.002871 -3.982556 132.213303
v 9.764261 -4.323719 132.249939
v 9.387434 -4.504322 132.242767
v 8.973358 -4.475973 132.193710
v 8.632985 -4.246268 132.115936
v 8.457519 -3.876756 132.030258
v 8.493974 -3.466447 131.959641
v 8.732583 -3.125284 131.923019
v 9.109410 -2.944681 131.930191
v 9.523487 -2.973030 131.979233
v 9.907210 -3.340563 130.990387
v 10.078033 -3.697423 131.017761
v 10.047344 -4.092396 131.036041
v 9.823362 -4.419647 131.040329
v 9.466108 -4.591491 131.029480
v 9.071304 -4.561882 131.006409
v 8.744740 -4.338754 130.977280
v 8.573915 -3.981894 130.949921
v 8.604607 -3.586921 130.931641
v 8.828587 -3.259669 130.927338
v 9.185842 -3.087825 130.938187
v 9.580645 -3.117434 130.961258
v 9.920194 -3.363800 129.851028
v 10.083426 -3.701560 129.842361
v 10.056005 -4.075381 129.824814
v 9.845278 -4.385098 129.803116
v 9.507710 -4.547722 129.783051
v 9.133751 -4.519680 129.770004
v 8.823604 -4.308483 129.767471
v 8.660372 -3.970723 129.776154
v 8.687792 -3.596902 129.793686
v 8.898520 -3.287185 129.815399
v 9.236088 -3.124560 129.835464
v 9.610046 -3.152603 129.848511
v 9.931568 -3.292370 128.698914
v 10.086494 -3.609088 128.668533
v 10.061825 -3.959427 128.625061
v 9.864166 -4.249515 128.580170
v 9.546484 -4.401623 128.545868
v 9.193899 -4.374993 128.531342
v 8.900888 -4.176761 128.540497
v 8.745961 -3.860044 128.570892
v 8.770632 -3.509704 128.614349
v 8.968288 -3.219616 128.659256
v 9.285971 -3.067508 128.693558
v 9.638556 -3.094138 128.708084
v 9.969768 -3.147526 127.594978
v 10.116345 -3.442989 127.552574
v 10.094826 -3.768610 127.488632
v 9.910975 -4.037141 127.420280
v 9.614057 -4.176629 127.365845
v 9.283628 -4.149697 127.339897
v 9.008228 -3.963563 127.349403
v 8.861650 -3.668101 127.391808
v 8.883169 -3.342479 127.455750
v 9.067019 -3.073948 127.524101
v 9.363938 -2.934460 127.578537
v 9.694367 -2.961391 127.604485
v 10.061341 -2.952263 126.602097
v 10.199535 -3.227081 126.555016
v 10.182508 -3.526713 126.472740
v 10.014822 -3.770874 126.377319
v 9.741409 -3.894142 126.294319
v 9.435530 -3.863487 126.245979
v 9.179145 -3.687122 126.245255
v 9.040951 -3.412305 126.292336
v 9.057978 -3.112673 126.374611
v 9.225664 -2.868511 126.470032
v 9.499077 -2.745243 126.553032
v 9.804955 -2.775898 126.601372
v 10.226728 -2.732969 125.786003
v 10.355780 -2.988545 125.740906
v 10.346628 -3.259951 125.639603
v 10.201725 -3.474465 125.509247
v 9.959898 -3.574607 125.384750
v 9.685944 -3.533545 125.299484
v 9.453268 -3.362281 125.276299
v 9.324217 -3.106705 125.321396
v 9.333368 -2.835298 125.422691
v 9.478271 -2.620784 125.553055
v 9.720098 -2.520642 125.677544
v 9.994053 -2.561704 125.762810
v 10.470227 -2.521053 125.207596
v 10.586758 -2.760194 125.171272
v 10.593843 -2.999271 125.049286
v 10.489582 -3.174224 124.874336
v 10.301912 -3.238173 124.693283
v 10.081121 -3.173985 124.554657
v 9.886368 -2.998857 124.495590
v 9.769836 -2.759716 124.531914
v 9.762753 -2.520639 124.653893
v 9.867012 -2.345686 124.828850
v 10.054682 -2.281736 125.009895
v 10.275473 -2.345925 125.148529
v 10.815659 -2.326716 124.869339
v 10.916710 -2.550485 124.841141
v 10.950364 -2.754644 124.705986
v 10.907602 -2.884487 124.500099
v 10.799881 -2.905225 124.278633
v 10.656067 -2.811301 124.100945
v 10.514693 -2.627880 124.014633
v 10.413641 -2.404111 124.042831
v 10.379988 -2.199952 124.177979
v 10.422750 -2.070108 124.383873
v 10.530470 -2.049370 124.605331
v 10.674284 -2.143295 124.783028
v 11.701263 -1.908942 124.641785
v 11.805401 -2.144838 124.612839
v 11.872101 -2.343859 124.460289
v 11.883489 -2.452676 124.225006
v 11.836514 -2.442131 123.970032
v 11.743764 -2.315051 123.763687
v 11.630091 -2.105486 123.661263
v 11.525951 -1.869589 123.690201
v 11.459251 -1.670569 123.842758
v 11.447864 -1.561752 124.078041
v 11.494839 -1.572296 124.333015
v 11.587589 -1.699376 124.539360
v 12.701225 -1.451156 124.621803
v 12.812387 -1.697329 124.591362
v 12.907374 -1.894413 124.430054
v 12.960735 -1.989599 124.181099
v 12.958172 -1.957383 123.911209
v 12.900371 -1.806397 123.692703
v 12.802820 -1.577096 123.584122
v 12.691658 -1.330924 123.614563
v 12.596670 -1.133839 123.775871
v 12.543310 -1.038653 124.024818
v 12.545874 -1.070869 124.294708
v 12.603674 -1.221856 124.513222
v 13.780884 -0.973965 124.789314
v 13.897769 -1.231015 124.757576
v 14.015647 -1.428900 124.591171
v 14.102932 -1.514599 124.334694
v 14.136235 -1.465147 124.056862
v 14.106636 -1.293795 123.832123
v 14.022063 -1.046458 123.720695
v 13.905178 -0.789408 123.752441
v 13.787301 -0.591523 123.918846
v 13.700015 -0.505824 124.175323
v 13.666711 -0.555276 124.453156
v 13.696311 -0.726628 124.677887
v 14.916216 -0.490617 125.111465
v 15.037560 -0.759087 125.078194
v 15.173302 -0.960184 124.907776
v 15.287067 -1.040023 124.645874
v 15.348373 -0.977212 124.362671
v 15.340795 -0.788582 124.134048
v 15.266359 -0.524675 124.021263
v 15.145015 -0.256204 124.054535
v 15.009274 -0.055108 124.224953
v 14.895508 0.024732 124.486855
v 14.834202 -0.038079 124.770058
v 14.841781 -0.226709 124.998680
v 16.081627 -0.014924 125.551445
v 16.206158 -0.295319 125.516136
v 16.355492 -0.501569 125.341393
v 16.489616 -0.578409 125.074028
v 16.572592 -0.505250 124.785690
v 16.582184 -0.301695 124.553635
v 16.515823 -0.022286 124.440041
v 16.391293 0.258109 124.475349
v 16.241959 0.464360 124.650093
v 16.107834 0.541200 124.917458
v 16.024860 0.468041 125.205795
v 16.015266 0.264486 125.437851
v 18.404791 0.860516 126.627953
v 18.530888 0.554611 126.586143
v 18.695736 0.333267 126.398903
v 18.855164 0.255794 126.116402
v 18.966454 0.342950 125.814339
v 18.999783 0.571382 125.573639
v 18.946224 0.879881 125.458817
v 18.820126 1.185786 125.500618
v 18.655277 1.407129 125.687859
v 18.495850 1.484603 125.970360
v 18.384560 1.397447 126.272423
v 18.351231 1.169015 126.513123
v 19.517515 1.235195 127.184723
v 19.640644 0.915439 127.137779
v 19.806305 0.684152 126.941132
v 19.970104 0.603307 126.647469
v 20.088158 0.694566 126.335464
v 20.128830 0.933476 126.088737
v 20.081223 1.256022 125.973389
v 19.958094 1.575777 126.020325
v 19.792433 1.807064 126.216972
v 19.628632 1.887910 126.510643
v 19.510580 1.796651 126.822639
v 19.469910 1.557741 127.069374
v 20.571815 1.552081 127.701157
v 20.687355 1.217388 127.647072
v 20.846447 0.974173 127.437721
v 21.006462 0.887605 127.129181
v 21.124523 0.980881 126.804138
v 21.168995 1.229007 126.549675
v 21.127964 1.565498 126.433990
v 21.012424 1.900191 126.488068
v 20.853333 2.143406 126.697418
v 20.693317 2.229973 127.005959
v 20.575256 2.136698 127.331001
v 20.530785 1.888572 127.585464
v 21.555286 1.800051 128.138702
v 21.654671 1.448914 128.074600
v 21.794157 1.191198 127.847855
v 21.936369 1.095957 127.519241
v 22.043201 1.188712 127.176796
v 22.086027 1.444608 126.912285
v 22.053371 1.795079 126.796577
v 21.953985 2.146216 126.860680
v 21.814499 2.403932 127.087418
v 21.672287 2.499173 127.416031
v 21.565454 2.406419 127.758476
v 21.522629 2.150522 128.022995
v 22.471399 1.967487 128.457901
v 22.536623 1.598260 128.380463
v 22.629530 1.323217 128.130859
v 22.725227 1.216056 127.775993
v 22.798075 1.305490 127.410919
v 22.828550 1.567555 127.133484
v 22.808489 1.932032 127.018013
v 22.743265 2.301259 127.095451
v 22.650358 2.576302 127.345047
v 22.554661 2.683463 127.699928
v 22.481813 2.594029 128.064987
v 22.451338 2.331964 128.342438
v 23.333994 2.032460 128.600143
v 23.333994 1.647092 128.512558
v 23.333994 1.357142 128.244034
v 23.333994 1.240301 127.866501
v 23.333994 1.327878 127.481133
v 23.333994 1.596406 127.191185
v 23.333994 1.973933 127.074348
v 23.333994 2.359302 127.161919
v 23.333994 2.649252 127.430450
v 23.333994 2.766092 127.807976
v 23.333994 2.678515 128.193344
v 23.333994 2.409987 128.483292
v -5.173976 3.733920 127.540016
v -4.976378 4.013365 127.737610
v -4.706456 4.115649 128.007538
v -4.436534 4.013365 128.277451
v -4.238936 3.733921 128.475052
v -4.166611 3.352193 128.547379
v -4.238936 2.970464 128.475052
v -4.436533 2.691020 128.277451
v -4.706455 2.588735 128.007538
v -4.976378 2.691019 127.737610
v -5.173976 2.970463 127.540016
v -5.246302 3.352191 127.467690
v -5.196853 3.734559 127.563629
v -4.911454 4.007713 127.574265
v -4.528822 4.101922 127.604187
v -4.151481 3.991942 127.645378
v -3.880540 3.707243 127.686798
v -3.788597 3.324109 127.717354
v -3.900289 2.945202 127.728851
v -4.185686 2.672048 127.718216
v -4.568319 2.577838 127.688293
v -4.945661 2.687818 127.647102
v -5.216601 2.972517 127.605682
v -5.308544 3.355650 127.575127
v -5.262296 3.719510 127.390465
v -4.997312 3.982015 127.259880
v -4.640682 4.062660 127.109917
v -4.287967 3.939835 126.980743
v -4.033675 3.646451 126.906990
v -3.945945 3.261121 126.908401
v -4.048282 2.887092 126.984619
v -4.313267 2.624587 127.115204
v -4.669895 2.543941 127.265167
v -5.022612 2.666766 127.394333
v -5.276903 2.960150 127.468094
v -5.364634 3.345481 127.466675
v -5.519439 3.671659 126.963806
v -5.286131 3.927716 126.773590
v -4.969090 4.000302 126.549103
v -4.653268 3.869967 126.350487
v -4.423287 3.571634 126.230972
v -4.340774 3.185242 126.222565
v -4.427835 2.814323 126.327530
v -4.661142 2.558265 126.517746
v -4.978183 2.485679 126.742233
v -5.294005 2.616014 126.940849
v -5.523985 2.914346 127.060364
v -5.606500 3.300739 127.068771
v -5.964451 3.593913 126.395599
v -5.749724 3.846625 126.180641
v -5.454860 3.915217 125.926613
v -5.158864 3.781312 125.701591
v -4.941049 3.480789 125.565872
v -4.859778 3.094173 125.555809
v -4.936829 2.725056 125.674110
v -5.151553 2.472345 125.889069
v -5.446419 2.403752 126.143097
v -5.742415 2.537656 126.368118
v -5.960230 2.838180 126.503838
v -6.041500 3.224797 126.513901
v -6.536941 3.489639 125.741974
v -6.331200 3.740684 125.516525
v -6.045642 3.807549 125.251640
v -5.756783 3.672320 125.018295
v -5.542024 3.371230 124.879005
v -5.458907 2.984956 124.871094
v -5.529705 2.617000 124.996696
v -5.735447 2.365955 125.222137
v -6.021005 2.299089 125.487022
v -6.309863 2.434319 125.720375
v -6.524622 2.735409 125.859665
v -6.607739 3.121683 125.867569
v -7.178171 3.360150 125.029381
v -6.974799 3.610708 124.801262
v -6.689411 3.677539 124.536179
v -6.398478 3.542736 124.305176
v -6.179954 3.242419 124.170135
v -6.092392 2.857058 124.167252
v -6.159255 2.489910 124.297295
v -6.362627 2.239352 124.525414
v -6.648014 2.172521 124.790489
v -6.938949 2.307324 125.021492
v -7.157474 2.607641 125.156532
v -7.245034 2.993002 125.159416
v -7.833290 3.205457 124.273705
v -7.626935 3.456733 124.049080
v -7.334005 3.525380 123.792847
v -7.032992 3.393004 123.573647
v -6.804551 3.095076 123.450233
v -6.709894 2.711424 123.455666
v -6.774382 2.344848 123.588486
v -6.980736 2.093572 123.813110
v -7.273666 2.024925 124.069351
v -7.574679 2.157300 124.288544
v -7.803121 2.455229 124.411957
v -7.897778 2.838881 124.406532
v -8.449692 3.024098 123.484344
v -8.235264 3.277813 123.270271
v -7.927176 3.351040 123.033844
v -7.607977 3.224158 122.838409
v -7.363200 2.931165 122.736343
v -7.258430 2.550568 122.754990
v -7.321741 2.184348 122.889351
v -7.536169 1.930633 123.103432
v -7.844257 1.857406 123.339859
v -8.163455 1.984287 123.535286
v -8.408233 2.277281 123.637352
v -8.513002 2.657878 123.618706
v -8.974545 2.811968 122.662865
v -8.747081 3.071165 122.469849
v -8.416267 3.153947 122.270126
v -8.070748 3.038133 122.117210
v -7.803102 2.754756 122.052086
v -7.685048 2.379745 122.092194
v -7.748216 2.013586 122.226784
v -7.975680 1.754389 122.419800
v -8.306492 1.671606 122.619522
v -8.652012 1.787420 122.772430
v -8.919658 2.070797 122.837563
v -9.037713 2.445808 122.797455
v -9.346802 2.560222 121.800400
v -9.103735 2.830696 121.645676
v -8.746553 2.932537 121.510658
v -8.370964 2.838457 121.431541
v -8.077605 2.573664 121.429512
v -7.945083 2.209110 121.505119
v -8.008905 1.842477 121.638107
v -8.251972 1.572003 121.792831
v -8.609154 1.470162 121.927849
v -8.984743 1.564242 122.006966
v -9.278102 1.829034 122.008995
v -9.410625 2.193588 121.933388
v -9.476923 2.257140 120.890221
v -9.226436 2.548372 120.797379
v -8.856905 2.684758 120.765373
v -8.467348 2.629753 120.802757
v -8.162145 2.398096 120.899529
v -8.023074 2.051859 121.029747
v -8.087400 1.683816 121.158531
v -8.337888 1.392584 121.251366
v -8.707417 1.256198 121.283379
v -9.096975 1.311202 121.245995
v -9.402179 1.542859 121.149223
v -9.541249 1.889096 121.018997
v -9.250181 1.916732 119.988441
v -9.023105 2.240157 119.985062
v -8.688374 2.424393 120.086006
v -8.335677 2.420074 120.264229
v -8.059521 2.228357 120.471985
v -7.933899 1.900613 120.653587
v -7.992473 1.524660 120.760391
v -8.219548 1.201235 120.763779
v -8.554279 1.016999 120.662827
v -8.906976 1.021318 120.484604
v -9.183133 1.213035 120.276848
v -9.308754 1.540779 120.095245
v -8.895020 1.760874 119.393311
v -8.714723 2.155145 119.487740
v -8.435556 2.402320 119.728241
v -8.132320 2.436169 120.050385
v -7.886267 2.247623 120.367844
v -7.763328 1.887201 120.595558
v -7.796442 1.451479 120.672516
v -7.976738 1.057208 120.578087
v -8.255906 0.810033 120.337585
v -8.559142 0.776183 120.015442
v -8.805195 0.964730 119.697983
v -8.928134 1.325151 119.470268
v -8.360392 1.710500 118.912971
v -8.246972 2.159244 119.080421
v -8.041737 2.447156 119.422852
v -7.799676 2.497090 119.848511
v -7.585653 2.295668 120.243347
v -7.457013 1.896858 120.501556
v -7.448225 1.407523 120.553970
v -7.561646 0.958779 120.386520
v -7.766880 0.670867 120.044098
v -8.008941 0.620932 119.618431
v -8.222963 0.822355 119.223602
v -8.351604 1.221164 118.965378
v -7.721121 1.735180 118.515282
v -7.658830 2.227860 118.729210
v -7.507927 2.543801 119.141266
v -7.308849 2.598347 119.641037
v -7.114938 2.376882 120.094612
v -6.978151 1.938748 120.380455
v -6.935143 1.401342 120.421974
v -6.997434 0.908662 120.208046
v -7.148336 0.592720 119.795998
v -7.347414 0.538174 119.296227
v -7.541326 0.759639 118.842651
v -7.678112 1.197773 118.556801
v -7.006858 1.810072 118.166901
v -6.980770 2.343835 118.415115
v -6.865591 2.684447 118.881920
v -6.692182 2.740641 119.442245
v -6.507009 2.497359 119.945946
v -6.359687 2.019790 120.258057
v -6.289693 1.435897 120.294960
v -6.315780 0.902134 120.046745
v -6.430960 0.561521 119.579941
v -6.604368 0.505327 119.019615
v -6.789542 0.748609 118.515915
v -6.936864 1.226178 118.203796
v -6.242269 1.919525 117.848923
v -6.241255 2.494098 118.125648
v -6.147680 2.859172 118.640114
v -5.986617 2.916927 119.254471
v -5.801224 2.651888 119.804100
v -5.641174 2.135072 120.141739
v -5.549356 1.504958 120.176903
v -5.550368 0.930386 119.900177
v -5.643944 0.565311 119.385712
v -5.805005 0.507555 118.771355
v -5.990400 0.772594 118.221725
v -6.150449 1.289411 117.884094
v -5.455563 2.050807 117.549553
v -5.470520 2.666841 117.851570
v -5.386683 3.057329 118.409630
v -5.226517 3.117640 119.074188
v -5.032936 2.831614 119.667191
v -4.857811 2.275892 120.029739
v -4.748067 1.599378 120.064690
v -4.733109 0.983345 119.762672
v -4.816945 0.592857 119.204613
v -4.977112 0.532545 118.540047
v -5.170692 0.818570 117.947044
v -5.345817 1.374293 117.584503
v -4.678779 2.191856 117.260315
v -4.700792 2.850510 117.585205
v -4.614705 3.268034 118.183647
v -4.443585 3.332552 118.895279
v -4.233284 3.026776 119.529427
v -4.040151 2.432639 119.916168
v -3.915936 1.709339 119.951874
v -3.893922 1.050684 119.626976
v -3.980008 0.633160 119.028534
v -4.151129 0.568642 118.316902
v -4.361430 0.874418 117.682755
v -4.554564 1.468555 117.296021
v -3.948204 2.330496 116.975189
v -3.966683 3.033436 117.320213
v -3.863736 3.480318 117.955200
v -3.666947 3.551400 118.709999
v -3.429046 3.227638 119.382370
v -3.213777 2.595781 119.792152
v -3.078822 1.825135 119.829544
v -3.060343 1.122195 119.484528
v -3.163290 0.675313 118.849541
v -3.360079 0.604230 118.094742
v -3.597980 0.927992 117.422363
v -3.813249 1.559849 117.012581
v -3.306523 2.454040 116.691986
v -3.306597 3.203619 117.052513
v -3.165933 3.683156 117.717422
v -2.922221 3.764159 118.508553
v -2.640765 3.424923 119.213928
v -2.396980 2.756347 119.644531
v -2.256188 1.937574 119.684998
v -2.256114 1.187994 119.324471
v -2.396779 0.708457 118.659561
v -2.640491 0.627454 117.868431
v -2.921947 0.966689 117.163055
v -3.165731 1.635266 116.732445
v -2.808334 2.549196 116.417793
v -2.766138 3.348706 116.783714
v -2.554012 3.865510 117.464020
v -2.228799 3.961131 118.276421
v -1.877637 3.609946 119.003235
v -1.594620 2.906056 119.449707
v -1.455583 2.038067 119.496208
v -1.497779 1.238557 119.130287
v -1.709904 0.721752 118.449982
v -2.035118 0.626131 117.637581
v -2.386280 0.977316 116.910774
v -2.669297 1.681206 116.464294
v -2.530665 2.604084 116.188087
v -2.404511 3.457240 116.532860
v -2.061823 4.016485 117.190475
v -1.594424 4.131969 117.984741
v -1.127553 3.772749 118.702827
v -0.786307 3.035079 119.152321
v -0.662124 2.116614 119.212791
v -0.788277 1.263458 118.868019
v -1.130965 0.704212 118.210403
v -1.598364 0.588727 117.416138
v -2.065236 0.947947 116.698051
v -2.406482 1.685618 116.248550
v -2.258388 2.640177 115.864937
v -2.006223 3.540136 116.150604
v -1.539569 4.130583 116.774078
v -0.983466 4.253309 117.568314
v -0.486921 3.875427 118.320480
v -0.182982 3.098192 118.829056
v -0.153091 2.129864 118.957748
v -0.405255 1.229903 118.672089
v -0.871909 0.639456 118.048615
v -1.428012 0.516730 117.254379
v -1.924558 0.894611 116.502205
v -2.228496 1.671846 115.993637
v -1.514622 2.506724 115.513275
v -1.187505 3.347567 115.733803
v -0.752262 3.910070 116.331139
v -0.325514 4.043510 117.145226
v -0.021609 3.712132 117.957924
v 0.078022 3.004730 118.551483
v -0.053317 2.110850 118.766853
v -0.380433 1.270007 118.546326
v -0.815677 0.707503 117.948990
v -1.242424 0.574063 117.134903
v -1.546329 0.905440 116.322197
v -1.645960 1.612843 115.728645
v -0.562525 2.192852 115.283493
v -0.217866 2.978745 115.479660
v 0.141988 3.528649 116.065331
v 0.420615 3.695219 116.883575
v 0.543358 3.433822 117.715141
v 0.477327 2.814500 118.337212
v 0.240215 2.003198 118.583115
v -0.104444 1.217305 118.386948
v -0.464298 0.667399 117.801277
v -0.742925 0.500829 116.983032
v -0.865668 0.762226 116.151466
v -0.799637 1.381549 115.529396
v 0.378224 1.815498 115.190376
v 0.719945 2.551690 115.372299
v 1.035554 3.081013 115.930916
v 1.240484 3.261633 116.716560
v 1.279824 3.045155 117.518707
v 1.143033 2.489583 118.122421
v 0.866764 1.743782 118.365952
v 0.525043 1.007588 118.184029
v 0.209434 0.478265 117.625404
v 0.004504 0.297644 116.839767
v -0.034836 0.514123 116.037621
v 0.101955 1.069695 115.433899
v 3.430125 0.434897 115.171997
v 3.723393 1.037232 115.320732
v 3.966547 1.481630 115.783676
v 4.094434 1.649015 116.436798
v 4.072787 1.494536 117.105080
v 3.907406 1.059586 117.609467
v 3.642604 0.460709 117.814804
v 3.349336 -0.141626 117.666069
v 3.106182 -0.586025 117.203117
v 2.978295 -0.753410 116.550003
v 2.999942 -0.598931 115.881714
v 3.165323 -0.163981 115.377335
v 4.454435 -0.040235 115.188339
v 4.726010 0.519972 115.326630
v 4.953441 0.932274 115.756737
v 5.075789 1.086195 116.363411
v 5.060272 0.940492 116.984085
v 4.911047 0.534206 117.452461
v 4.668097 -0.023799 117.643036
v 4.396523 -0.584006 117.504738
v 4.169092 -0.996309 117.074631
v 4.046743 -1.150230 116.467957
v 4.062261 -1.004527 115.847275
v 4.211486 -0.598241 115.378906
v 5.422653 -0.481273 115.193466
v 5.670645 0.037660 115.321526
v 5.885226 0.416566 115.718483
v 6.008902 0.553916 116.277977
v 6.008533 0.412908 116.850082
v 5.884217 0.031325 117.281517
v 5.669266 -0.488589 117.456665
v 5.421274 -1.007523 117.328606
v 5.206693 -1.386429 116.931641
v 5.083017 -1.523779 116.372154
v 5.083386 -1.382771 115.800041
v 5.207702 -1.001188 115.368614
v 6.291440 -0.860723 115.176445
v 6.513587 -0.382138 115.294708
v 6.718758 -0.038035 115.657860
v 6.851979 0.079383 116.168587
v 6.877553 -0.061346 116.690048
v 6.788628 -0.422513 117.082512
v 6.609030 -0.907344 117.240829
v 6.386884 -1.385929 117.122566
v 6.181712 -1.730032 116.759415
v 6.048491 -1.847451 116.248688
v 6.022917 -1.706722 115.727226
v 6.111842 -1.345555 115.334763
v 7.009458 -1.149396 115.130997
v 7.202174 -0.709963 115.240692
v 7.403387 -0.402482 115.568169
v 7.559182 -0.309345 116.025688
v 7.627814 -0.455505 116.490662
v 7.590893 -0.801800 116.838493
v 7.458311 -1.255441 116.975990
v 7.265595 -1.694875 116.866302
v 7.064382 -2.002355 116.538826
v 6.908587 -2.095494 116.081306
v 6.839955 -1.949333 115.616333
v 6.876876 -1.603038 115.268494
v 7.507650 -1.318622 115.069588
v 7.663921 -0.916934 115.174934
v 7.871846 -0.648215 115.460297
v 8.075712 -0.584468 115.849197
v 8.220895 -0.742774 116.237442
v 8.268491 -1.080715 116.520996
v 8.205748 -1.507740 116.623886
v 8.049477 -1.909428 116.518532
v 7.841552 -2.178147 116.233177
v 7.637685 -2.241894 115.844269
v 7.492503 -2.083588 115.456024
v 7.444907 -1.745647 115.172470
v 7.744958 -1.372799 115.041939
v 7.857664 -1.011174 115.154648
v 8.083124 -0.777693 115.380112
v 8.360928 -0.734917 115.657913
v 8.616634 -0.894308 115.913620
v 8.781731 -1.213157 116.078712
v 8.811978 -1.606029 116.108963
v 8.699272 -1.967654 115.996254
v 8.473811 -2.201136 115.770798
v 8.196009 -2.243912 115.492996
v 7.940301 -2.084521 115.237282
v 7.775205 -1.765672 115.072189
v 8.316200 -1.397377 133.750870
v 8.656479 -1.201573 134.065842
v 8.826542 -1.129904 134.534119
v 8.780823 -1.201573 135.030212
v 8.531570 -1.397377 135.421204
v 8.145574 -1.664850 135.602325
v 7.726259 -1.932323 135.525040
v 7.385981 -2.128128 135.210068
v 7.215917 -2.199797 134.741791
v 7.261636 -2.128128 134.245697
v 7.510887 -1.932324 133.854706
v 7.896885 -1.664851 133.673584
v 9.259746 -2.417984 134.132828
v 9.398336 -1.998065 134.373245
v 9.346138 -1.679417 134.759354
v 9.117136 -1.547421 135.187698
v 8.772691 -1.637446 135.543488
v 8.405098 -1.925370 135.731415
v 8.112852 -2.334043 135.701111
v 7.974260 -2.753962 135.460693
v 8.026459 -3.072610 135.074585
v 8.255461 -3.204606 134.646240
v 8.599906 -3.114581 134.290451
v 8.967499 -2.826658 134.102524
v 10.236444 -2.886265 135.227798
v 10.243080 -2.393754 135.331375
v 10.045464 -1.995107 135.566681
v 9.696547 -1.797142 135.870667
v 9.289820 -1.852904 136.161865
v 8.934267 -2.147451 136.362274
v 8.725159 -2.601860 136.418182
v 8.718523 -3.094373 136.314621
v 8.916140 -3.493019 136.079315
v 9.265057 -3.690984 135.775330
v 9.671782 -3.635222 135.484116
v 10.027335 -3.340675 135.283707
v 11.203501 -2.984548 136.746521
v 11.157087 -2.483915 136.770035
v 10.901011 -2.076319 136.917114
v 10.503887 -1.870975 137.148331
v 10.072123 -1.922904 137.401764
v 9.721411 -2.218193 137.609482
v 9.545723 -2.677718 137.715820
v 9.592136 -3.178351 137.692322
v 9.848212 -3.585947 137.545242
v 10.245337 -3.791291 137.314011
v 10.677101 -3.739362 137.060593
v 11.027813 -3.444074 136.852875
v 12.198072 -2.849428 138.589401
v 12.128788 -2.351218 138.571350
v 11.847506 -1.946291 138.672607
v 11.429596 -1.743148 138.866074
v 10.987037 -1.796221 139.099869
v 10.638412 -2.091288 139.311386
v 10.477135 -2.549287 139.443924
v 10.546419 -3.047498 139.461975
v 10.827702 -3.452425 139.360703
v 11.245611 -3.655568 139.167252
v 11.688169 -3.602495 138.933441
v 12.036796 -3.307428 138.721939
v 13.215429 -2.556826 140.658127
v 13.135056 -2.061598 140.617767
v 12.841554 -1.659957 140.694458
v 12.413568 -1.459524 140.867645
v 11.965775 -1.514004 141.090927
v 11.618161 -1.808799 141.304474
v 11.463871 -2.264919 141.451050
v 11.544244 -2.760148 141.491409
v 11.837746 -3.161789 141.414719
v 12.265732 -3.362222 141.241531
v 12.713525 -3.307743 141.018250
v 13.061138 -3.012948 140.804718
v 14.233579 -2.171146 142.838898
v 14.148009 -1.677814 142.787491
v 13.848783 -1.278265 142.852005
v 13.416074 -1.079555 143.015167
v 12.965829 -1.134931 143.233231
v 12.618690 -1.429553 143.447784
v 12.467672 -1.884478 143.601318
v 12.553242 -2.377810 143.652725
v 12.852468 -2.777359 143.588211
v 13.285176 -2.976069 143.425049
v 13.735421 -2.920693 143.206985
v 14.082561 -2.626071 142.992432
v 15.224999 -1.754975 145.010712
v 15.138241 -1.262128 144.956726
v 14.837703 -0.863112 145.018402
v 14.403913 -0.664843 145.179199
v 13.953106 -0.720447 145.396042
v 13.606075 -1.015025 145.610825
v 13.455808 -1.469645 145.766006
v 13.542566 -1.962492 145.819992
v 13.843104 -2.361508 145.758331
v 14.276895 -2.559777 145.597534
v 14.727700 -2.504173 145.380676
v 15.074732 -2.209595 145.165894
v 16.159462 -1.370746 147.048218
v 16.075596 -0.876755 147.000473
v 15.778243 -0.476478 147.069031
v 15.347083 -0.277168 147.235519
v 14.897642 -0.332232 147.455307
v 14.550346 -0.626914 147.669525
v 14.398256 -1.082255 147.820770
v 14.482122 -1.576247 147.868500
v 14.779473 -1.976525 147.799942
v 15.210634 -2.175834 147.633469
v 15.660075 -2.120771 147.413666
v 16.007370 -1.826088 147.199448
v 17.003284 -1.080954 148.820084
v 16.928967 -0.583929 148.792114
v 16.642136 -0.180309 148.882431
v 16.219650 0.021757 149.066864
v 15.774715 -0.031876 149.295990
v 15.426549 -0.326835 149.508408
v 15.268443 -0.784087 149.647202
v 15.342762 -1.281111 149.675171
v 15.629593 -1.684732 149.584839
v 16.052078 -1.886797 149.400421
v 16.497013 -1.833166 149.171295
v 16.845179 -1.538207 148.958878
v 17.711212 -0.945901 150.178070
v 17.664053 -0.445280 150.200302
v 17.407154 -0.037697 150.345963
v 17.009350 0.167637 150.576035
v 16.577232 0.115702 150.828857
v 16.226589 -0.179585 151.036682
v 16.051373 -0.639103 151.143845
v 16.098534 -1.139724 151.121613
v 16.355431 -1.547307 150.975937
v 16.753235 -1.752641 150.745880
v 17.185352 -1.700707 150.493057
v 17.535995 -1.405420 150.285233
v 18.167694 -0.981024 150.908356
v 18.227180 -0.510065 151.075684
v 18.087805 -0.135170 151.381256
v 17.786915 0.043208 151.743164
v 17.405132 -0.022727 152.064468
v 17.044756 -0.315307 152.259064
v 16.802349 -0.756137 152.274811
v 16.742863 -1.227096 152.107468
v 16.882236 -1.601991 151.801910
v 17.183126 -1.780370 151.439987
v 17.564911 -1.714435 151.118683
v 17.925285 -1.421855 150.924103
v 18.211889 -0.955423 151.013565
v 18.552166 -0.759620 151.328552
v 18.722229 -0.687951 151.796814
v 18.676510 -0.759620 152.292923
v 18.427258 -0.955424 152.683914
v 18.041260 -1.222898 152.865021
v 17.621944 -1.490371 152.787750
v 17.281668 -1.686175 152.472763
v 17.111605 -1.757844 152.004486
v 17.157326 -1.686175 151.508392
v 17.406576 -1.490370 151.117401
v 17.792574 -1.222897 150.936279
v 10.409064 -2.258528 124.103607
v 10.416616 -2.098377 124.291687
v 10.490770 -2.039758 124.520042
v 10.611656 -2.098377 124.727478
v 10.746881 -2.258528 124.858414
v 10.860215 -2.477298 124.877769
v 10.921288 -2.696067 124.780357
v 10.913734 -2.856218 124.592278
v 10.839581 -2.914837 124.363930
v 10.718696 -2.856219 124.156494
v 10.583469 -2.696068 124.025551
v 10.470137 -2.477298 124.006195
v 11.388821 -1.893022 123.547241
v 11.443172 -1.714728 123.709526
v 11.557188 -1.640655 123.915909
v 11.700318 -1.690650 124.111084
v 11.834211 -1.851318 124.242760
v 11.922991 -2.079606 124.275650
v 11.942867 -2.314347 124.200943
v 11.888515 -2.492640 124.038658
v 11.774500 -2.566714 123.832275
v 11.631370 -2.516719 123.637100
v 11.497477 -2.356051 123.505424
v 11.408697 -2.127763 123.472534
v 12.461380 -1.667096 122.739319
v 12.546648 -1.481803 122.878868
v 12.687000 -1.401767 123.065887
v 12.844826 -1.448436 123.250259
v 12.977839 -1.609302 123.382576
v 13.050396 -1.841264 123.427391
v 13.043057 -2.082166 123.372696
v 12.957788 -2.267459 123.233147
v 12.817436 -2.347494 123.046127
v 12.659610 -2.300827 122.861763
v 12.526598 -2.139960 122.729439
v 12.454040 -1.907999 122.684624
v 13.601641 -1.557605 121.731201
v 13.705625 -1.370312 121.854439
v 13.861916 -1.288573 122.027557
v 14.028638 -1.334290 122.204178
v 14.161117 -1.495214 122.336960
v 14.223856 -1.728224 122.390335
v 14.200044 -1.970887 122.349998
v 14.096061 -2.158181 122.226761
v 13.939769 -2.239920 122.053642
v 13.773046 -2.194203 121.877029
v 13.640568 -2.033280 121.744240
v 13.577828 -1.800269 121.690865
v 14.783945 -1.540114 120.576279
v 14.899379 -1.352562 120.688438
v 15.065424 -1.270603 120.852112
v 15.237589 -1.316198 121.023460
v 15.369741 -1.477129 121.156563
v 15.426473 -1.710275 121.215752
v 15.392580 -1.953165 121.185181
v 15.277146 -2.140716 121.073021
v 15.111101 -2.222676 120.909348
v 14.938936 -2.177081 120.737999
v 14.806784 -2.016150 120.604897
v 14.750052 -1.783004 120.545700
v 15.983650 -1.589286 119.327972
v 16.105923 -1.401974 119.433052
v 16.277796 -1.320219 119.590714
v 16.453211 -1.365928 119.758698
v 16.585171 -1.526852 119.891998
v 16.638313 -1.759872 119.954903
v 16.598400 -2.002551 119.930550
v 16.476124 -2.189863 119.825462
v 16.304253 -2.271618 119.667809
v 16.128838 -2.225909 119.499825
v 15.996879 -2.064985 119.366516
v 15.943736 -1.831965 119.303619
v 17.176723 -1.679449 118.039459
v 17.302523 -1.492385 118.140755
v 17.477398 -1.410842 118.295181
v 17.654490 -1.456669 118.461372
v 17.786346 -1.617586 118.594780
v 17.837639 -1.850476 118.659668
v 17.794621 -2.092936 118.638649
v 17.668823 -2.280000 118.537354
v 17.493948 -2.361543 118.382927
v 17.316856 -2.315717 118.216736
v 17.184998 -2.154799 118.083328
v 17.133705 -1.921909 118.018440
v 18.339500 -1.784800 116.763718
v 18.465979 -1.597795 116.864273
v 18.641430 -1.516301 117.018066
v 18.818844 -1.562156 117.183907
v 18.950684 -1.723071 117.317337
v 19.001619 -1.955931 117.382614
v 18.958006 -2.198340 117.362244
v 18.831528 -2.385345 117.261688
v 18.656076 -2.466839 117.107887
v 18.478662 -2.420985 116.942055
v 18.346825 -2.260070 116.808624
v 18.295887 -2.027210 116.743347
v 19.448633 -1.879476 115.553467
v 19.572704 -1.692280 115.656631
v 19.746109 -1.610623 115.812653
v 19.922379 -1.656387 115.979721
v 20.054287 -1.817308 116.113083
v 20.106483 -2.050267 116.176987
v 20.064987 -2.292845 116.154327
v 19.940916 -2.480041 116.051163
v 19.767513 -2.561697 115.895142
v 19.591242 -2.515934 115.728065
v 19.459335 -2.355013 115.594711
v 19.407137 -2.122053 115.530800
v 20.481213 -1.937530 114.461090
v 20.598572 -1.750014 114.571289
v 20.766258 -1.668086 114.733307
v 20.939341 -1.713698 114.903725
v 21.071438 -1.874628 115.036880
v 21.127157 -2.107755 115.097099
v 21.091570 -2.350613 115.068237
v 20.974209 -2.538128 114.958046
v 20.806522 -2.620057 114.796028
v 20.633442 -2.574445 114.625610
v 20.501343 -2.413515 114.492455
v 20.445625 -2.180388 114.432236
v 21.415297 -1.932744 113.538330
v 21.518250 -1.745512 113.662521
v 21.673664 -1.663825 113.836456
v 21.839895 -1.709571 114.013527
v 21.972404 -1.870493 114.146286
v 22.035685 -2.103472 114.199158
v 22.012779 -2.346081 114.157990
v 21.909826 -2.533313 114.033791
v 21.754414 -2.615000 113.859856
v 21.588181 -2.569254 113.682785
v 21.455673 -2.408332 113.550034
v 21.392391 -2.175354 113.497154
v 22.231716 -1.837579 112.835670
v 22.302986 -1.654922 112.986122
v 22.431414 -1.577133 113.182426
v 22.582586 -1.625054 113.371979
v 22.715998 -1.785845 113.503990
v 22.795900 -2.016423 113.543083
v 22.800884 -2.255005 113.478790
v 22.729612 -2.437662 113.328339
v 22.601185 -2.515451 113.132042
v 22.450012 -2.467530 112.942490
v 22.316601 -2.306739 112.810478
v 22.236700 -2.076161 112.771378
v 22.913607 -1.620049 112.406372
v 22.921160 -1.459899 112.594452
v 22.995312 -1.401279 112.822807
v 23.116198 -1.459899 113.030243
v 23.251423 -1.620049 113.161179
v 23.364758 -1.838819 113.180542
v 23.425831 -2.057588 113.083130
v 23.418278 -2.217739 112.895050
v 23.344124 -2.276358 112.666695
v 23.223238 -2.217739 112.459259
v 23.088013 -2.057589 112.328323
v 22.974678 -1.838819 112.308960
v 8.316200 -1.397377 133.750870
v 8.656479 -1.201573 134.065842
v 8.826542 -1.129904 134.534119
v 8.780823 -1.201573 135.030212
v 8.531570 -1.397377 135.421204
v 8.145574 -1.664850 135.602325
v 7.726259 -1.932323 135.525040
v 7.385981 -2.128127 135.210068
v 7.215917 -2.199797 134.741791
v 7.261636 -2.128128 134.245697
v 7.510887 -1.932324 133.854706
v 7.896885 -1.664851 133.673584
v 8.697487 -2.407121 133.688568
v 9.096448 -2.415504 133.995331
v 9.288591 -2.420663 134.460510
v 9.222433 -2.421214 134.959473
v 8.915700 -2.417011 135.358521
v 8.450581 -2.409180 135.550720
v 7.951704 -2.399819 135.484573
v 7.552743 -2.391436 135.177826
v 7.360600 -2.386277 134.712646
v 7.426757 -2.385726 134.213684
v 7.733490 -2.389929 133.814636
v 8.198610 -2.397760 133.622437
v 8.311369 -3.260468 133.755356
v 8.604229 -3.504168 134.084274
v 8.768341 -3.571493 134.555313
v 8.759735 -3.444403 135.042252
v 8.580715 -3.156952 135.414627
v 8.279250 -2.786163 135.572662
v 7.936117 -2.431387 135.473999
v 7.643258 -2.187687 135.145081
v 7.479145 -2.120362 134.674057
v 7.487751 -2.247452 134.187103
v 7.666770 -2.534902 133.814728
v 7.968235 -2.905692 133.656708
v 7.379921 -3.618131 133.996902
v 7.541805 -3.925629 134.361023
v 7.698698 -3.996471 134.834000
v 7.808560 -3.811675 135.289108
v 7.841955 -3.420756 135.604385
v 7.789934 -2.928462 135.695389
v 7.666435 -2.466701 135.537689
v 7.504551 -2.159202 135.173584
v 7.347658 -2.088360 134.700607
v 7.237795 -2.273156 134.245499
v 7.204401 -2.664075 133.930206
v 7.256422 -3.156370 133.839218
v 6.292113 -3.628562 134.389236
v 6.430603 -3.937244 134.761902
v 6.621826 -4.006349 135.222336
v 6.814544 -3.817359 135.647171
v 6.957119 -3.420915 135.922562
v 7.011347 -2.923243 135.974731
v 6.962699 -2.457694 135.789703
v 6.824209 -2.149012 135.417038
v 6.632986 -2.079907 134.956604
v 6.440268 -2.268897 134.531784
v 6.297693 -2.665341 134.256378
v 6.243464 -3.163013 134.204208
v 5.075432 -3.468831 134.991211
v 5.234421 -3.779853 135.353607
v 5.475539 -3.854652 135.789047
v 5.734179 -3.673186 136.180847
v 5.941040 -3.284079 136.424057
v 6.040691 -2.791591 136.453476
v 6.006433 -2.327685 136.261230
v 5.847444 -2.016663 135.898834
v 5.606326 -1.941864 135.463394
v 5.347685 -2.123329 135.071579
v 5.140825 -2.512436 134.828384
v 5.041173 -3.004924 134.798965
v 3.793219 -3.207261 135.863022
v 3.991996 -3.526023 136.197998
v 4.291594 -3.612199 136.593170
v 4.611735 -3.442697 136.942627
v 4.866638 -3.062936 137.152740
v 4.988002 -2.574672 137.167206
v 4.943308 -2.108736 136.982147
v 4.744531 -1.789973 136.647156
v 4.444933 -1.703798 136.251984
v 4.124792 -1.873299 135.902542
v 3.869889 -2.253060 135.692429
v 3.748524 -2.741323 135.677963
v 2.540936 -2.898303 137.058640
v 2.788350 -3.228738 137.346634
v 3.149791 -3.329756 137.682037
v 3.528412 -3.174290 137.974976
v 3.822760 -2.803996 138.146973
v 3.953966 -2.318094 138.151932
v 3.886873 -1.846782 137.988525
v 3.639459 -1.516347 137.700531
v 3.278018 -1.415328 137.365128
v 2.899398 -1.570794 137.072174
v 2.605049 -1.941088 136.900192
v 2.473843 -2.426990 136.895233
v 1.427215 -2.596020 138.626007
v 1.722421 -2.939147 138.846130
v 2.140868 -3.055305 139.100586
v 2.570433 -2.913367 139.321198
v 2.896015 -2.551368 139.448837
v 3.030374 -2.066304 139.449326
v 2.937509 -1.588147 139.322510
v 2.642303 -1.245020 139.102371
v 2.223856 -1.128863 138.847916
v 1.794291 -1.270800 138.627304
v 1.468709 -1.632799 138.499664
v 1.334349 -2.117863 138.499191
v 0.565370 -2.354980 140.603821
v 0.897320 -2.708164 140.739502
v 1.358106 -2.835910 140.896652
v 1.824260 -2.703988 141.033173
v 2.170877 -2.347746 141.112473
v 2.305080 -1.862639 141.113297
v 2.190912 -1.378651 141.035446
v 1.858961 -1.025467 140.899765
v 1.398175 -0.897721 140.742615
v 0.932021 -1.029643 140.606094
v 0.585404 -1.385885 140.526794
v 0.451200 -1.870992 140.525955
v 0.026408 -2.265248 145.912476
v 0.379092 -2.622142 145.872711
v 0.863230 -2.754087 145.833466
v 1.349098 -2.625729 145.805237
v 1.706508 -2.271462 145.795609
v 1.839692 -1.786211 145.807144
v 1.712964 -1.299998 145.836761
v 1.360279 -0.943104 145.876526
v 0.876141 -0.811159 145.915771
v 0.390273 -0.939516 145.943985
v 0.032863 -1.293784 145.953629
v -0.100321 -1.779035 145.942093
v 0.545899 -2.513872 149.312378
v 0.887853 -2.865542 149.199524
v 1.360192 -2.991744 149.079910
v 1.836355 -2.858662 148.985580
v 2.188755 -2.501956 148.941818
v 2.322965 -2.017204 148.960342
v 2.203025 -1.534296 149.036194
v 1.861072 -1.182626 149.149048
v 1.388732 -1.056423 149.268677
v 0.912569 -1.189505 149.363007
v 0.560169 -1.546211 149.406769
v 0.425959 -2.030963 149.388229
v -1.673260 2.766747 116.943825
v -1.475663 3.046192 117.141426
v -1.205739 3.148476 117.411346
v -0.935817 3.046192 117.681267
v -0.738220 2.766748 117.878868
v -0.665894 2.385020 117.951187
v -0.738220 2.003292 117.878868
v -0.935816 1.723847 117.681267
v -1.205739 1.621563 117.411346
v -1.475662 1.723846 117.141426
v -1.673259 2.003290 116.943825
v -1.745585 2.385019 116.871498
v -0.995867 2.974509 116.758575
v -1.166022 3.147071 117.070740
v -1.260980 3.143307 117.454338
v -1.255297 2.964226 117.806587
v -1.150495 2.657811 118.033089
v -0.974658 2.306168 118.073166
v -0.774898 2.003517 117.916077
v -0.604744 1.830955 117.603912
v -0.509786 1.834719 117.220314
v -0.515469 2.013800 116.868073
v -0.620270 2.320215 116.641563
v -0.796108 2.671859 116.601486
v -0.495699 3.372471 117.201096
v -0.828321 3.431267 117.406242
v -1.084476 3.314625 117.683655
v -1.195529 3.053800 117.959000
v -1.131724 2.718678 118.158501
v -0.910156 2.399057 118.228699
v -0.590195 2.180578 118.150795
v -0.257574 2.121781 117.945648
v -0.001419 2.238423 117.668236
v 0.109635 2.499249 117.392891
v 0.045829 2.834370 117.193390
v -0.175738 3.153991 117.123184
v -0.106520 3.839540 117.918304
v -0.469095 3.864609 118.073517
v -0.754971 3.714505 118.301376
v -0.887546 3.429446 118.540840
v -0.831299 3.085814 118.727745
v -0.601300 2.775686 118.811996
v -0.259177 2.582159 118.771034
v 0.103397 2.557090 118.615829
v 0.389273 2.707195 118.387962
v 0.521849 2.992253 118.148499
v 0.465601 3.335885 117.961601
v 0.235602 3.646013 117.877342
v 0.275550 4.396332 118.855156
v -0.096011 4.408675 118.989204
v -0.390801 4.245944 119.196075
v -0.529833 3.951741 119.420334
v -0.475853 3.604898 119.601898
v -0.243325 3.298352 119.692108
v 0.105445 3.114241 119.666801
v 0.477005 3.101897 119.532753
v 0.771796 3.264628 119.325882
v 0.910829 3.558831 119.101624
v 0.856849 3.905674 118.920059
v 0.624321 4.212220 118.829849
v 0.661042 5.019447 119.945686
v 0.286068 5.026361 120.070290
v -0.012109 4.858242 120.267784
v -0.153594 4.560138 120.485260
v -0.100475 4.211926 120.664436
v 0.133013 3.906908 120.757309
v 0.484310 3.726813 120.738991
v 0.859283 3.719899 120.614388
v 1.157461 3.888017 120.416893
v 1.298946 4.186121 120.199417
v 1.245827 4.534334 120.020241
v 1.012338 4.839352 119.927368
v 1.048538 5.675504 121.112251
v 0.672635 5.680862 121.234100
v 0.373535 5.511200 121.428864
v 0.231382 5.211978 121.644356
v 0.284266 4.863373 121.822838
v 0.518017 4.558794 121.916489
v 0.870000 4.379850 121.900208
v 1.245904 4.374491 121.778358
v 1.545004 4.544154 121.583595
v 1.687157 4.843375 121.368103
v 1.634273 5.191980 121.189621
v 1.400522 5.496561 121.095970
v 1.434229 6.328541 122.273468
v 1.059255 6.335455 122.398071
v 0.761078 6.167336 122.595566
v 0.619594 5.869233 122.813034
v 0.672712 5.521020 122.992218
v 0.906201 5.216002 123.085091
v 1.257497 5.035907 123.066772
v 1.632471 5.028994 122.942169
v 1.930648 5.197112 122.744675
v 2.072133 5.495216 122.527199
v 2.019014 5.843429 122.348022
v 1.785526 6.148447 122.255150
v 1.813093 6.941113 123.345657
v 1.441533 6.953457 123.479706
v 1.146742 6.790725 123.686577
v 1.007710 6.496522 123.910835
v 1.061690 6.149680 124.092400
v 1.294218 5.843133 124.182610
v 1.642989 5.659022 124.157303
v 2.014549 5.646678 124.023254
v 2.309340 5.809410 123.816383
v 2.448372 6.103613 123.592125
v 2.394392 6.450456 123.410561
v 2.161864 6.757002 123.320351
v 2.177716 7.473195 124.241425
v 1.815141 7.498264 124.396629
v 1.529266 7.348159 124.624496
v 1.396690 7.063101 124.863960
v 1.452938 6.719469 125.050858
v 1.682937 6.409341 125.135117
v 2.025059 6.215814 125.094154
v 2.387634 6.190744 124.938942
v 2.673509 6.340849 124.711082
v 2.806085 6.625908 124.471619
v 2.749837 6.969540 124.284714
v 2.519839 7.279668 124.200455
v 2.508734 7.874776 124.861664
v 2.176113 7.933573 125.066811
v 1.919958 7.816931 125.344223
v 1.808904 7.556106 125.619568
v 1.872710 7.220984 125.819069
v 2.094278 6.901363 125.889275
v 2.414239 6.682883 125.811363
v 2.746860 6.624087 125.606216
v 3.003016 6.740729 125.328804
v 3.114069 7.001554 125.053459
v 3.050263 7.336675 124.853958
v 2.828695 7.656296 124.783752
v 2.693437 8.051837 125.096382
v 2.523283 8.224400 125.408546
v 2.428327 8.220636 125.792145
v 2.434011 8.041555 126.144386
v 2.538812 7.735141 126.370895
v 2.714650 7.383497 126.410973
v 2.914408 7.080847 126.253883
v 3.084561 6.908284 125.941711
v 3.179518 6.912047 125.558113
v 3.173834 7.091128 125.205872
v 3.069033 7.397542 124.979362
v 2.893195 7.749186 124.939285
v 2.656759 8.052062 125.133591
v 2.854356 8.331506 125.331184
v 3.124279 8.433790 125.601112
v 3.394202 8.331507 125.871033
v 3.591799 8.052063 126.068626
v 3.664124 7.670334 126.140953
v 3.591799 7.288606 126.068626
v 3.394202 7.009161 125.871033
v 3.124279 6.906878 125.601112
v 2.854357 7.009161 125.331184
v 2.656760 7.288605 125.133591
v 2.584434 7.670333 125.061264
vt 0.000000 1.000000
vt 0.016667 1.000000
vt 0.016667 0.916667
vt 0.000000 0.916667
vt 0.000000 0.083333
vt 0.016667 0.083333
vt 0.016667 0.000000
vt 0.000000 0.000000
vt 0.000000 0.166667
vt 0.016667 0.166667
vt 0.000000 0.250000
vt 0.016667 0.250000
vt 0.000000 0.333333
vt 0.016667 0.333333
vt 0.000000 0.416667
vt 0.016667 0.416667
vt 0.000000 0.500000
vt 0.016667 0.500000
vt 0.000000 0.583333
vt 0.016667 0.583333
vt 0.000000 0.666667
vt 0.016667 0.666667
vt 0.000000 0.750000
vt 0.016667 0.750000
vt 0.000000 0.833333
vt 0.016667 0.833333
vt 0.033333 1.000000
vt 0.033333 0.916667
vt 0.033333 0.083333
vt 0.033333 0.000000
vt 0.033333 0.166667
vt 0.033333 0.250000
vt 0.033333 0.333333
vt 0.033333 0.416667
vt 0.033333 0.500000
vt 0.033333 0.583333
vt 0.033333 0.666667
vt 0.033333 0.750000
vt 0.033333 0.833333
vt 0.050000 1.000000
vt 0.050000 0.916667
vt 0.050000 0.083333
vt 0.050000 0.000000
vt 0.050000 0.166667
vt 0.050000 0.250000
vt 0.050000 0.333333
vt 0.050000 0.416667
vt 0.050000 0.500000
vt 0.050000 0.583333
vt 0.050000 0.666667
vt 0.050000 0.750000
vt 0.050000 0.833333
vt 0.066667 1.000000
vt 0.066667 0.916667
vt 0.066667 0.083333
vt 0.066667 0.000000
vt 0.066667 0.166667
vt 0.066667 0.250000
vt 0.066667 0.333333
vt 0.066667 0.416667
vt 0.066667 0.500000
vt 0.066667 0.583333
vt 0.066667 0.666667
vt 0.066667 0.750000
vt 0.066667 0.833333
vt 0.083333 1.000000
vt 0.083333 0.916667
vt 0.083333 0.083333
vt 0.083333 0.000000
vt 0.083333 0.166667
vt 0.083333 0.250000
vt 0.083333 0.333333
vt 0.083333 0.416667
vt 0.083333 0.500000
vt 0.083333 0.583333
vt 0.083333 0.666667
vt 0.083333 0.750000
vt 0.083333 0.833333
vt 0.100000 1.000000
vt 0.100000 0.916667
vt 0.100000 0.083333
vt 0.100000 0.000000
vt 0.100000 0.166667
vt 0.100000 0.250000
vt 0.100000 0.333333
vt 0.100000 0.416667
vt 0.100000 0.500000
vt 0.100000 0.583333
vt 0.100000 0.666667
vt 0.100000 0.750000
vt 0.100000 0.833333
vt 0.116667 1.000000
vt 0.116667 0.916667
vt 0.116667 0.083333
vt 0.116667 0.000000
vt 0.116667 0.166667
vt 0.116667 0.250000
vt 0.116667 0.333333
vt 0.116667 0.416667
vt 0.116667 0.500000
vt 0.116667 0.583333
vt 0.116667 0.666667
vt 0.116667 0.750000
vt 0.116667 0.833333
vt 0.133333 1.000000
vt 0.133333 0.916667
vt 0.133333 0.083333
vt 0.133333 0.000000
vt 0.133333 0.166667
vt 0.133333 0.250000
vt 0.133333 0.333333
vt 0.133333 0.416667
vt 0.133333 0.500000
vt 0.133333 0.583333
vt 0.133333 0.666667
vt 0.133333 0.750000
vt 0.133333 0.833333
vt 0.150000 1.000000
vt 0.150000 0.916667
vt 0.150000 0.083333
vt 0.150000 0.000000
vt 0.150000 0.166667
vt 0.150000 0.250000
vt 0.150000 0.333333
vt 0.150000 0.416667
vt 0.150000 0.500000
vt 0.150000 0.583333
vt 0.150000 0.666667
vt 0.150000 0.750000
vt 0.150000 0.833333
vt 0.166667 1.000000
vt 0.166667 0.916667
vt 0.166667 0.083333
vt 0.166667 0.000000
vt 0.166667 0.166667
vt 0.166667 0.250000
vt 0.166667 0.333333
vt 0.166667 0.416667
vt 0.166667 0.500000
vt 0.166667 0.583333
vt 0.166667 0.666667
vt 0.166667 0.750000
vt 0.166667 0.833333
vt 0.183333 1.000000
vt 0.183333 0.916667
vt 0.183333 0.083333
vt 0.183333 0.000000
vt 0.183333 0.166667
vt 0.183333 0.250000
vt 0.183333 0.333333
vt 0.183333 0.416667
vt 0.183333 0.500000
vt 0.183333 0.583333
vt 0.183333 0.666667
vt 0.183333 0.750000
vt 0.183333 0.833333
vt 0.200000 1.000000
vt 0.200000 0.916667
vt 0.200000 0.083333
vt 0.200000 0.000000
vt 0.200000 0.166667
vt 0.200000 0.250000
vt 0.200000 0.333333
vt 0.200000 0.416667
vt 0.200000 0.500000
vt 0.200000 0.583333
vt 0.200000 0.666667
vt 0.200000 0.750000
vt 0.200000 0.833333
vt 0.216667 1.000000
vt 0.216667 0.916667
vt 0.216667 0.083333
vt 0.216667 0.000000
vt 0.216667 0.166667
vt 0.216667 0.250000
vt 0.216667 0.333333
vt 0.216667 0.416667
vt 0.216667 0.500000
vt 0.216667 0.583333
vt 0.216667 0.666667
vt 0.216667 0.750000
vt 0.216667 0.833333
vt 0.233333 1.000000
vt 0.233333 0.916667
vt 0.233333 0.083333
vt 0.233333 0.000000
vt 0.233333 0.166667
vt 0.233333 0.250000
vt 0.233333 0.333333
vt 0.233333 0.416667
vt 0.233333 0.500000
vt 0.233333 0.583333
vt 0.233333 0.666667
vt 0.233333 0.750000
vt 0.233333 0.833333
vt 0.250000 1.000000
vt 0.250000 0.916667
vt 0.250000 0.083333
vt 0.250000 0.000000
vt 0.250000 0.166667
vt 0.250000 0.250000
vt 0.250000 0.333333
vt 0.250000 0.416667
vt 0.250000 0.500000
vt 0.250000 0.583333
vt 0.250000 0.666667
vt 0.250000 0.750000
vt 0.250000 0.833333
vt 0.266667 1.000000
vt 0.266667 0.916667
vt 0.266667 0.083333
vt 0.266667 0.000000
vt 0.266667 0.166667
vt 0.266667 0.250000
vt 0.266667 0.333333
vt 0.266667 0.416667
vt 0.266667 0.500000
vt 0.266667 0.583333
vt 0.266667 0.666667
vt 0.266667 0.750000
vt 0.266667 0.833333
vt 0.283333 1.000000
vt 0.283333 0.916667
vt 0.283333 0.083333
vt 0.283333 0.000000
vt 0.283333 0.166667
vt 0.283333 0.250000
vt 0.283333 0.333333
vt 0.283333 0.416667
vt 0.283333 0.500000
vt 0.283333 0.583333
vt 0.283333 0.666667
vt 0.283333 0.750000
vt 0.283333 0.833333
vt 0.300000 1.000000
vt 0.300000 0.916667
vt 0.300000 0.083333
vt 0.300000 0.000000
vt 0.300000 0.166667
vt 0.300000 0.250000
vt 0.300000 0.333333
vt 0.300000 0.416667
vt 0.300000 0.500000
vt 0.300000 0.583333
vt 0.300000 0.666667
vt 0.300000 0.750000
vt 0.300000 0.833333
vt 0.316667 1.000000
vt 0.316667 0.916667
vt 0.316667 0.083333
vt 0.316667 0.000000
vt 0.316667 0.166667
vt 0.316667 0.250000
vt 0.316667 0.333333
vt 0.316667 0.416667
vt 0.316667 0.500000
vt 0.316667 0.583333
vt 0.316667 0.666667
vt 0.316667 0.750000
vt 0.316667 0.833333
vt 0.333333 1.000000
vt 0.333333 0.916667
vt 0.333333 0.083333
vt 0.333333 0.000000
vt 0.333333 0.166667
vt 0.333333 0.250000
vt 0.333333 0.333333
vt 0.333333 0.416667
vt 0.333333 0.500000
vt 0.333333 0.583333
vt 0.333333 0.666667
vt 0.333333 0.750000
vt 0.333333 0.833333
vt 0.350000 1.000000
vt 0.350000 0.916667
vt 0.350000 0.083333
vt 0.350000 0.000000
vt 0.350000 0.166667
vt 0.350000 0.250000
vt 0.350000 0.333333
vt 0.350000 0.416667
vt 0.350000 0.500000
vt 0.350000 0.583333
vt 0.350000 0.666667
vt 0.350000 0.750000
vt 0.350000 0.833333
vt 0.366667 1.000000
vt 0.366667 0.916667
vt 0.366667 0.083333
vt 0.366667 0.000000
vt 0.366667 0.166667
vt 0.366667 0.250000
vt 0.366667 0.333333
vt 0.366667 0.416667
vt 0.366667 0.500000
vt 0.366667 0.583333
vt 0.366667 0.666667
vt 0.366667 0.750000
vt 0.366667 0.833333
vt 0.383333 1.000000
vt 0.383333 0.916667
vt 0.383333 0.083333
vt 0.383333 0.000000
vt 0.383333 0.166667
vt 0.383333 0.250000
vt 0.383333 0.333333
vt 0.383333 0.416667
vt 0.383333 0.500000
vt 0.383333 0.583333
vt 0.383333 0.666667
vt 0.383333 0.750000
vt 0.383333 0.833333
vt 0.400000 1.000000
vt 0.400000 0.916667
vt 0.400000 0.083333
vt 0.400000 0.000000
vt 0.400000 0.166667
vt 0.400000 0.250000
vt 0.400000 0.333333
vt 0.400000 0.416667
vt 0.400000 0.500000
vt 0.400000 0.583333
vt 0.400000 0.666667
vt 0.400000 0.750000
vt 0.400000 0.833333
vt 0.416667 1.000000
vt 0.416667 0.916667
vt 0.416667 0.083333
vt 0.416667 0.000000
vt 0.416667 0.166667
vt 0.416667 0.250000
vt 0.416667 0.333333
vt 0.416667 0.416667
vt 0.416667 0.500000
vt 0.416667 0.583333
vt 0.416667 0.666667
vt 0.416667 0.750000
vt 0.416667 0.833333
vt 0.433333 1.000000
vt 0.433333 0.916667
vt 0.433333 0.083333
vt 0.433333 0.000000
vt 0.433333 0.166667
vt 0.433333 0.250000
vt 0.433333 0.333333
vt 0.433333 0.416667
vt 0.433333 0.500000
vt 0.433333 0.583333
vt 0.433333 0.666667
vt 0.433333 0.750000
vt 0.433333 0.833333
vt 0.450000 1.000000
vt 0.450000 0.916667
vt 0.450000 0.083333
vt 0.450000 0.000000
vt 0.450000 0.166667
vt 0.450000 0.250000
vt 0.450000 0.333333
vt 0.450000 0.416667
vt 0.450000 0.500000
vt 0.450000 0.583333
vt 0.450000 0.666667
vt 0.450000 0.750000
vt 0.450000 0.833333
vt 0.466667 1.000000
vt 0.466667 0.916667
vt 0.466667 0.083333
vt 0.466667 0.000000
vt 0.466667 0.166667
vt 0.466667 0.250000
vt 0.466667 0.333333
vt 0.466667 0.416667
vt 0.466667 0.500000
vt 0.466667 0.583333
vt 0.466667 0.666667
vt 0.466667 0.750000
vt 0.466667 0.833333
vt 0.500000 1.000000
vt 0.516667 1.000000
vt 0.516667 0.916667
vt 0.500000 0.916667
vt 0.500000 0.083333
vt 0.516667 0.083333
vt 0.516667 0.000000
vt 0.500000 0.000000
vt 0.500000 0.166667
vt 0.516667 0.166667
vt 0.500000 0.250000
vt 0.516667 0.250000
vt 0.500000 0.333333
vt 0.516667 0.333333
vt 0.500000 0.416667
vt 0.516667 0.416667
vt 0.500000 0.500000
vt 0.516667 0.500000
vt 0.500000 0.583333
vt 0.516667 0.583333
vt 0.500000 0.666667
vt 0.516667 0.666667
vt 0.500000 0.750000
vt 0.516667 0.750000
vt 0.500000 0.833333
vt 0.516667 0.833333
vt 0.533333 1.000000
vt 0.533333 0.916667
vt 0.533333 0.083333
vt 0.533333 0.000000
vt 0.533333 0.166667
vt 0.533333 0.250000
vt 0.533333 0.333333
vt 0.533333 0.416667
vt 0.533333 0.500000
vt 0.533333 0.583333
vt 0.533333 0.666667
vt 0.533333 0.750000
vt 0.533333 0.833333
vt 0.550000 1.000000
vt 0.550000 0.916667
vt 0.550000 0.083333
vt 0.550000 0.000000
vt 0.550000 0.166667
vt 0.550000 0.250000
vt 0.550000 0.333333
vt 0.550000 0.416667
vt 0.550000 0.500000
vt 0.550000 0.583333
vt 0.550000 0.666667
vt 0.550000 0.750000
vt 0.550000 0.833333
vt 0.566667 1.000000
vt 0.566667 0.916667
vt 0.566667 0.083333
vt 0.566667 0.000000
vt 0.566667 0.166667
vt 0.566667 0.250000
vt 0.566667 0.333333
vt 0.566667 0.416667
vt 0.566667 0.500000
vt 0.566667 0.583333
vt 0.566667 0.666667
vt 0.566667 0.750000
vt 0.566667 0.833333
vt 0.583333 1.000000
vt 0.583333 0.916667
vt 0.583333 0.083333
vt 0.583333 0.000000
vt 0.583333 0.166667
vt 0.583333 0.250000
vt 0.583333 0.333333
vt 0.583333 0.416667
vt 0.583333 0.500000
vt 0.583333 0.583333
vt 0.583333 0.666667
vt 0.583333 0.750000
vt 0.583333 0.833333
vt 0.600000 1.000000
vt 0.600000 0.916667
vt 0.600000 0.083333
vt 0.600000 0.000000
vt 0.600000 0.166667
vt 0.600000 0.250000
vt 0.600000 0.333333
vt 0.600000 0.416667
vt 0.600000 0.500000
vt 0.600000 0.583333
vt 0.600000 0.666667
vt 0.600000 0.750000
vt 0.600000 0.833333
vt 0.616667 1.000000
vt 0.616667 0.916667
vt 0.616667 0.083333
vt 0.616667 0.000000
vt 0.616667 0.166667
vt 0.616667 0.250000
vt 0.616667 0.333333
vt 0.616667 0.416667
vt 0.616667 0.500000
vt 0.616667 0.583333
vt 0.616667 0.666667
vt 0.616667 0.750000
vt 0.616667 0.833333
vt 0.633333 1.000000
vt 0.633333 0.916667
vt 0.633333 0.083333
vt 0.633333 0.000000
vt 0.633333 0.166667
vt 0.633333 0.250000
vt 0.633333 0.333333
vt 0.633333 0.416667
vt 0.633333 0.500000
vt 0.633333 0.583333
vt 0.633333 0.666667
vt 0.633333 0.750000
vt 0.633333 0.833333
vt 0.650000 1.000000
vt 0.650000 0.916667
vt 0.650000 0.083333
vt 0.650000 0.000000
vt 0.650000 0.166667
vt 0.650000 0.250000
vt 0.650000 0.333333
vt 0.650000 0.416667
vt 0.650000 0.500000
vt 0.650000 0.583333
vt 0.650000 0.666667
vt 0.650000 0.750000
vt 0.650000 0.833333
vt 0.666667 1.000000
vt 0.666667 0.916667
vt 0.666667 0.083333
vt 0.666667 0.000000
vt 0.666667 0.166667
vt 0.666667 0.250000
vt 0.666667 0.333333
vt 0.666667 0.416667
vt 0.666667 0.500000
vt 0.666667 0.583333
vt 0.666667 0.666667
vt 0.666667 0.750000
vt 0.666667 0.833333
vt 0.683333 1.000000
vt 0.683333 0.916667
vt 0.683333 0.083333
vt 0.683333 0.000000
vt 0.683333 0.166667
vt 0.683333 0.250000
vt 0.683333 0.333333
vt 0.683333 0.416667
vt 0.683333 0.500000
vt 0.683333 0.583333
vt 0.683333 0.666667
vt 0.683333 0.750000
vt 0.683333 0.833333
vt 0.700000 1.000000
vt 0.700000 0.916667
vt 0.700000 0.083333
vt 0.700000 0.000000
vt 0.700000 0.166667
vt 0.700000 0.250000
vt 0.700000 0.333333
vt 0.700000 0.416667
vt 0.700000 0.500000
vt 0.700000 0.583333
vt 0.700000 0.666667
vt 0.700000 0.750000
vt 0.700000 0.833333
vt 0.716667 1.000000
vt 0.716667 0.916667
vt 0.716667 0.083333
vt 0.716667 0.000000
vt 0.716667 0.166667
vt 0.716667 0.250000
vt 0.716667 0.333333
vt 0.716667 0.416667
vt 0.716667 0.500000
vt 0.716667 0.583333
vt 0.716667 0.666667
vt 0.716667 0.750000
vt 0.716667 0.833333
vt 0.733333 1.000000
vt 0.733333 0.916667
vt 0.733333 0.083333
vt 0.733333 0.000000
vt 0.733333 0.166667
vt 0.733333 0.250000
vt 0.733333 0.333333
vt 0.733333 0.416667
vt 0.733333 0.500000
vt 0.733333 0.583333
vt 0.733333 0.666667
vt 0.733333 0.750000
vt 0.733333 0.833333
vt 0.750000 1.000000
vt 0.750000 0.916667
vt 0.750000 0.083333
vt 0.750000 0.000000
vt 0.750000 0.166667
vt 0.750000 0.250000
vt 0.750000 0.333333
vt 0.750000 0.416667
vt 0.750000 0.500000
vt 0.750000 0.583333
vt 0.750000 0.666667
vt 0.750000 0.750000
vt 0.750000 0.833333
vt 0.766667 1.000000
vt 0.766667 0.916667
vt 0.766667 0.083333
vt 0.766667 0.000000
vt 0.766667 0.166667
vt 0.766667 0.250000
vt 0.766667 0.333333
vt 0.766667 0.416667
vt 0.766667 0.500000
vt 0.766667 0.583333
vt 0.766667 0.666667
vt 0.766667 0.750000
vt 0.766667 0.833333
vt 0.783333 1.000000
vt 0.783333 0.916667
vt 0.783333 0.083333
vt 0.783333 0.000000
vt 0.783333 0.166667
vt 0.783333 0.250000
vt 0.783333 0.333333
vt 0.783333 0.416667
vt 0.783333 0.500000
vt 0.783333 0.583333
vt 0.783333 0.666667
vt 0.783333 0.750000
vt 0.783333 0.833333
vt 0.800000 1.000000
vt 0.800000 0.916667
vt 0.800000 0.083333
vt 0.800000 0.000000
vt 0.800000 0.166667
vt 0.800000 0.250000
vt 0.800000 0.333333
vt 0.800000 0.416667
vt 0.800000 0.500000
vt 0.800000 0.583333
vt 0.800000 0.666667
vt 0.800000 0.750000
vt 0.800000 0.833333
vt 0.816667 1.000000
vt 0.816667 0.916667
vt 0.816667 0.083333
vt 0.816667 0.000000
vt 0.816667 0.166667
vt 0.816667 0.250000
vt 0.816667 0.333333
vt 0.816667 0.416667
vt 0.816667 0.500000
vt 0.816667 0.583333
vt 0.816667 0.666667
vt 0.816667 0.750000
vt 0.816667 0.833333
vt 0.833333 1.000000
vt 0.833333 0.916667
vt 0.833333 0.083333
vt 0.833333 0.000000
vt 0.833333 0.166667
vt 0.833333 0.250000
vt 0.833333 0.333333
vt 0.833333 0.416667
vt 0.833333 0.500000
vt 0.833333 0.583333
vt 0.833333 0.666667
vt 0.833333 0.750000
vt 0.833333 0.833333
vt 0.850000 1.000000
vt 0.850000 0.916667
vt 0.850000 0.083333
vt 0.850000 0.000000
vt 0.850000 0.166667
vt 0.850000 0.250000
vt 0.850000 0.333333
vt 0.850000 0.416667
vt 0.850000 0.500000
vt 0.850000 0.583333
vt 0.850000 0.666667
vt 0.850000 0.750000
vt 0.850000 0.833333
vt 0.866667 1.000000
vt 0.866667 0.916667
vt 0.866667 0.083333
vt 0.866667 0.000000
vt 0.866667 0.166667
vt 0.866667 0.250000
vt 0.866667 0.333333
vt 0.866667 0.416667
vt 0.866667 0.500000
vt 0.866667 0.583333
vt 0.866667 0.666667
vt 0.866667 0.750000
vt 0.866667 0.833333
vt 0.883333 1.000000
vt 0.883333 0.916667
vt 0.883333 0.083333
vt 0.883333 0.000000
vt 0.883333 0.166667
vt 0.883333 0.250000
vt 0.883333 0.333333
vt 0.883333 0.416667
vt 0.883333 0.500000
vt 0.883333 0.583333
vt 0.883333 0.666667
vt 0.883333 0.750000
vt 0.883333 0.833333
vt 0.916667 1.000000
vt 0.933333 1.000000
vt 0.933333 0.916667
vt 0.916667 0.916667
vt 0.916667 0.083333
vt 0.933333 0.083333
vt 0.933333 0.000000
vt 0.916667 0.000000
vt 0.916667 0.166667
vt 0.933333 0.166667
vt 0.916667 0.250000
vt 0.933333 0.250000
vt 0.916667 0.333333
vt 0.933333 0.333333
vt 0.916667 0.416667
vt 0.933333 0.416667
vt 0.916667 0.500000
vt 0.933333 0.500000
vt 0.916667 0.583333
vt 0.933333 0.583333
vt 0.916667 0.666667
vt 0.933333 0.666667
vt 0.916667 0.750000
vt 0.933333 0.750000
vt 0.916667 0.833333
vt 0.933333 0.833333
vt 0.950000 1.000000
vt 0.950000 0.916667
vt 0.950000 0.083333
vt 0.950000 0.000000
vt 0.950000 0.166667
vt 0.950000 0.250000
vt 0.950000 0.333333
vt 0.950000 0.416667
vt 0.950000 0.500000
vt 0.950000 0.583333
vt 0.950000 0.666667
vt 0.950000 0.750000
vt 0.950000 0.833333
vt 0.966667 1.000000
vt 0.966667 0.916667
vt 0.966667 0.083333
vt 0.966667 0.000000
vt 0.966667 0.166667
vt 0.966667 0.250000
vt 0.966667 0.333333
vt 0.966667 0.416667
vt 0.966667 0.500000
vt 0.966667 0.583333
vt 0.966667 0.666667
vt 0.966667 0.750000
vt 0.966667 0.833333
vt 0.983333 1.000000
vt 0.983333 0.916667
vt 0.983333 0.083333
vt 0.983333 0.000000
vt 0.983333 0.166667
vt 0.983333 0.250000
vt 0.983333 0.333333
vt 0.983333 0.416667
vt 0.983333 0.500000
vt 0.983333 0.583333
vt 0.983333 0.666667
vt 0.983333 0.750000
vt 0.983333 0.833333
vt 1.000000 1.000000
vt 1.000000 0.916667
vt 1.000000 0.083333
vt 1.000000 0.000000
vt 1.000000 0.166667
vt 1.000000 0.250000
vt 1.000000 0.333333
vt 1.000000 0.416667
vt 1.000000 0.500000
vt 1.000000 0.583333
vt 1.000000 0.666667
vt 1.000000 0.750000
vt 1.000000 0.833333
vt 0.000000 1.000000
vt 0.027778 1.000000
vt 0.027778 0.916667
vt 0.000000 0.916667
vt 0.000000 0.083333
vt 0.027778 0.083333
vt 0.027778 0.000000
vt 0.000000 0.000000
vt 0.000000 0.166667
vt 0.027778 0.166667
vt 0.000000 0.250000
vt 0.027778 0.250000
vt 0.000000 0.333333
vt 0.027778 0.333333
vt 0.000000 0.416667
vt 0.027778 0.416667
vt 0.000000 0.500000
vt 0.027778 0.500000
vt 0.000000 0.583333
vt 0.027778 0.583333
vt 0.000000 0.666667
vt 0.027778 0.666667
vt 0.000000 0.750000
vt 0.027778 0.750000
vt 0.000000 0.833333
vt 0.027778 0.833333
vt 0.055556 1.000000
vt 0.055556 0.916667
vt 0.055556 0.083333
vt 0.055556 0.000000
vt 0.055556 0.166667
vt 0.055556 0.250000
vt 0.055556 0.333333
vt 0.055556 0.416667
vt 0.055556 0.500000
vt 0.055556 0.583333
vt 0.055556 0.666667
vt 0.055556 0.750000
vt 0.055556 0.833333
vt 0.083333 1.000000
vt 0.083333 0.916667
vt 0.083333 0.083333
vt 0.083333 0.000000
vt 0.083333 0.166667
vt 0.083333 0.250000
vt 0.083333 0.333333
vt 0.083333 0.416667
vt 0.083333 0.500000
vt 0.083333 0.583333
vt 0.083333 0.666667
vt 0.083333 0.750000
vt 0.083333 0.833333
vt 0.111111 1.000000
vt 0.111111 0.916667
vt 0.111111 0.083333
vt 0.111111 0.000000
vt 0.111111 0.166667
vt 0.111111 0.250000
vt 0.111111 0.333333
vt 0.111111 0.416667
vt 0.111111 0.500000
vt 0.111111 0.583333
vt 0.111111 0.666667
vt 0.111111 0.750000
vt 0.111111 0.833333
vt 0.138889 1.000000
vt 0.138889 0.916667
vt 0.138889 0.083333
vt 0.138889 0.000000
vt 0.138889 0.166667
vt 0.138889 0.250000
vt 0.138889 0.333333
vt 0.138889 0.416667
vt 0.138889 0.500000
vt 0.138889 0.583333
vt 0.138889 0.666667
vt 0.138889 0.750000
vt 0.138889 0.833333
vt 0.166667 1.000000
vt 0.166667 0.916667
vt 0.166667 0.083333
vt 0.166667 0.000000
vt 0.166667 0.166667
vt 0.166667 0.250000
vt 0.166667 0.333333
vt 0.166667 0.416667
vt 0.166667 0.500000
vt 0.166667 0.583333
vt 0.166667 0.666667
vt 0.166667 0.750000
vt 0.166667 0.833333
vt 0.194444 1.000000
vt 0.194444 0.916667
vt 0.194444 0.083333
vt 0.194444 0.000000
vt 0.194444 0.166667
vt 0.194444 0.250000
vt 0.194444 0.333333
vt 0.194444 0.416667
vt 0.194444 0.500000
vt 0.194444 0.583333
vt 0.194444 0.666667
vt 0.194444 0.750000
vt 0.194444 0.833333
vt 0.222222 1.000000
vt 0.222222 0.916667
vt 0.222222 0.083333
vt 0.222222 0.000000
vt 0.222222 0.166667
vt 0.222222 0.250000
vt 0.222222 0.333333
vt 0.222222 0.416667
vt 0.222222 0.500000
vt 0.222222 0.583333
vt 0.222222 0.666667
vt 0.222222 0.750000
vt 0.222222 0.833333
vt 0.250000 1.000000
vt 0.250000 0.916667
vt 0.250000 0.083333
vt 0.250000 0.000000
vt 0.250000 0.166667
vt 0.250000 0.250000
vt 0.250000 0.333333
vt 0.250000 0.416667
vt 0.250000 0.500000
vt 0.250000 0.583333
vt 0.250000 0.666667
vt 0.250000 0.750000
vt 0.250000 0.833333
vt 0.277778 1.000000
vt 0.277778 0.916667
vt 0.277778 0.083333
vt 0.277778 0.000000
vt 0.277778 0.166667
vt 0.277778 0.250000
vt 0.277778 0.333333
vt 0.277778 0.416667
vt 0.277778 0.500000
vt 0.277778 0.583333
vt 0.277778 0.666667
vt 0.277778 0.750000
vt 0.277778 0.833333
vt 0.305556 1.000000
vt 0.305556 0.916667
vt 0.305556 0.083333
vt 0.305556 0.000000
vt 0.305556 0.166667
vt 0.305556 0.250000
vt 0.305556 0.333333
vt 0.305556 0.416667
vt 0.305556 0.500000
vt 0.305556 0.583333
vt 0.305556 0.666667
vt 0.305556 0.750000
vt 0.305556 0.833333
vt 0.333333 1.000000
vt 0.333333 0.916667
vt 0.333333 0.083333
vt 0.333333 0.000000
vt 0.333333 0.166667
vt 0.333333 0.250000
vt 0.333333 0.333333
vt 0.333333 0.416667
vt 0.333333 0.500000
vt 0.333333 0.583333
vt 0.333333 0.666667
vt 0.333333 0.750000
vt 0.333333 0.833333
vt 0.361111 1.000000
vt 0.361111 0.916667
vt 0.361111 0.083333
vt 0.361111 0.000000
vt 0.361111 0.166667
vt 0.361111 0.250000
vt 0.361111 0.333333
vt 0.361111 0.416667
vt 0.361111 0.500000
vt 0.361111 0.583333
vt 0.361111 0.666667
vt 0.361111 0.750000
vt 0.361111 0.833333
vt 0.388889 1.000000
vt 0.388889 0.916667
vt 0.388889 0.083333
vt 0.388889 0.000000
vt 0.388889 0.166667
vt 0.388889 0.250000
vt 0.388889 0.333333
vt 0.388889 0.416667
vt 0.388889 0.500000
vt 0.388889 0.583333
vt 0.388889 0.666667
vt 0.388889 0.750000
vt 0.388889 0.833333
vt 0.416667 1.000000
vt 0.416667 0.916667
vt 0.416667 0.083333
vt 0.416667 0.000000
vt 0.416667 0.166667
vt 0.416667 0.250000
vt 0.416667 0.333333
vt 0.416667 0.416667
vt 0.416667 0.500000
vt 0.416667 0.583333
vt 0.416667 0.666667
vt 0.416667 0.750000
vt 0.416667 0.833333
vt 0.444444 1.000000
vt 0.444444 0.916667
vt 0.444444 0.083333
vt 0.444444 0.000000
vt 0.444444 0.166667
vt 0.444444 0.250000
vt 0.444444 0.333333
vt 0.444444 0.416667
vt 0.444444 0.500000
vt 0.444444 0.583333
vt 0.444444 0.666667
vt 0.444444 0.750000
vt 0.444444 0.833333
vt 0.472222 1.000000
vt 0.472222 0.916667
vt 0.472222 0.083333
vt 0.472222 0.000000
vt 0.472222 0.166667
vt 0.472222 0.250000
vt 0.472222 0.333333
vt 0.472222 0.416667
vt 0.472222 0.500000
vt 0.472222 0.583333
vt 0.472222 0.666667
vt 0.472222 0.750000
vt 0.472222 0.833333
vt 0.500000 1.000000
vt 0.500000 0.916667
vt 0.500000 0.083333
vt 0.500000 0.000000
vt 0.500000 0.166667
vt 0.500000 0.250000
vt 0.500000 0.333333
vt 0.500000 0.416667
vt 0.500000 0.500000
vt 0.500000 0.583333
vt 0.500000 0.666667
vt 0.500000 0.750000
vt 0.500000 0.833333
vt 0.527778 1.000000
vt 0.527778 0.916667
vt 0.527778 0.083333
vt 0.527778 0.000000
vt 0.527778 0.166667
vt 0.527778 0.250000
vt 0.527778 0.333333
vt 0.527778 0.416667
vt 0.527778 0.500000
vt 0.527778 0.583333
vt 0.527778 0.666667
vt 0.527778 0.750000
vt 0.527778 0.833333
vt 0.555556 1.000000
vt 0.555556 0.916667
vt 0.555556 0.083333
vt 0.555556 0.000000
vt 0.555556 0.166667
vt 0.555556 0.250000
vt 0.555556 0.333333
vt 0.555556 0.416667
vt 0.555556 0.500000
vt 0.555556 0.583333
vt 0.555556 0.666667
vt 0.555556 0.750000
vt 0.555556 0.833333
vt 0.583333 1.000000
vt 0.583333 0.916667
vt 0.583333 0.083333
vt 0.583333 0.000000
vt 0.583333 0.166667
vt 0.583333 0.250000
vt 0.583333 0.333333
vt 0.583333 0.416667
vt 0.583333 0.500000
vt 0.583333 0.583333
vt 0.583333 0.666667
vt 0.583333 0.750000
vt 0.583333 0.833333
vt 0.611111 1.000000
vt 0.611111 0.916667
vt 0.611111 0.083333
vt 0.611111 0.000000
vt 0.611111 0.166667
vt 0.611111 0.250000
vt 0.611111 0.333333
vt 0.611111 0.416667
vt 0.611111 0.500000
vt 0.611111 0.583333
vt 0.611111 0.666667
vt 0.611111 0.750000
vt 0.611111 0.833333
vt 0.638889 1.000000
vt 0.638889 0.916667
vt 0.638889 0.083333
vt 0.638889 0.000000
vt 0.638889 0.166667
vt 0.638889 0.250000
vt 0.638889 0.333333
vt 0.638889 0.416667
vt 0.638889 0.500000
vt 0.638889 0.583333
vt 0.638889 0.666667
vt 0.638889 0.750000
vt 0.638889 0.833333
vt 0.666667 1.000000
vt 0.666667 0.916667
vt 0.666667 0.083333
vt 0.666667 0.000000
vt 0.666667 0.166667
vt 0.666667 0.250000
vt 0.666667 0.333333
vt 0.666667 0.416667
vt 0.666667 0.500000
vt 0.666667 0.583333
vt 0.666667 0.666667
vt 0.666667 0.750000
vt 0.666667 0.833333
vt 0.694444 1.000000
vt 0.694444 0.916667
vt 0.694444 0.083333
vt 0.694444 0.000000
vt 0.694444 0.166667
vt 0.694444 0.250000
vt 0.694444 0.333333
vt 0.694444 0.416667
vt 0.694444 0.500000
vt 0.694444 0.583333
vt 0.694444 0.666667
vt 0.694444 0.750000
vt 0.694444 0.833333
vt 0.722222 1.000000
vt 0.722222 0.916667
vt 0.722222 0.083333
vt 0.722222 0.000000
vt 0.722222 0.166667
vt 0.722222 0.250000
vt 0.722222 0.333333
vt 0.722222 0.416667
vt 0.722222 0.500000
vt 0.722222 0.583333
vt 0.722222 0.666667
vt 0.722222 0.750000
vt 0.722222 0.833333
vt 0.750000 1.000000
vt 0.750000 0.916667
vt 0.750000 0.083333
vt 0.750000 0.000000
vt 0.750000 0.166667
vt 0.750000 0.250000
vt 0.750000 0.333333
vt 0.750000 0.416667
vt 0.750000 0.500000
vt 0.750000 0.583333
vt 0.750000 0.666667
vt 0.750000 0.750000
vt 0.750000 0.833333
vt 0.833333 1.000000
vt 0.861111 1.000000
vt 0.861111 0.916667
vt 0.833333 0.916667
vt 0.833333 0.083333
vt 0.861111 0.083333
vt 0.861111 0.000000
vt 0.833333 0.000000
vt 0.833333 0.166667
vt 0.861111 0.166667
vt 0.833333 0.250000
vt 0.861111 0.250000
vt 0.833333 0.333333
vt 0.861111 0.333333
vt 0.833333 0.416667
vt 0.861111 0.416667
vt 0.833333 0.500000
vt 0.861111 0.500000
vt 0.833333 0.583333
vt 0.861111 0.583333
vt 0.833333 0.666667
vt 0.861111 0.666667
vt 0.833333 0.750000
vt 0.861111 0.750000
vt 0.833333 0.833333
vt 0.861111 0.833333
vt 0.888889 1.000000
vt 0.888889 0.916667
vt 0.888889 0.083333
vt 0.888889 0.000000
vt 0.888889 0.166667
vt 0.888889 0.250000
vt 0.888889 0.333333
vt 0.888889 0.416667
vt 0.888889 0.500000
vt 0.888889 0.583333
vt 0.888889 0.666667
vt 0.888889 0.750000
vt 0.888889 0.833333
vt 0.916667 1.000000
vt 0.916667 0.916667
vt 0.916667 0.083333
vt 0.916667 0.000000
vt 0.916667 0.166667
vt 0.916667 0.250000
vt 0.916667 0.333333
vt 0.916667 0.416667
vt 0.916667 0.500000
vt 0.916667 0.583333
vt 0.916667 0.666667
vt 0.916667 0.750000
vt 0.916667 0.833333
vt 0.944444 1.000000
vt 0.944444 0.916667
vt 0.944444 0.083333
vt 0.944444 0.000000
vt 0.944444 0.166667
vt 0.944444 0.250000
vt 0.944444 0.333333
vt 0.944444 0.416667
vt 0.944444 0.500000
vt 0.944444 0.583333
vt 0.944444 0.666667
vt 0.944444 0.750000
vt 0.944444 0.833333
vt 0.972222 1.000000
vt 0.972222 0.916667
vt 0.972222 0.083333
vt 0.972222 0.000000
vt 0.972222 0.166667
vt 0.972222 0.250000
vt 0.972222 0.333333
vt 0.972222 0.416667
vt 0.972222 0.500000
vt 0.972222 0.583333
vt 0.972222 0.666667
vt 0.972222 0.750000
vt 0.972222 0.833333
vt 1.000000 1.000000
vt 1.000000 0.916667
vt 1.000000 0.083333
vt 1.000000 0.000000
vt 1.000000 0.166667
vt 1.000000 0.250000
vt 1.000000 0.333333
vt 1.000000 0.416667
vt 1.000000 0.500000
vt 1.000000 0.583333
vt 1.000000 0.666667
vt 1.000000 0.750000
vt 1.000000 0.833333
vt 0.000000 1.000000
vt 0.083333 1.000000
vt 0.083333 0.916667
vt 0.000000 0.916667
vt 0.000000 0.083333
vt 0.083333 0.083333
vt 0.083333 0.000000
vt 0.000000 0.000000
vt 0.000000 0.166667
vt 0.083333 0.166667
vt 0.000000 0.250000
vt 0.083333 0.250000
vt 0.000000 0.333333
vt 0.083333 0.333333
vt 0.000000 0.416667
vt 0.083333 0.416667
vt 0.000000 0.500000
vt 0.083333 0.500000
vt 0.000000 0.583333
vt 0.083333 0.583333
vt 0.000000 0.666667
vt 0.083333 0.666667
vt 0.000000 0.750000
vt 0.083333 0.750000
vt 0.000000 0.833333
vt 0.083333 0.833333
vt 0.166667 1.000000
vt 0.166667 0.916667
vt 0.166667 0.083333
vt 0.166667 0.000000
vt 0.166667 0.166667
vt 0.166667 0.250000
vt 0.166667 0.333333
vt 0.166667 0.416667
vt 0.166667 0.500000
vt 0.166667 0.583333
vt 0.166667 0.666667
vt 0.166667 0.750000
vt 0.166667 0.833333
vt 0.250000 1.000000
vt 0.250000 0.916667
vt 0.250000 0.083333
vt 0.250000 0.000000
vt 0.250000 0.166667
vt 0.250000 0.250000
vt 0.250000 0.333333
vt 0.250000 0.416667
vt 0.250000 0.500000
vt 0.250000 0.583333
vt 0.250000 0.666667
vt 0.250000 0.750000
vt 0.250000 0.833333
vt 0.333333 1.000000
vt 0.333333 0.916667
vt 0.333333 0.083333
vt 0.333333 0.000000
vt 0.333333 0.166667
vt 0.333333 0.250000
vt 0.333333 0.333333
vt 0.333333 0.416667
vt 0.333333 0.500000
vt 0.333333 0.583333
vt 0.333333 0.666667
vt 0.333333 0.750000
vt 0.333333 0.833333
vt 0.416667 1.000000
vt 0.416667 0.916667
vt 0.416667 0.083333
vt 0.416667 0.000000
vt 0.416667 0.166667
vt 0.416667 0.250000
vt 0.416667 0.333333
vt 0.416667 0.416667
vt 0.416667 0.500000
vt 0.416667 0.583333
vt 0.416667 0.666667
vt 0.416667 0.750000
vt 0.416667 0.833333
vt 0.500000 1.000000
vt 0.500000 0.916667
vt 0.500000 0.083333
vt 0.500000 0.000000
vt 0.500000 0.166667
vt 0.500000 0.250000
vt 0.500000 0.333333
vt 0.500000 0.416667
vt 0.500000 0.500000
vt 0.500000 0.583333
vt 0.500000 0.666667
vt 0.500000 0.750000
vt 0.500000 0.833333
vt 0.583333 1.000000
vt 0.583333 0.916667
vt 0.583333 0.083333
vt 0.583333 0.000000
vt 0.583333 0.166667
vt 0.583333 0.250000
vt 0.583333 0.333333
vt 0.583333 0.416667
vt 0.583333 0.500000
vt 0.583333 0.583333
vt 0.583333 0.666667
vt 0.583333 0.750000
vt 0.583333 0.833333
vt 0.666667 1.000000
vt 0.666667 0.916667
vt 0.666667 0.083333
vt 0.666667 0.000000
vt 0.666667 0.166667
vt 0.666667 0.250000
vt 0.666667 0.333333
vt 0.666667 0.416667
vt 0.666667 0.500000
vt 0.666667 0.583333
vt 0.666667 0.666667
vt 0.666667 0.750000
vt 0.666667 0.833333
vt 0.750000 1.000000
vt 0.750000 0.916667
vt 0.750000 0.083333
vt 0.750000 0.000000
vt 0.750000 0.166667
vt 0.750000 0.250000
vt 0.750000 0.333333
vt 0.750000 0.416667
vt 0.750000 0.500000
vt 0.750000 0.583333
vt 0.750000 0.666667
vt 0.750000 0.750000
vt 0.750000 0.833333
vt 0.833333 1.000000
vt 0.833333 0.916667
vt 0.833333 0.083333
vt 0.833333 0.000000
vt 0.833333 0.166667
vt 0.833333 0.250000
vt 0.833333 0.333333
vt 0.833333 0.416667
vt 0.833333 0.500000
vt 0.833333 0.583333
vt 0.833333 0.666667
vt 0.833333 0.750000
vt 0.833333 0.833333
vt 0.916667 1.000000
vt 0.916667 0.916667
vt 0.916667 0.083333
vt 0.916667 0.000000
vt 0.916667 0.166667
vt 0.916667 0.250000
vt 0.916667 0.333333
vt 0.916667 0.416667
vt 0.916667 0.500000
vt 0.916667 0.583333
vt 0.916667 0.666667
vt 0.916667 0.750000
vt 0.916667 0.833333
vt 1.000000 1.000000
vt 1.000000 0.916667
vt 1.000000 0.083333
vt 1.000000 0.000000
vt 1.000000 0.166667
vt 1.000000 0.250000
vt 1.000000 0.333333
vt 1.000000 0.416667
vt 1.000000 0.500000
vt 1.000000 0.583333
vt 1.000000 0.666667
vt 1.000000 0.750000
vt 1.000000 0.833333
vt 0.000000 1.000000
vt 0.083333 1.000000
vt 0.083333 0.916667
vt 0.000000 0.916667
vt 0.000000 0.083333
vt 0.083333 0.083333
vt 0.083333 0.000000
vt 0.000000 0.000000
vt 0.000000 0.166667
vt 0.083333 0.166667
vt 0.000000 0.250000
vt 0.083333 0.250000
vt 0.000000 0.333333
vt 0.083333 0.333333
vt 0.000000 0.416667
vt 0.083333 0.416667
vt 0.000000 0.500000
vt 0.083333 0.500000
vt 0.000000 0.583333
vt 0.083333 0.583333
vt 0.000000 0.666667
vt 0.083333 0.666667
vt 0.000000 0.750000
vt 0.083333 0.750000
vt 0.000000 0.833333
vt 0.083333 0.833333
vt 0.166667 1.000000
vt 0.166667 0.916667
vt 0.166667 0.083333
vt 0.166667 0.000000
vt 0.166667 0.166667
vt 0.166667 0.250000
vt 0.166667 0.333333
vt 0.166667 0.416667
vt 0.166667 0.500000
vt 0.166667 0.583333
vt 0.166667 0.666667
vt 0.166667 0.750000
vt 0.166667 0.833333
vt 0.250000 1.000000
vt 0.250000 0.916667
vt 0.250000 0.083333
vt 0.250000 0.000000
vt 0.250000 0.166667
vt 0.250000 0.250000
vt 0.250000 0.333333
vt 0.250000 0.416667
vt 0.250000 0.500000
vt 0.250000 0.583333
vt 0.250000 0.666667
vt 0.250000 0.750000
vt 0.250000 0.833333
vt 0.333333 1.000000
vt 0.333333 0.916667
vt 0.333333 0.083333
vt 0.333333 0.000000
vt 0.333333 0.166667
vt 0.333333 0.250000
vt 0.333333 0.333333
vt 0.333333 0.416667
vt 0.333333 0.500000
vt 0.333333 0.583333
vt 0.333333 0.666667
vt 0.333333 0.750000
vt 0.333333 0.833333
vt 0.416667 1.000000
vt 0.416667 0.916667
vt 0.416667 0.083333
vt 0.416667 0.000000
vt 0.416667 0.166667
vt 0.416667 0.250000
vt 0.416667 0.333333
vt 0.416667 0.416667
vt 0.416667 0.500000
vt 0.416667 0.583333
vt 0.416667 0.666667
vt 0.416667 0.750000
vt 0.416667 0.833333
vt 0.500000 1.000000
vt 0.500000 0.916667
vt 0.500000 0.083333
vt 0.500000 0.000000
vt 0.500000 0.166667
vt 0.500000 0.250000
vt 0.500000 0.333333
vt 0.500000 0.416667
vt 0.500000 0.500000
vt 0.500000 0.583333
vt 0.500000 0.666667
vt 0.500000 0.750000
vt 0.500000 0.833333
vt 0.583333 1.000000
vt 0.583333 0.916667
vt 0.583333 0.083333
vt 0.583333 0.000000
vt 0.583333 0.166667
vt 0.583333 0.250000
vt 0.583333 0.333333
vt 0.583333 0.416667
vt 0.583333 0.500000
vt 0.583333 0.583333
vt 0.583333 0.666667
vt 0.583333 0.750000
vt 0.583333 0.833333
vt 0.666667 1.000000
vt 0.666667 0.916667
vt 0.666667 0.083333
vt 0.666667 0.000000
vt 0.666667 0.166667
vt 0.666667 0.250000
vt 0.666667 0.333333
vt 0.666667 0.416667
vt 0.666667 0.500000
vt 0.666667 0.583333
vt 0.666667 0.666667
vt 0.666667 0.750000
vt 0.666667 0.833333
vt 0.750000 1.000000
vt 0.750000 0.916667
vt 0.750000 0.083333
vt 0.750000 0.000000
vt 0.750000 0.166667
vt 0.750000 0.250000
vt 0.750000 0.333333
vt 0.750000 0.416667
vt 0.750000 0.500000
vt 0.750000 0.583333
vt 0.750000 0.666667
vt 0.750000 0.750000
vt 0.750000 0.833333
vt 0.833333 1.000000
vt 0.833333 0.916667
vt 0.833333 0.083333
vt 0.833333 0.000000
vt 0.833333 0.166667
vt 0.833333 0.250000
vt 0.833333 0.333333
vt 0.833333 0.416667
vt 0.833333 0.500000
vt 0.833333 0.583333
vt 0.833333 0.666667
vt 0.833333 0.750000
vt 0.833333 0.833333
vt 0.916667 1.000000
vt 0.916667 0.916667
vt 0.916667 0.083333
vt 0.916667 0.000000
vt 0.916667 0.166667
vt 0.916667 0.250000
vt 0.916667 0.333333
vt 0.916667 0.416667
vt 0.916667 0.500000
vt 0.916667 0.583333
vt 0.916667 0.666667
vt 0.916667 0.750000
vt 0.916667 0.833333
vt 1.000000 1.000000
vt 1.000000 0.916667
vt 1.000000 0.083333
vt 1.000000 0.000000
vt 1.000000 0.166667
vt 1.000000 0.250000
vt 1.000000 0.333333
vt 1.000000 0.416667
vt 1.000000 0.500000
vt 1.000000 0.583333
vt 1.000000 0.666667
vt 1.000000 0.750000
vt 1.000000 0.833333
vt 0.000000 1.000000
vt 0.083333 1.000000
vt 0.083333 0.916667
vt 0.000000 0.916667
vt 0.000000 0.083333
vt 0.083333 0.083333
vt 0.083333 0.000000
vt 0.000000 0.000000
vt 0.000000 0.166667
vt 0.083333 0.166667
vt 0.000000 0.250000
vt 0.083333 0.250000
vt 0.000000 0.333333
vt 0.083333 0.333333
vt 0.000000 0.416667
vt 0.083333 0.416667
vt 0.000000 0.500000
vt 0.083333 0.500000
vt 0.000000 0.583333
vt 0.083333 0.583333
vt 0.000000 0.666667
vt 0.083333 0.666667
vt 0.000000 0.750000
vt 0.083333 0.750000
vt 0.000000 0.833333
vt 0.083333 0.833333
vt 0.166667 1.000000
vt 0.166667 0.916667
vt 0.166667 0.083333
vt 0.166667 0.000000
vt 0.166667 0.166667
vt 0.166667 0.250000
vt 0.166667 0.333333
vt 0.166667 0.416667
vt 0.166667 0.500000
vt 0.166667 0.583333
vt 0.166667 0.666667
vt 0.166667 0.750000
vt 0.166667 0.833333
vt 0.250000 1.000000
vt 0.250000 0.916667
vt 0.250000 0.083333
vt 0.250000 0.000000
vt 0.250000 0.166667
vt 0.250000 0.250000
vt 0.250000 0.333333
vt 0.250000 0.416667
vt 0.250000 0.500000
vt 0.250000 0.583333
vt 0.250000 0.666667
vt 0.250000 0.750000
vt 0.250000 0.833333
vt 0.333333 1.000000
vt 0.333333 0.916667
vt 0.333333 0.083333
vt 0.333333 0.000000
vt 0.333333 0.166667
vt 0.333333 0.250000
vt 0.333333 0.333333
vt 0.333333 0.416667
vt 0.333333 0.500000
vt 0.333333 0.583333
vt 0.333333 0.666667
vt 0.333333 0.750000
vt 0.333333 0.833333
vt 0.416667 1.000000
vt 0.416667 0.916667
vt 0.416667 0.083333
vt 0.416667 0.000000
vt 0.416667 0.166667
vt 0.416667 0.250000
vt 0.416667 0.333333
vt 0.416667 0.416667
vt 0.416667 0.500000
vt 0.416667 0.583333
vt 0.416667 0.666667
vt 0.416667 0.750000
vt 0.416667 0.833333
vt 0.500000 1.000000
vt 0.500000 0.916667
vt 0.500000 0.083333
vt 0.500000 0.000000
vt 0.500000 0.166667
vt 0.500000 0.250000
vt 0.500000 0.333333
vt 0.500000 0.416667
vt 0.500000 0.500000
vt 0.500000 0.583333
vt 0.500000 0.666667
vt 0.500000 0.750000
vt 0.500000 0.833333
vt 0.583333 1.000000
vt 0.583333 0.916667
vt 0.583333 0.083333
vt 0.583333 0.000000
vt 0.583333 0.166667
vt 0.583333 0.250000
vt 0.583333 0.333333
vt 0.583333 0.416667
vt 0.583333 0.500000
vt 0.583333 0.583333
vt 0.583333 0.666667
vt 0.583333 0.750000
vt 0.583333 0.833333
vt 0.666667 1.000000
vt 0.666667 0.916667
vt 0.666667 0.083333
vt 0.666667 0.000000
vt 0.666667 0.166667
vt 0.666667 0.250000
vt 0.666667 0.333333
vt 0.666667 0.416667
vt 0.666667 0.500000
vt 0.666667 0.583333
vt 0.666667 0.666667
vt 0.666667 0.750000
vt 0.666667 0.833333
vt 0.750000 1.000000
vt 0.750000 0.916667
vt 0.750000 0.083333
vt 0.750000 0.000000
vt 0.750000 0.166667
vt 0.750000 0.250000
vt 0.750000 0.333333
vt 0.750000 0.416667
vt 0.750000 0.500000
vt 0.750000 0.583333
vt 0.750000 0.666667
vt 0.750000 0.750000
vt 0.750000 0.833333
vt 0.916667 1.000000
vt 1.000000 1.000000
vt 1.000000 0.916667
vt 0.916667 0.916667
vt 0.916667 0.083333
vt 1.000000 0.083333
vt 1.000000 0.000000
vt 0.916667 0.000000
vt 0.916667 0.166667
vt 1.000000 0.166667
vt 0.916667 0.250000
vt 1.000000 0.250000
vt 0.916667 0.333333
vt 1.000000 0.333333
vt 0.916667 0.416667
vt 1.000000 0.416667
vt 0.916667 0.500000
vt 1.000000 0.500000
vt 0.916667 0.583333
vt 1.000000 0.583333
vt 0.916667 0.666667
vt 1.000000 0.666667
vt 0.916667 0.750000
vt 1.000000 0.750000
vt 0.916667 0.833333
vt 1.000000 0.833333
vt 0.000000 1.000000
vt 0.083333 1.000000
vt 0.083333 0.916667
vt 0.000000 0.916667
vt 0.000000 0.083333
vt 0.083333 0.083333
vt 0.083333 0.000000
vt 0.000000 0.000000
vt 0.000000 0.166667
vt 0.083333 0.166667
vt 0.000000 0.250000
vt 0.083333 0.250000
vt 0.000000 0.333333
vt 0.083333 0.333333
vt 0.000000 0.416667
vt 0.083333 0.416667
vt 0.000000 0.500000
vt 0.083333 0.500000
vt 0.000000 0.583333
vt 0.083333 0.583333
vt 0.000000 0.666667
vt 0.083333 0.666667
vt 0.000000 0.750000
vt 0.083333 0.750000
vt 0.000000 0.833333
vt 0.083333 0.833333
vt 0.166667 1.000000
vt 0.166667 0.916667
vt 0.166667 0.083333
vt 0.166667 0.000000
vt 0.166667 0.166667
vt 0.166667 0.250000
vt 0.166667 0.333333
vt 0.166667 0.416667
vt 0.166667 0.500000
vt 0.166667 0.583333
vt 0.166667 0.666667
vt 0.166667 0.750000
vt 0.166667 0.833333
vt 0.250000 1.000000
vt 0.250000 0.916667
vt 0.250000 0.083333
vt 0.250000 0.000000
vt 0.250000 0.166667
vt 0.250000 0.250000
vt 0.250000 0.333333
vt 0.250000 0.416667
vt 0.250000 0.500000
vt 0.250000 0.583333
vt 0.250000 0.666667
vt 0.250000 0.750000
vt 0.250000 0.833333
vt 0.333333 1.000000
vt 0.333333 0.916667
vt 0.333333 0.083333
vt 0.333333 0.000000
vt 0.333333 0.166667
vt 0.333333 0.250000
vt 0.333333 0.333333
vt 0.333333 0.416667
vt 0.333333 0.500000
vt 0.333333 0.583333
vt 0.333333 0.666667
vt 0.333333 0.750000
vt 0.333333 0.833333
vt 0.416667 1.000000
vt 0.416667 0.916667
vt 0.416667 0.083333
vt 0.416667 0.000000
vt 0.416667 0.166667
vt 0.416667 0.250000
vt 0.416667 0.333333
vt 0.416667 0.416667
vt 0.416667 0.500000
vt 0.416667 0.583333
vt 0.416667 0.666667
vt 0.416667 0.750000
vt 0.416667 0.833333
vt 0.500000 1.000000
vt 0.500000 0.916667
vt 0.500000 0.083333
vt 0.500000 0.000000
vt 0.500000 0.166667
vt 0.500000 0.250000
vt 0.500000 0.333333
vt 0.500000 0.416667
vt 0.500000 0.500000
vt 0.500000 0.583333
vt 0.500000 0.666667
vt 0.500000 0.750000
vt 0.500000 0.833333
vt 0.583333 1.000000
vt 0.583333 0.916667
vt 0.583333 0.083333
vt 0.583333 0.000000
vt 0.583333 0.166667
vt 0.583333 0.250000
vt 0.583333 0.333333
vt 0.583333 0.416667
vt 0.583333 0.500000
vt 0.583333 0.583333
vt 0.583333 0.666667
vt 0.583333 0.750000
vt 0.583333 0.833333
vt 0.666667 1.000000
vt 0.666667 0.916667
vt 0.666667 0.083333
vt 0.666667 0.000000
vt 0.666667 0.166667
vt 0.666667 0.250000
vt 0.666667 0.333333
vt 0.666667 0.416667
vt 0.666667 0.500000
vt 0.666667 0.583333
vt 0.666667 0.666667
vt 0.666667 0.750000
vt 0.666667 0.833333
vt 0.750000 1.000000
vt 0.750000 0.916667
vt 0.750000 0.083333
vt 0.750000 0.000000
vt 0.750000 0.166667
vt 0.750000 0.250000
vt 0.750000 0.333333
vt 0.750000 0.416667
vt 0.750000 0.500000
vt 0.750000 0.583333
vt 0.750000 0.666667
vt 0.750000 0.750000
vt 0.750000 0.833333
vt 0.833333 1.000000
vt 0.833333 0.916667
vt 0.833333 0.083333
vt 0.833333 0.000000
vt 0.833333 0.166667
vt 0.833333 0.250000
vt 0.833333 0.333333
vt 0.833333 0.416667
vt 0.833333 0.500000
vt 0.833333 0.583333
vt 0.833333 0.666667
vt 0.833333 0.750000
vt 0.833333 0.833333
vt 0.916667 1.000000
vt 0.916667 0.916667
vt 0.916667 0.083333
vt 0.916667 0.000000
vt 0.916667 0.166667
vt 0.916667 0.250000
vt 0.916667 0.333333
vt 0.916667 0.416667
vt 0.916667 0.500000
vt 0.916667 0.583333
vt 0.916667 0.666667
vt 0.916667 0.750000
vt 0.916667 0.833333
vt 1.000000 1.000000
vt 1.000000 0.916667
vt 1.000000 0.083333
vt 1.000000 0.000000
vt 1.000000 0.166667
vt 1.000000 0.250000
vt 1.000000 0.333333
vt 1.000000 0.416667
vt 1.000000 0.500000
vt 1.000000 0.583333
vt 1.000000 0.666667
vt 1.000000 0.750000
vt 1.000000 0.833333
vn -0.7485 0.5225 -0.4083
vn -0.8092 0.5107 -0.2904
vn -0.9518 0.0052 -0.3067
vn -0.8975 0.0045 -0.4409
vn -0.3824 0.8863 -0.2609
vn -0.4355 0.8779 -0.1989
vn 0.0804 0.9965 -0.0236
vn 0.0519 0.9976 -0.0450
vn 0.5074 0.8339 0.2170
vn 0.5163 0.8484 0.1172
vn 0.7944 0.4679 0.3872
vn 0.8430 0.4820 0.2386
vn 0.8927 0.0012 0.4506
vn 0.9575 -0.0039 0.2885
vn 0.7899 -0.4673 0.3970
vn 0.8338 -0.4893 0.2555
vn 0.4964 -0.8360 0.2337
vn 0.4991 -0.8540 0.1466
vn 0.0634 -0.9980 -0.0037
vn 0.0296 -0.9995 -0.0101
vn -0.4009 -0.8842 -0.2398
vn -0.4574 -0.8736 -0.1660
vn -0.7621 -0.5162 -0.3908
vn -0.8227 -0.5011 -0.2683
vn -0.8523 0.5130 -0.1017
vn -0.9954 0.0107 -0.0952
vn -0.4763 0.8748 -0.0884
vn 0.0279 0.9980 -0.0571
vn 0.5217 0.8530 -0.0164
vn 0.8751 0.4835 0.0215
vn 0.9989 -0.0111 0.0456
vn 0.8627 -0.5033 0.0495
vn 0.4997 -0.8656 0.0325
vn 0.0016 -1.0000 0.0000
vn -0.4997 -0.8654 -0.0383
vn -0.8660 -0.4948 -0.0724
vn -0.8578 0.5138 -0.0089
vn -0.9998 0.0138 0.0130
vn -0.4844 0.8741 -0.0350
vn 0.0183 0.9981 -0.0578
vn 0.5145 0.8545 -0.0713
vn 0.8722 0.4837 -0.0721
vn 0.9981 -0.0148 -0.0602
vn 0.8594 -0.5098 -0.0389
vn 0.4920 -0.8705 -0.0136
vn -0.0080 -0.9999 0.0090
vn -0.5075 -0.8614 0.0231
vn -0.8712 -0.4902 0.0247
vn -0.8568 0.5142 0.0386
vn -0.9975 0.0155 0.0687
vn -0.4861 0.8738 -0.0076
vn 0.0141 0.9982 -0.0573
vn 0.5094 0.8550 -0.0972
vn 0.8675 0.4835 -0.1167
vn 0.9937 -0.0167 -0.1108
vn 0.8547 -0.5128 -0.0810
vn 0.4870 -0.8726 -0.0352
vn -0.0118 -0.9998 0.0143
vn -0.5087 -0.8592 0.0546
vn -0.8699 -0.4875 0.0745
vn -0.8554 0.5142 0.0618
vn -0.9952 0.0164 0.0958
vn -0.4866 0.8736 0.0059
vn 0.0119 0.9983 -0.0568
vn 0.5063 0.8553 -0.1095
vn 0.8644 0.4835 -0.1381
vn 0.9907 -0.0177 -0.1351
vn 0.8516 -0.5143 -0.1012
vn 0.4841 -0.8738 -0.0455
vn -0.0138 -0.9998 0.0172
vn -0.5089 -0.8579 0.0700
vn -0.8683 -0.4860 0.0988
vn -0.8551 0.5139 0.0689
vn -0.9944 0.0166 0.1041
vn -0.4873 0.8732 0.0101
vn 0.0105 0.9983 -0.0566
vn 0.5047 0.8558 -0.1132
vn 0.8631 0.4838 -0.1447
vn 0.9896 -0.0180 -0.1425
vn 0.8503 -0.5152 -0.1073
vn 0.4826 -0.8745 -0.0485
vn -0.0151 -0.9997 0.0181
vn -0.5094 -0.8572 0.0748
vn -0.8679 -0.4852 0.1062
vn -0.8561 0.5130 0.0622
vn -0.9952 0.0163 0.0961
vn -0.4885 0.8725 0.0063
vn 0.0094 0.9984 -0.0565
vn 0.5044 0.8564 -0.1095
vn 0.8637 0.4845 -0.1385
vn 0.9906 -0.0178 -0.1355
vn 0.8508 -0.5155 -0.1014
vn 0.4821 -0.8749 -0.0454
vn -0.0163 -0.9997 0.0175
vn -0.5108 -0.8568 0.0703
vn -0.8689 -0.4849 0.0991
vn -0.8584 0.5115 0.0394
vn -0.9975 0.0153 0.0694
vn -0.4906 0.8713 -0.0067
vn 0.0082 0.9983 -0.0568
vn 0.5051 0.8575 -0.0975
vn 0.8661 0.4859 -0.1177
vn 0.9936 -0.0170 -0.1120
vn 0.8529 -0.5155 -0.0818
vn 0.4824 -0.8752 -0.0352
vn -0.0177 -0.9997 0.0149
vn -0.5130 -0.8566 0.0553
vn -0.8712 -0.4851 0.0752
vn -0.8610 0.5086 -0.0075
vn -0.9998 0.0133 0.0142
vn -0.4932 0.8692 -0.0337
vn 0.0068 0.9983 -0.0576
vn 0.5061 0.8594 -0.0729
vn 0.8694 0.4882 -0.0753
vn 0.9978 -0.0155 -0.0639
vn 0.8561 -0.5152 -0.0416
vn 0.4830 -0.8755 -0.0146
vn -0.0194 -0.9998 0.0095
vn -0.5157 -0.8564 0.0242
vn -0.8738 -0.4855 0.0258
vn -0.8585 0.5026 -0.1018
vn -0.9953 0.0096 -0.0967
vn -0.4942 0.8649 -0.0880
vn 0.0048 0.9982 -0.0597
vn 0.5056 0.8624 -0.0253
vn 0.8707 0.4918 0.0063
vn 0.9995 -0.0126 0.0284
vn 0.8571 -0.5138 0.0359
vn 0.4823 -0.8756 0.0254
vn -0.0215 -0.9998 -0.0018
vn -0.5163 -0.8555 -0.0384
vn -0.8709 -0.4859 -0.0734
vn -0.8124 0.4902 -0.3156
vn -0.9403 0.0056 -0.3403
vn -0.4760 0.8518 -0.2186
vn -0.0072 0.9974 -0.0720
vn 0.4814 0.8727 0.0810
vn 0.8500 0.4941 0.1825
vn 0.9793 -0.0206 0.2010
vn 0.8424 -0.5139 0.1618
vn 0.4839 -0.8709 0.0854
vn -0.0063 -0.9994 -0.0325
vn -0.4878 -0.8558 -0.1722
vn -0.8259 -0.4851 -0.2874
vn -0.5857 0.4625 -0.6655
vn -0.7316 0.0069 -0.6817
vn -0.3211 0.8151 -0.4821
vn -0.0031 0.9849 -0.1729
vn 0.2823 0.9382 0.2002
vn 0.4387 0.6956 0.5689
vn 0.3697 0.3245 0.8706
vn 0.0547 -0.2501 0.9666
vn -0.2329 -0.7618 0.6045
vn -0.3936 -0.9009 0.1825
vn -0.5889 -0.7790 -0.2152
vn -0.7281 -0.4441 -0.5221
vn -0.0896 0.2908 -0.9525
vn -0.3398 -0.1303 -0.9314
vn 0.1386 0.6677 -0.7313
vn 0.2837 0.9041 -0.3195
vn 0.2848 0.9416 0.1797
vn 0.0813 0.7834 0.6161
vn -0.3192 0.5201 0.7922
vn -0.6751 0.2623 0.6895
vn -0.8222 -0.0812 0.5633
vn -0.8085 -0.5233 0.2692
vn -0.7138 -0.6608 -0.2318
vn -0.5582 -0.4856 -0.6727
vn 0.3135 0.0381 -0.9488
vn -0.0297 -0.3310 -0.9431
vn 0.5434 0.4232 -0.7250
vn 0.6023 0.7278 -0.3278
vn 0.4637 0.8744 0.1425
vn 0.1440 0.8233 0.5489
vn -0.2720 0.5972 0.7545
vn -0.6396 0.2715 0.7192
vn -0.8570 -0.0928 0.5069
vn -0.8876 -0.4340 0.1541
vn -0.7216 -0.6266 -0.2944
vn -0.4059 -0.5824 -0.7043
vn 0.4551 -0.0896 -0.8859
vn 0.0802 -0.4364 -0.8962
vn 0.6874 0.3042 -0.6594
vn 0.7157 0.6413 -0.2765
vn 0.5302 0.8323 0.1615
vn 0.1782 0.8254 0.5356
vn -0.2449 0.6221 0.7436
vn -0.6235 0.2773 0.7310
vn -0.8557 -0.1175 0.5038
vn -0.8805 -0.4579 0.1223
vn -0.6912 -0.6510 -0.3137
vn -0.3391 -0.6427 -0.6869
vn 0.5022 -0.1395 -0.8534
vn 0.1193 -0.4812 -0.8684
vn 0.7336 0.2596 -0.6280
vn 0.7513 0.6097 -0.2524
vn 0.5501 0.8169 0.1730
vn 0.1836 0.8253 0.5339
vn -0.2497 0.6326 0.7331
vn -0.6332 0.2905 0.7174
vn -0.8641 -0.1090 0.4914
vn -0.8808 -0.4591 0.1157
vn -0.6790 -0.6659 -0.3090
vn -0.3129 -0.6739 -0.6692
vn 0.5111 -0.1520 -0.8460
vn 0.1290 -0.4971 -0.8580
vn 0.7400 0.2525 -0.6234
vn 0.7539 0.6076 -0.2499
vn 0.5490 0.8175 0.1739
vn 0.1807 0.8260 0.5339
vn -0.2516 0.6312 0.7336
vn -0.6321 0.2860 0.7201
vn -0.8594 -0.1172 0.4977
vn -0.8732 -0.4707 0.1257
vn -0.6699 -0.6806 -0.2966
vn -0.3032 -0.6905 -0.6567
vn 0.4928 -0.1386 -0.8590
vn 0.1186 -0.4942 -0.8612
vn 0.7177 0.2724 -0.6409
vn 0.7320 0.6275 -0.2654
vn 0.5320 0.8304 0.1653
vn 0.1728 0.8270 0.5350
vn -0.2483 0.6194 0.7447
vn -0.6187 0.2644 0.7397
vn -0.8406 -0.1431 0.5224
vn -0.8556 -0.4953 0.1505
vn -0.6594 -0.6988 -0.2774
vn -0.3032 -0.6988 -0.6478
vn 0.4418 -0.0998 -0.8915
vn 0.0853 -0.4744 -0.8762
vn 0.6599 0.3202 -0.6797
vn 0.6792 0.6706 -0.2982
vn 0.4952 0.8560 0.1485
vn 0.1593 0.8273 0.5387
vn -0.2366 0.5947 0.7683
vn -0.5871 0.2221 0.7784
vn -0.8004 -0.1912 0.5681
vn -0.8210 -0.5371 0.1934
vn -0.6431 -0.7245 -0.2480
vn -0.3120 -0.7024 -0.6397
vn 0.3341 -0.0296 -0.9420
vn 0.0147 -0.4361 -0.8997
vn 0.5388 0.4037 -0.7394
vn 0.5719 0.7434 -0.3468
vn 0.4246 0.8965 0.1263
vn 0.1387 0.8240 0.5493
vn -0.2067 0.5497 0.8093
vn -0.5194 0.1494 0.8414
vn -0.7181 -0.2720 0.6406
vn -0.7519 -0.6058 0.2600
vn -0.6114 -0.7648 -0.2028
vn -0.3316 -0.7044 -0.6276
vn 0.1023 0.0797 -0.9915
vn -0.1259 -0.3802 -0.9163
vn 0.2710 0.5350 -0.8002
vn 0.3454 0.8522 -0.3928
vn 0.2912 0.9499 0.1137
vn 0.1137 0.8098 0.5755
vn -0.1323 0.4748 0.8701
vn -0.3749 0.0350 0.9264
vn -0.5486 -0.3970 0.7358
vn -0.6088 -0.7127 0.3485
vn -0.5405 -0.8298 -0.1387
vn -0.3626 -0.7116 -0.6017
vn -0.3731 0.1762 -0.9109
vn -0.3580 -0.3372 -0.8707
vn -0.3318 0.6465 -0.6870
vn -0.1058 0.9414 -0.3201
vn 0.0809 0.9843 0.1568
vn 0.1059 0.7764 0.6213
vn 0.0267 0.3791 0.9249
vn -0.1034 -0.1019 0.9894
vn -0.2392 -0.5459 0.8030
vn -0.3437 -0.8429 0.4140
vn -0.3940 -0.9155 -0.0810
vn -0.3879 -0.7360 -0.5547
vn -0.6772 0.1569 -0.7188
vn -0.5376 -0.3496 -0.7672
vn -0.6692 0.5831 -0.4605
vn -0.4228 0.8931 -0.1533
vn -0.0931 0.9631 0.2523
vn 0.1357 0.7409 0.6577
vn 0.2469 0.3176 0.9155
vn 0.2493 -0.1855 0.9505
vn 0.1584 -0.6386 0.7531
vn 0.0010 -0.9275 0.3736
vn -0.1869 -0.9781 -0.0911
vn -0.3720 -0.7711 -0.5167
vn -0.6215 0.1480 -0.7693
vn -0.4890 -0.3506 -0.7986
vn -0.5985 0.5978 -0.5333
vn -0.4070 0.8980 -0.1673
vn -0.0965 0.9633 0.2503
vn 0.2219 0.7556 0.6162
vn 0.4510 0.3382 0.8259
vn 0.5430 -0.1679 0.8227
vn 0.4877 -0.6294 0.6049
vn 0.3045 -0.9254 0.2256
vn 0.0382 -0.9759 -0.2149
vn -0.2486 -0.7651 -0.5940
vn -0.4006 0.1951 -0.8952
vn -0.2598 -0.2915 -0.9206
vn -0.4204 0.6380 -0.6451
vn -0.3046 0.9231 -0.2345
vn -0.0650 0.9723 0.2243
vn 0.2506 0.7670 0.5907
vn 0.5228 0.3673 0.7692
vn 0.6385 -0.1287 0.7587
vn 0.5953 -0.5980 0.5366
vn 0.4428 -0.8870 0.1306
vn 0.2172 -0.9182 -0.3311
vn -0.0359 -0.6980 -0.7151
vn -0.1183 0.2903 -0.9496
vn 0.0453 -0.1839 -0.9819
vn -0.2300 0.6998 -0.6763
vn -0.2494 0.9413 -0.2276
vn -0.1318 0.9516 0.2777
vn 0.2191 0.7383 0.6379
vn 0.6211 0.3963 0.6761
vn 0.6933 -0.0807 0.7161
vn 0.5422 -0.5967 0.5915
vn 0.4590 -0.8755 0.1508
vn 0.3629 -0.8621 -0.3538
vn 0.2185 -0.6044 -0.7660
vn 0.2118 0.4136 -0.8855
vn 0.3960 -0.0523 -0.9167
vn -0.0033 0.7841 -0.6206
vn -0.1855 0.9654 -0.1831
vn -0.2500 0.9132 0.3217
vn -0.0200 0.6789 0.7339
vn 0.4598 0.3605 0.8115
vn 0.5395 -0.1396 0.8303
vn 0.3747 -0.6553 0.6559
vn 0.4333 -0.8802 0.1938
vn 0.5093 -0.8045 -0.3055
vn 0.5025 -0.4970 -0.7074
vn 0.3673 0.4706 -0.8022
vn 0.5572 0.0132 -0.8302
vn 0.1059 0.8230 -0.5581
vn -0.1590 0.9765 -0.1454
vn -0.3316 0.8802 0.3393
vn -0.2829 0.5750 0.7676
vn -0.0099 0.1924 0.9813
vn 0.1524 -0.2523 0.9555
vn 0.2163 -0.6994 0.6811
vn 0.4002 -0.8888 0.2234
vn 0.5717 -0.7790 -0.2575
vn 0.6317 -0.4418 -0.6369
vn 0.7435 0.5979 -0.2994
vn 0.7621 0.5965 -0.2518
vn 0.9389 0.1213 -0.3220
vn 0.9272 0.1257 -0.3527
vn 0.3775 0.9149 -0.1424
vn 0.3964 0.9138 -0.0885
vn -0.0764 0.9941 0.0772
vn -0.0622 0.9904 0.1236
vn -0.5001 0.8114 0.3025
vn -0.4935 0.8052 0.3287
vn -0.7785 0.4112 0.4741
vn -0.7821 0.4052 0.4733
vn -0.8322 -0.1001 0.5453
vn -0.8482 -0.1046 0.5191
vn -0.6446 -0.5820 0.4956
vn -0.6711 -0.5866 0.4534
vn -0.2687 -0.9023 0.3371
vn -0.2985 -0.9086 0.2921
vn 0.1913 -0.9750 0.1125
vn 0.1664 -0.9830 0.0775
vn 0.6113 -0.7828 -0.1164
vn 0.5971 -0.7912 -0.1322
vn 0.8798 -0.3792 -0.2866
vn 0.8792 -0.3864 -0.2787
vn 0.7955 0.5829 -0.1655
vn 0.9543 0.1081 -0.2787
vn 0.4389 0.8982 0.0219
vn -0.0208 0.9728 0.2308
vn -0.4637 0.7881 0.4048
vn -0.7734 0.3916 0.4986
vn -0.8651 -0.1143 0.4883
vn -0.7096 -0.5945 0.3782
vn -0.3465 -0.9168 0.1982
vn 0.1223 -0.9925 -0.0058
vn 0.5675 -0.8028 -0.1828
vn 0.8714 -0.3997 -0.2845
vn 0.8262 0.5545 -0.0991
vn 0.9574 0.0880 -0.2748
vn 0.4928 0.8582 0.1433
vn 0.0464 0.9246 0.3780
vn -0.3982 0.7416 0.5398
vn -0.7272 0.3571 0.5862
vn -0.8517 -0.1325 0.5069
vn -0.7295 -0.6005 0.3274
vn -0.3841 -0.9174 0.1041
vn 0.0831 -0.9913 -0.1016
vn 0.5321 -0.8071 -0.2557
vn 0.8495 -0.4135 -0.3276
vn 0.8596 0.5076 -0.0575
vn 0.9457 0.0661 -0.3181
vn 0.5755 0.7691 0.2781
vn 0.1652 0.8038 0.5714
vn -0.2695 0.6162 0.7400
vn -0.6211 0.2564 0.7406
vn -0.7968 -0.1887 0.5740
vn -0.7354 -0.6123 0.2901
vn -0.4211 -0.9069 -0.0071
vn 0.0642 -0.9799 -0.1888
vn 0.5089 -0.8103 -0.2904
vn 0.8156 -0.4356 -0.3808
vn 0.8874 0.4566 -0.0634
vn 0.8874 0.1170 -0.4458
vn 0.6985 0.6054 0.3815
vn 0.3578 0.5602 0.7470
vn -0.0535 0.3489 0.9356
vn -0.4349 0.0283 0.9000
vn -0.6880 -0.3246 0.6490
vn -0.7347 -0.6308 0.2495
vn -0.5264 -0.8328 -0.1714
vn -0.0764 -0.8962 -0.4369
vn 0.4033 -0.7442 -0.5324
vn 0.7206 -0.3537 -0.5963
vn 0.8720 0.4761 -0.1136
vn 0.7314 0.3417 -0.5901
vn 0.8093 0.4404 0.3886
vn 0.5582 0.2666 0.7857
vn 0.1816 0.0086 0.9833
vn -0.2290 -0.2676 0.9359
vn -0.5726 -0.4959 0.6528
vn -0.7566 -0.6230 0.1986
vn -0.7150 -0.6250 -0.3130
vn -0.4300 -0.5199 -0.7381
vn 0.0118 -0.2972 -0.9547
vn 0.4305 0.0441 -0.9015
vn 0.8337 0.5345 -0.1386
vn 0.5546 0.6020 -0.5744
vn 0.8930 0.3150 0.3213
vn 0.7268 0.0068 0.6868
vn 0.3826 -0.3097 0.8704
vn -0.0529 -0.5557 0.8296
vn -0.4721 -0.6699 0.5730
vn -0.7678 -0.6204 0.1600
vn -0.8564 -0.4146 -0.3074
vn -0.7033 -0.1023 -0.7035
vn -0.3424 0.2320 -0.9104
vn 0.1227 0.4920 -0.8619
vn 0.8128 0.5664 -0.1358
vn 0.4530 0.7653 -0.4573
vn 0.9546 0.2125 0.2088
vn 0.8507 -0.1996 0.4862
vn 0.5342 -0.5649 0.6289
vn 0.0862 -0.7928 0.6033
vn -0.3818 -0.8258 0.4151
vn -0.7510 -0.6513 0.1088
vn -0.9209 -0.3077 -0.2391
vn -0.8364 0.1185 -0.5351
vn -0.5108 0.5086 -0.6931
vn -0.0341 0.7468 -0.6641
vn 0.7902 0.6026 -0.1116
vn 0.3861 0.8703 -0.3056
vn 0.9798 0.1723 0.1016
vn 0.9120 -0.3028 0.2765
vn 0.6109 -0.7006 0.3686
vn 0.1554 -0.9216 0.3556
vn -0.3396 -0.9092 0.2407
vn -0.7474 -0.6623 0.0522
vn -0.9574 -0.2395 -0.1613
vn -0.9062 0.2491 -0.3417
vn -0.6013 0.6676 -0.4389
vn -0.1256 0.8960 -0.4259
vn 0.7747 0.6281 -0.0727
vn 0.3541 0.9192 -0.1721
vn 0.9851 0.1682 0.0363
vn 0.9338 -0.3350 0.1254
vn 0.6390 -0.7499 0.1712
vn 0.1792 -0.9703 0.1622
vn -0.3272 -0.9395 0.1009
vn -0.7489 -0.6626 0.0029
vn -0.9722 -0.2087 -0.1057
vn -0.9327 0.3027 -0.1960
vn -0.6368 0.7316 -0.2432
vn -0.1642 0.9581 -0.2345
vn 0.7659 0.6424 -0.0279
vn 0.3396 0.9381 -0.0671
vn 0.9846 0.1742 0.0094
vn 0.9402 -0.3387 0.0346
vn 0.6478 -0.7607 0.0411
vn 0.1857 -0.9822 0.0272
vn -0.3249 -0.9457 -0.0034
vn -0.7505 -0.6594 -0.0426
vn -0.9772 -0.1966 -0.0798
vn -0.9414 0.3205 -0.1051
vn -0.6495 0.7521 -0.1117
vn -0.1796 0.9789 -0.0978
vn 0.7609 0.6485 0.0215
vn 0.3322 0.9430 0.0177
vn 0.9836 0.1802 0.0104
vn 0.9423 -0.3344 -0.0127
vn 0.6507 -0.7582 -0.0416
vn 0.1876 -0.9798 -0.0688
vn -0.3246 -0.9418 -0.0869
vn -0.7510 -0.6539 -0.0912
vn -0.9783 -0.1908 -0.0803
vn -0.9439 0.3253 -0.0570
vn -0.6544 0.7556 -0.0277
vn -0.1868 0.9824 -0.0003
vn 0.7572 0.6483 0.0793
vn 0.3269 0.9405 0.0928
vn 0.9826 0.1825 0.0351
vn 0.9435 -0.3302 -0.0276
vn 0.6526 -0.7520 -0.0921
vn 0.1892 -0.9717 -0.1413
vn -0.3232 -0.9323 -0.1623
vn -0.7496 -0.6448 -0.1494
vn -0.9771 -0.1845 -0.1059
vn -0.9440 0.3271 -0.0432
vn -0.6569 0.7536 0.0219
vn -0.1915 0.9789 0.0717
vn 0.7522 0.6410 0.1524
vn 0.3207 0.9322 0.1676
vn 0.9802 0.1780 0.0862
vn 0.9437 -0.3304 -0.0127
vn 0.6546 -0.7467 -0.1177
vn 0.1925 -0.9605 -0.2008
vn -0.3187 -0.9169 -0.2402
vn -0.7440 -0.6290 -0.2254
vn -0.9718 -0.1728 -0.1605
vn -0.9412 0.3320 -0.0623
vn -0.6583 0.7515 0.0433
vn -0.1964 0.9722 0.1276
vn 0.7404 0.6227 0.2530
vn 0.3093 0.9167 0.2529
vn 0.9714 0.1616 0.1740
vn 0.9396 -0.3401 0.0376
vn 0.6558 -0.7455 -0.1191
vn 0.1993 -0.9463 -0.2544
vn -0.3062 -0.8921 -0.3324
vn -0.7273 -0.6001 -0.3329
vn -0.9553 -0.1481 -0.2559
vn -0.9303 0.3462 -0.1213
vn -0.6564 0.7536 0.0358
vn -0.2030 0.9637 0.1731
vn 0.7066 0.5828 0.4013
vn 0.2824 0.8880 0.3628
vn 0.9400 0.1213 0.3188
vn 0.9187 -0.3695 0.1390
vn 0.6509 -0.7538 -0.0902
vn 0.2136 -0.9272 -0.3075
vn -0.2721 -0.8481 -0.4546
vn -0.6791 -0.5434 -0.4934
vn -0.9050 -0.0952 -0.4146
vn -0.8928 0.3823 -0.2382
vn -0.6421 0.7665 -0.0090
vn -0.2129 0.9538 0.2119
vn 0.5958 0.4981 0.6300
vn 0.2038 0.8334 0.5136
vn 0.8295 0.0240 0.5579
vn 0.8343 -0.4505 0.3177
vn 0.6156 -0.7877 -0.0202
vn 0.2441 -0.9001 -0.3608
vn -0.1773 -0.7684 -0.6149
vn -0.5417 -0.4344 -0.7196
vn -0.7595 0.0147 -0.6503
vn -0.7764 0.4658 -0.4245
vn -0.5852 0.8049 -0.0983
vn -0.2292 0.9420 0.2451
vn 0.3276 0.3385 0.8821
vn 0.0183 0.7276 0.6858
vn 0.5492 -0.1504 0.8220
vn 0.6154 -0.5907 0.5219
vn 0.5121 -0.8553 0.0781
vn 0.2766 -0.8825 -0.3802
vn -0.0235 -0.6779 -0.7348
vn -0.3112 -0.3008 -0.9015
vn -0.5160 0.1527 -0.8429
vn -0.5875 0.5705 -0.5739
vn -0.5057 0.8480 -0.1589
vn -0.2865 0.9095 0.3010
vn 0.0468 0.1878 0.9811
vn -0.1811 0.6114 0.7703
vn 0.2571 -0.2896 0.9220
vn 0.3921 -0.6883 0.6103
vn 0.4142 -0.9002 0.1343
vn 0.3182 -0.8711 -0.3739
vn 0.1328 -0.6141 -0.7779
vn -0.0912 -0.2009 -0.9753
vn -0.2954 0.2609 -0.9191
vn -0.4279 0.6542 -0.6236
vn -0.4539 0.8763 -0.1613
vn -0.3643 0.8631 0.3497
vn -0.1178 0.1137 0.9865
vn -0.3042 0.5544 0.7747
vn 0.0966 -0.3608 0.9276
vn 0.2795 -0.7378 0.6145
vn 0.3806 -0.9148 0.1353
vn 0.3736 -0.8473 -0.3775
vn 0.2626 -0.5576 -0.7874
vn 0.0785 -0.1248 -0.9890
vn -0.1305 0.3380 -0.9320
vn -0.3102 0.7111 -0.6309
vn -0.4135 0.8959 -0.1621
vn -0.4121 0.8401 0.3526
vn -0.2385 0.0605 0.9692
vn -0.3926 0.5140 0.7627
vn -0.0237 -0.4118 0.9109
vn 0.1929 -0.7735 0.6037
vn 0.3520 -0.9265 0.1329
vn 0.4112 -0.8319 -0.3725
vn 0.3561 -0.5184 -0.7775
vn 0.2026 -0.0707 -0.9767
vn -0.0083 0.3932 -0.9194
vn -0.2216 0.7522 -0.6206
vn -0.3813 0.9110 -0.1572
vn -0.4444 0.8249 0.3492
vn -0.3228 0.0248 0.9461
vn -0.4525 0.4876 0.7466
vn -0.1097 -0.4468 0.8878
vn 0.1288 -0.7988 0.5876
vn 0.3278 -0.9360 0.1278
vn 0.4338 -0.8232 -0.3663
vn 0.4194 -0.4928 -0.7624
vn 0.2896 -0.0341 -0.9565
vn 0.0791 0.4315 -0.8986
vn -0.1565 0.7814 -0.6041
vn -0.3553 0.9227 -0.1496
vn -0.4640 0.8160 0.3448
vn -0.3569 0.0107 0.9340
vn -0.4761 0.4769 0.7389
vn -0.1455 -0.4603 0.8757
vn 0.1012 -0.8086 0.5795
vn 0.3162 -0.9403 0.1256
vn 0.4417 -0.8206 -0.3627
vn 0.4444 -0.4832 -0.7543
vn 0.3248 -0.0196 -0.9456
vn 0.1150 0.4471 -0.8871
vn -0.1294 0.7936 -0.5945
vn -0.3439 0.9278 -0.1446
vn -0.4711 0.8124 0.3435
vn -0.4419 -0.0202 0.8968
vn -0.4389 -0.0184 0.8983
vn -0.5093 0.4634 0.7252
vn -0.5183 0.4606 0.7205
vn -0.2510 -0.4974 0.8304
vn -0.2553 -0.4972 0.8292
vn 0.0033 -0.8426 0.5386
vn -0.0074 -0.8446 0.5353
vn 0.2524 -0.9624 0.0998
vn 0.2383 -0.9665 0.0952
vn 0.4294 -0.8249 -0.3676
vn 0.4154 -0.8297 -0.3729
vn 0.4866 -0.4674 -0.7380
vn 0.4762 -0.4710 -0.7425
vn 0.4092 0.0135 -0.9124
vn 0.4045 0.0126 -0.9145
vn 0.2181 0.4890 -0.8446
vn 0.2199 0.4909 -0.8430
vn -0.0352 0.8322 -0.5534
vn -0.0277 0.8359 -0.5481
vn -0.2833 0.9519 -0.1166
vn -0.2721 0.9560 -0.1093
vn -0.4601 0.8162 0.3495
vn -0.4483 0.8197 0.3565
vn -0.4205 -0.0114 0.9072
vn -0.4788 0.4726 0.7398
vn -0.2551 -0.4946 0.8308
vn -0.0259 -0.8477 0.5298
vn 0.2057 -0.9750 0.0835
vn 0.3773 -0.8408 -0.3881
vn 0.4419 -0.4807 -0.7573
vn 0.3820 0.0075 -0.9241
vn 0.2142 0.4917 -0.8440
vn -0.0156 0.8417 -0.5397
vn -0.2457 0.9648 -0.0940
vn -0.4150 0.8295 0.3738
vn -0.3686 0.0040 0.9296
vn -0.4128 0.4892 0.7683
vn -0.2328 -0.4846 0.8431
vn -0.0402 -0.8473 0.5295
vn 0.1586 -0.9848 0.0701
vn 0.3095 -0.8571 -0.4118
vn 0.3703 -0.4975 -0.7844
vn 0.3238 -0.0041 -0.9461
vn 0.1835 0.4883 -0.8532
vn -0.0116 0.8462 -0.5326
vn -0.2082 0.9754 -0.0729
vn -0.3544 0.8441 0.4024
vn -0.2496 0.0294 0.9679
vn -0.2748 0.5135 0.8129
vn -0.1671 -0.4652 0.8693
vn -0.0469 -0.8413 0.5385
vn 0.0808 -0.9950 0.0587
vn 0.1815 -0.8786 -0.4416
vn 0.2247 -0.5208 -0.8236
vn 0.1965 -0.0204 -0.9803
vn 0.1058 0.4832 -0.8691
vn -0.0193 0.8517 -0.5237
vn -0.1441 0.9886 -0.0422
vn -0.2366 0.8636 0.4452
vn -0.1664 0.0458 0.9850
vn -0.1799 0.5231 0.8331
vn -0.1193 -0.4487 0.8857
vn -0.0477 -0.8335 0.5504
vn 0.0316 -0.9977 0.0603
vn 0.0967 -0.8874 -0.4507
vn 0.1260 -0.5303 -0.8384
vn 0.1089 -0.0259 -0.9937
vn 0.0514 0.4845 -0.8733
vn -0.0267 0.8578 -0.5132
vn -0.1025 0.9945 -0.0198
vn -0.1573 0.8686 0.4698
vn 0.2627 0.7822 0.5649
vn -0.5818 0.6666 0.4660
vn -0.2117 0.0777 0.9742
vn 0.8473 0.0079 0.5310
vn -0.4238 0.8883 -0.1769
vn -0.4349 0.8981 -0.0657
vn 0.0811 0.9967 0.0040
vn 0.0764 0.9960 -0.0462
vn 0.5296 0.8215 0.2113
vn 0.5509 0.8344 0.0164
vn 0.8164 0.4551 0.3554
vn 0.8814 0.4661 0.0763
vn 0.9103 0.0040 0.4139
vn 0.9930 -0.0153 0.1166
vn 0.8063 -0.4524 0.3810
vn 0.8603 -0.4933 0.1279
vn 0.5016 -0.8270 0.2538
vn 0.5123 -0.8521 0.1068
vn 0.0359 -0.9979 0.0534
vn 0.0269 -0.9976 0.0638
vn -0.5184 -0.8472 0.1157
vn -0.5086 -0.8411 0.1840
vn 0.1447 -0.2129 0.9663
vn -0.5894 -0.4508 0.6703
vn -0.7712 0.5502 0.3202
vn -0.8850 0.0637 0.4611
vn -0.4303 0.8971 0.1003
vn 0.0436 0.9932 -0.1083
vn 0.5029 0.8220 -0.2672
vn 0.8262 0.4405 -0.3512
vn 0.9367 -0.0502 -0.3463
vn 0.8092 -0.5292 -0.2552
vn 0.4713 -0.8766 -0.0974
vn 0.0038 -0.9954 0.0959
vn -0.4640 -0.8366 0.2912
vn -0.7825 -0.4380 0.4424
vn -0.7098 0.5665 0.4186
vn -0.8246 0.0779 0.5603
vn -0.4019 0.9009 0.1637
vn 0.0152 0.9911 -0.1321
vn 0.4274 0.8162 -0.3887
vn 0.7250 0.4269 -0.5404
vn 0.8316 -0.0732 -0.5504
vn 0.7201 -0.5548 -0.4168
vn 0.4179 -0.8920 -0.1724
vn 0.0030 -0.9926 0.1211
vn -0.4130 -0.8249 0.3859
vn -0.7161 -0.4322 0.5481
vn -0.6713 0.5717 0.4716
vn -0.7733 0.0870 0.6280
vn -0.3887 0.9019 0.1884
vn -0.0020 0.9895 -0.1445
vn 0.3847 0.8126 -0.4378
vn 0.6684 0.4199 -0.6139
vn 0.7745 -0.0840 -0.6270
vn 0.6747 -0.5660 -0.4736
vn 0.3950 -0.8980 -0.1937
vn 0.0090 -0.9902 0.1390
vn -0.3799 -0.8161 0.4354
vn -0.6666 -0.4215 0.6148
vn -0.6590 0.5728 0.4874
vn -0.7523 0.0908 0.6525
vn -0.3892 0.9009 0.1918
vn -0.0154 0.9878 -0.1548
vn 0.3624 0.8106 -0.4599
vn 0.6434 0.4169 -0.6420
vn 0.7524 -0.0882 -0.6527
vn 0.6603 -0.5701 -0.4888
vn 0.3912 -0.8997 -0.1938
vn 0.0169 -0.9880 0.1535
vn -0.3620 -0.8108 0.4598
vn -0.6437 -0.4158 0.6425
vn -0.6672 0.5702 0.4791
vn -0.7550 0.0904 0.6494
vn -0.4014 0.8978 0.1810
vn -0.0284 0.9858 -0.1655
vn 0.3525 0.8103 -0.4681
vn 0.6393 0.4175 -0.6456
vn 0.7548 -0.0876 -0.6501
vn 0.6673 -0.5696 -0.4798
vn 0.4004 -0.8984 -0.1803
vn 0.0258 -0.9855 0.1676
vn -0.3554 -0.8079 0.4701
vn -0.6410 -0.4138 0.6463
vn -0.6940 0.5630 0.4488
vn -0.7783 0.0851 0.6221
vn -0.4252 0.8915 0.1562
vn -0.0429 0.9830 -0.1784
vn 0.3515 0.8118 -0.4662
vn 0.6523 0.4222 -0.6294
vn 0.7776 -0.0818 -0.6233
vn 0.6930 -0.5642 -0.4488
vn 0.4212 -0.8939 -0.1529
vn 0.0361 -0.9823 0.1837
vn -0.3580 -0.8067 0.4702
vn -0.6557 -0.4158 0.6302
vn -0.7399 0.5482 0.3898
vn -0.8223 0.0724 0.5644
vn -0.4620 0.8797 0.1122
vn -0.0608 0.9787 -0.1961
vn 0.3579 0.8162 -0.4534
vn 0.6814 0.4331 -0.5900
vn 0.8208 -0.0683 -0.5670
vn 0.7374 -0.5516 -0.3898
vn 0.4538 -0.8847 -0.1065
vn 0.0479 -0.9777 0.2046
vn -0.3697 -0.8076 0.4593
vn -0.6875 -0.4230 0.5902
vn -0.8056 0.5193 0.2851
vn -0.8872 0.0460 0.4590
vn -0.5129 0.8576 0.0366
vn -0.0835 0.9712 -0.2231
vn 0.3703 0.8255 -0.4259
vn 0.7259 0.4551 -0.5157
vn 0.8841 -0.0410 -0.4655
vn 0.8003 -0.5263 -0.2870
vn 0.4978 -0.8668 -0.0295
vn 0.0605 -0.9702 0.2344
vn -0.3913 -0.8124 0.4324
vn -0.7367 -0.4400 0.5133
vn -0.8799 0.4635 0.1043
vn -0.9615 -0.0069 0.2746
vn -0.5707 0.8158 -0.0931
vn -0.1100 0.9571 -0.2681
vn 0.3840 0.8435 -0.3755
vn 0.7771 0.4978 -0.3850
vn 0.9571 0.0121 -0.2895
vn 0.8717 -0.4771 -0.1115
vn 0.5451 -0.8326 0.0985
vn 0.0701 -0.9579 0.2783
vn -0.4201 -0.8250 0.3779
vn -0.7952 -0.4765 0.3750
vn -0.9134 0.3667 -0.1767
vn -0.9946 -0.1030 -0.0140
vn -0.5984 0.7448 -0.2951
vn -0.1251 0.9323 -0.3394
vn 0.3869 0.8728 -0.2975
vn 0.7997 0.5734 -0.1778
vn 0.9938 0.1107 -0.0065
vn 0.9065 -0.3858 0.1716
vn 0.5614 -0.7713 0.2998
vn 0.0656 -0.9387 0.3383
vn -0.4392 -0.8529 0.2821
vn -0.8232 -0.5468 0.1528
vn -0.8595 0.2568 -0.4420
vn -0.9254 -0.2165 -0.3111
vn -0.5902 0.6749 -0.4428
vn -0.1846 0.9347 -0.3036
vn 0.2487 0.9678 -0.0392
vn 0.5886 0.7508 0.2996
vn 0.7483 0.3081 0.5874
vn 0.6867 -0.2269 0.6906
vn 0.4115 -0.6672 0.6209
vn -0.0027 -0.8992 0.4376
vn -0.4362 -0.8807 0.1848
vn -0.7719 -0.6301 -0.0846
vn -0.7385 0.1866 -0.6479
vn -0.7671 -0.3072 -0.5631
vn -0.5524 0.6413 -0.5325
vn -0.2647 0.9362 -0.2313
vn 0.0269 0.9809 0.1924
vn 0.2245 0.7606 0.6091
vn 0.3268 0.3616 0.8731
vn 0.3523 -0.1258 0.9274
vn 0.2323 -0.5940 0.7702
vn -0.0375 -0.8909 0.4527
vn -0.3601 -0.9308 0.0623
vn -0.6290 -0.7149 -0.3053
vn -0.5907 0.1537 -0.7921
vn -0.5760 -0.3504 -0.7385
vn -0.4866 0.6203 -0.6151
vn -0.2958 0.9227 -0.2472
vn -0.0764 0.9736 0.2148
vn 0.1138 0.7618 0.6377
vn 0.2409 0.3521 0.9044
vn 0.2770 -0.1526 0.9486
vn 0.1949 -0.6220 0.7584
vn 0.0066 -0.9222 0.3866
vn -0.2303 -0.9711 -0.0632
vn -0.4443 -0.7609 -0.4728
vn -0.4868 0.1477 -0.8609
vn -0.4423 -0.3592 -0.8217
vn -0.4360 0.6145 -0.6574
vn -0.3049 0.9154 -0.2628
vn -0.1294 0.9674 0.2176
vn 0.0444 0.7564 0.6525
vn 0.1730 0.3405 0.9242
vn 0.2227 -0.1692 0.9601
vn 0.1769 -0.6364 0.7508
vn 0.0455 -0.9342 0.3537
vn -0.1348 -0.9832 -0.1229
vn -0.3137 -0.7725 -0.5522
vn -0.4221 0.1491 -0.8942
vn -0.3587 -0.3582 -0.8620
vn -0.4043 0.6139 -0.6779
vn -0.3103 0.9116 -0.2696
vn -0.1653 0.9610 0.2216
vn -0.0078 0.7484 0.6631
vn 0.1207 0.3312 0.9358
vn 0.1857 -0.1784 0.9662
vn 0.1689 -0.6433 0.7467
vn 0.0743 -0.9386 0.3369
vn -0.0721 -0.9857 -0.1524
vn -0.2308 -0.7731 -0.5907
vn -0.3858 0.1514 -0.9101
vn -0.3102 -0.3557 -0.8816
vn -0.3878 0.6144 -0.6871
vn -0.3158 0.9091 -0.2717
vn -0.1888 0.9559 0.2249
vn -0.0408 0.7419 0.6693
vn 0.0886 0.3246 0.9417
vn 0.1647 -0.1838 0.9691
vn 0.1668 -0.6466 0.7443
vn 0.0944 -0.9398 0.3283
vn -0.0330 -0.9854 -0.1672
vn -0.1811 -0.7715 -0.6098
vn -0.3713 0.1524 -0.9159
vn -0.2880 -0.3544 -0.8896
vn -0.3840 0.6142 -0.6894
vn -0.3224 0.9070 -0.2707
vn -0.2032 0.9522 0.2280
vn -0.0582 0.7375 0.6727
vn 0.0736 0.3208 0.9443
vn 0.1570 -0.1862 0.9699
vn 0.1695 -0.6475 0.7429
vn 0.1079 -0.9398 0.3244
vn -0.0114 -0.9847 -0.1737
vn -0.1563 -0.7705 -0.6179
vn -0.3766 0.1513 -0.9139
vn -0.2889 -0.3554 -0.8889
vn -0.3920 0.6128 -0.6861
vn -0.3310 0.9051 -0.2668
vn -0.2102 0.9499 0.2313
vn -0.0618 0.7356 0.6746
vn 0.0742 0.3200 0.9445
vn 0.1616 -0.1857 0.9692
vn 0.1770 -0.6464 0.7421
vn 0.1163 -0.9389 0.3238
vn -0.0043 -0.9847 -0.1739
vn -0.1526 -0.7713 -0.6179
vn -0.4034 0.1475 -0.9030
vn -0.3146 -0.3594 -0.8785
vn -0.4135 0.6098 -0.6761
vn -0.3424 0.9031 -0.2592
vn -0.2095 0.9491 0.2352
vn -0.0505 0.7364 0.6746
vn 0.0920 0.3226 0.9420
vn 0.1803 -0.1820 0.9666
vn 0.1909 -0.6430 0.7417
vn 0.1207 -0.9373 0.3268
vn -0.0117 -0.9858 -0.1676
vn -0.1712 -0.7744 -0.6091
vn -0.4601 0.1402 -0.8767
vn -0.3742 -0.3673 -0.8515
vn -0.4537 0.6048 -0.6545
vn -0.3576 0.9011 -0.2453
vn -0.1983 0.9503 0.2399
vn -0.0186 0.7409 0.6713
vn 0.1341 0.3298 0.9345
vn 0.2197 -0.1736 0.9600
vn 0.2154 -0.6361 0.7409
vn 0.1217 -0.9344 0.3347
vn -0.0373 -0.9878 -0.1509
vn -0.2191 -0.7805 -0.5855
vn -0.5724 0.1280 -0.8099
vn -0.4977 -0.3796 -0.7798
vn -0.5263 0.5971 -0.6053
vn -0.3776 0.8997 -0.2188
vn -0.1679 0.9550 0.2445
vn 0.0487 0.7508 0.6587
vn 0.2175 0.3438 0.9135
vn 0.2954 -0.1582 0.9422
vn 0.2612 -0.6235 0.7369
vn 0.1211 -0.9283 0.3514
vn -0.0912 -0.9896 -0.1110
vn -0.3196 -0.7888 -0.5249
vn -0.7081 0.1288 -0.6942
vn -0.6814 -0.3764 -0.6277
vn -0.5934 0.6003 -0.5361
vn -0.3722 0.9073 -0.1953
vn -0.0996 0.9683 0.2291
vn 0.1590 0.7698 0.6182
vn 0.3401 0.3658 0.8663
vn 0.3963 -0.1369 0.9078
vn 0.3070 -0.6048 0.7348
vn 0.0846 -0.9121 0.4011
vn -0.2180 -0.9759 0.0013
vn -0.5054 -0.7795 -0.3699
vn -0.5972 0.1407 -0.7896
vn -0.6057 -0.3665 -0.7062
vn -0.4433 0.6130 -0.6540
vn -0.1860 0.9243 -0.3334
vn 0.1141 0.9901 0.0821
vn 0.3893 0.7899 0.4737
vn 0.5856 0.3740 0.7191
vn 0.6770 -0.1384 0.7228
vn 0.6222 -0.5966 0.5069
vn 0.3464 -0.9140 0.2110
vn -0.0918 -0.9906 -0.1016
vn -0.4423 -0.7797 -0.4433
vn -0.3106 0.0970 -0.9455
vn -0.3641 -0.3953 -0.8433
vn -0.1412 0.5559 -0.8191
vn 0.0956 0.8631 -0.4959
vn 0.3411 0.9380 -0.0608
vn 0.5410 0.7566 0.3672
vn 0.6635 0.3585 0.6566
vn 0.7109 -0.1482 0.6875
vn 0.6503 -0.6040 0.4608
vn 0.3662 -0.9150 0.1694
vn -0.0098 -0.9864 -0.1638
vn -0.2698 -0.7927 -0.5466
vn -0.1552 0.0333 -0.9873
vn -0.2819 -0.4414 -0.8519
vn 0.0406 0.4879 -0.8719
vn 0.2537 0.8048 -0.5365
vn 0.4297 0.9004 -0.0673
vn 0.5233 0.7456 0.4125
vn 0.5104 0.3771 0.7728
vn 0.3934 -0.1069 0.9131
vn 0.1987 -0.5718 0.7959
vn -0.0244 -0.8904 0.4545
vn -0.2102 -0.9774 -0.0201
vn -0.3037 -0.8118 -0.4987
vn -0.0957 0.0042 -0.9954
vn -0.2495 -0.4627 -0.8507
vn 0.1091 0.4586 -0.8819
vn 0.3112 0.7814 -0.5408
vn 0.4574 0.8872 -0.0607
vn 0.5083 0.7453 0.4315
vn 0.4492 0.3918 0.8029
vn 0.2957 -0.0783 0.9521
vn 0.0891 -0.5377 0.8384
vn -0.1151 -0.8625 0.4928
vn -0.2616 -0.9651 0.0082
vn -0.3106 -0.8181 -0.4839
vn -0.0048 -0.0446 -0.9990
vn -0.0092 -0.0429 -0.9990
vn -0.2063 -0.4942 -0.8445
vn -0.2041 -0.4946 -0.8448
vn 0.2156 0.4079 -0.8872
vn 0.2108 0.4104 -0.8872
vn 0.3982 0.7420 -0.5393
vn 0.3946 0.7442 -0.5389
vn 0.4942 0.8680 -0.0485
vn 0.4929 0.8687 -0.0478
vn 0.4776 0.7522 0.4539
vn 0.4794 0.7509 0.4542
vn 0.3531 0.4254 0.8332
vn 0.3579 0.4224 0.8327
vn 0.1538 -0.0248 0.9878
vn 0.1610 -0.0285 0.9865
vn -0.0668 -0.4777 0.8760
vn -0.0585 -0.4811 0.8747
vn -0.2495 -0.8119 0.5278
vn -0.2421 -0.8145 0.5272
vn -0.3454 -0.9377 0.0367
vn -0.3407 -0.9395 0.0368
vn -0.3288 -0.8216 -0.4657
vn -0.3276 -0.8223 -0.4652
vn -0.0234 -0.0360 -0.9991
vn -0.2130 -0.4908 -0.8448
vn 0.1945 0.4187 -0.8871
vn 0.3818 0.7509 -0.5388
vn 0.4883 0.8713 -0.0482
vn 0.4856 0.7478 0.4526
vn 0.3750 0.4142 0.8293
vn 0.1860 -0.0396 0.9817
vn -0.0308 -0.4925 0.8697
vn -0.2178 -0.8238 0.5234
vn -0.3250 -0.9451 0.0346
vn -0.3234 -0.8235 -0.4661
vn -0.0512 -0.0222 -0.9984
vn -0.2262 -0.4833 -0.8457
vn 0.1622 0.4345 -0.8860
vn 0.3562 0.7636 -0.5385
vn 0.4790 0.8764 -0.0499
vn 0.4982 0.7426 0.4476
vn 0.4093 0.3992 0.8204
vn 0.2363 -0.0606 0.9698
vn 0.0250 -0.5143 0.8572
vn -0.1689 -0.8415 0.5131
vn -0.2936 -0.9555 0.0279
vn -0.3149 -0.8248 -0.4696
vn -0.0948 0.0014 -0.9955
vn -0.2472 -0.4682 -0.8483
vn 0.1112 0.4579 -0.8820
vn 0.3139 0.7819 -0.5387
vn 0.4627 0.8847 -0.0559
vn 0.5208 0.7350 0.4342
vn 0.4727 0.3746 0.7976
vn 0.3302 -0.0957 0.9390
vn 0.1296 -0.5504 0.8248
vn -0.0776 -0.8705 0.4859
vn -0.2357 -0.9717 0.0097
vn -0.2992 -0.8250 -0.4793
vn -0.1261 0.0363 -0.9913
vn -0.2745 -0.4348 -0.8576
vn 0.0787 0.4696 -0.8794
vn 0.2663 0.7905 -0.5516
vn 0.4341 0.8976 -0.0766
vn 0.5586 0.7278 0.3977
vn 0.5909 0.3397 0.7317
vn 0.5096 -0.1469 0.8478
vn 0.3301 -0.6017 0.7273
vn 0.0967 -0.9097 0.4038
vn -0.1285 -0.9907 -0.0443
vn -0.2735 -0.8177 -0.5065
vn -0.1353 0.0522 -0.9894
vn -0.2911 -0.4185 -0.8603
vn 0.0777 0.4683 -0.8801
vn 0.2449 0.7926 -0.5583
vn 0.4180 0.9044 -0.0845
vn 0.5853 0.7190 0.3746
vn 0.6671 0.3119 0.6765
vn 0.6221 -0.1767 0.7627
vn 0.4592 -0.6191 0.6370
vn 0.2149 -0.9171 0.3356
vn -0.0517 -0.9953 -0.0817
vn -0.2537 -0.8148 -0.5212
vn 0.4038 0.0315 -0.9143
vn 0.5662 -0.0674 -0.8215
vn 0.2681 -0.4656 -0.8434
vn 0.0576 -0.2993 -0.9524
vn 0.6696 0.3793 -0.6385
vn 0.7246 0.3533 -0.5917
vn 0.7480 0.6427 -0.1654
vn 0.6894 0.6949 -0.2046
vn 0.5872 0.7295 0.3507
vn 0.4457 0.8627 0.2389
vn 0.2524 0.6160 0.7462
vn 0.0603 0.7886 0.6119
vn -0.1337 0.3194 0.9381
vn -0.3303 0.4745 0.8159
vn -0.4831 -0.0815 0.8717
vn -0.6171 0.0175 0.7866
vn -0.7129 -0.4524 0.5358
vn -0.7371 -0.4254 0.5250
vn -0.7408 -0.6703 0.0421
vn -0.6687 -0.7336 0.1208
vn -0.5754 -0.6929 -0.4344
vn -0.4344 -0.8461 -0.3088
vn -0.2876 -0.5538 -0.7813
vn -0.0945 -0.7476 -0.6574
vn 0.7685 -0.1653 -0.6182
vn 0.5501 -0.6190 -0.5605
vn 0.7874 0.3380 -0.5154
vn 0.5900 0.7586 -0.2763
vn 0.2226 0.9743 0.0336
vn -0.2073 0.9207 0.3305
vn -0.5757 0.6135 0.5405
vn -0.7848 0.1350 0.6049
vn -0.7803 -0.3799 0.4968
vn -0.5687 -0.7844 0.2476
vn -0.2127 -0.9749 -0.0664
vn 0.1936 -0.9126 -0.3601
vn 0.8506 -0.1669 -0.4986
vn 0.6684 -0.6336 -0.3895
vn 0.8080 0.3464 -0.4764
vn 0.5479 0.7699 -0.3272
vn 0.1376 0.9864 -0.0898
vn -0.3111 0.9346 0.1722
vn -0.6748 0.6278 0.3879
vn -0.8541 0.1501 0.4980
vn -0.8014 -0.3672 0.4721
vn -0.5341 -0.7832 0.3182
vn -0.1269 -0.9887 0.0799
vn 0.3117 -0.9333 -0.1784
vn 0.8844 -0.1589 -0.4389
vn 0.7178 -0.6270 -0.3027
vn 0.8158 0.3525 -0.4585
vn 0.5283 0.7710 -0.3555
vn 0.0977 0.9828 -0.1567
vn -0.3599 0.9291 0.0847
vn -0.7203 0.6238 0.3034
vn -0.8854 0.1500 0.4399
vn -0.8116 -0.3634 0.4574
vn -0.5203 -0.7780 0.3520
vn -0.0912 -0.9840 0.1529
vn 0.3612 -0.9284 -0.0865
vn 0.9004 -0.1525 -0.4073
vn 0.7414 -0.6200 -0.2567
vn 0.8192 0.3563 -0.4494
vn 0.5183 0.7704 -0.3711
vn 0.0778 0.9781 -0.1931
vn -0.3841 0.9225 0.0370
vn -0.7426 0.6184 0.2572
vn -0.9009 0.1478 0.4081
vn -0.8168 -0.3620 0.4491
vn -0.5140 -0.7741 0.3696
vn -0.0742 -0.9787 0.1913
vn 0.3849 -0.9221 -0.0377
vn 0.9080 -0.1484 -0.3918
vn 0.7525 -0.6156 -0.2340
vn 0.8206 0.3587 -0.4449
vn 0.5132 0.7701 -0.3788
vn 0.0681 0.9751 -0.2111
vn -0.3956 0.9183 0.0133
vn -0.7530 0.6149 0.2343
vn -0.9081 0.1464 0.3922
vn -0.8195 -0.3611 0.4449
vn -0.5114 -0.7716 0.3782
vn -0.0665 -0.9753 0.2104
vn 0.3959 -0.9182 -0.0136
vn 0.9098 -0.1465 -0.3884
vn 0.7552 -0.6142 -0.2288
vn 0.8204 0.3604 -0.4439
vn 0.5112 0.7707 -0.3804
vn 0.0651 0.9744 -0.2150
vn -0.3983 0.9172 0.0079
vn -0.7551 0.6143 0.2287
vn -0.9097 0.1469 0.3883
vn -0.8206 -0.3599 0.4439
vn -0.5116 -0.7703 0.3805
vn -0.0654 -0.9744 0.2152
vn 0.3983 -0.9172 -0.0078
vn 0.9058 -0.1467 -0.3975
vn 0.7496 -0.6160 -0.2419
vn 0.8185 0.3617 -0.4463
vn 0.5119 0.7727 -0.3753
vn 0.0688 0.9765 -0.2040
vn -0.3923 0.9196 0.0217
vn -0.7487 0.6172 0.2415
vn -0.9055 0.1501 0.3969
vn -0.8202 -0.3576 0.4464
vn -0.5151 -0.7700 0.3764
vn -0.0714 -0.9761 0.2052
vn 0.3918 -0.9198 -0.0211
vn 0.8926 -0.1487 -0.4255
vn 0.7308 -0.6214 -0.2822
vn 0.8136 0.3636 -0.4536
vn 0.5166 0.7771 -0.3594
vn 0.0828 0.9821 -0.1692
vn -0.3719 0.9259 0.0655
vn -0.7279 0.6247 0.2826
vn -0.8914 0.1574 0.4249
vn -0.8177 -0.3531 0.4545
vn -0.5243 -0.7703 0.3628
vn -0.0888 -0.9808 0.1735
vn 0.3712 -0.9264 -0.0627
vn 0.8595 -0.1539 -0.4873
vn 0.6853 -0.6303 -0.3649
vn 0.8021 0.3686 -0.4699
vn 0.5307 0.7871 -0.3142
vn 0.1246 0.9896 -0.0719
vn -0.3089 0.9326 0.1867
vn -0.6624 0.6364 0.3952
vn -0.8474 0.1736 0.5018
vn -0.8090 -0.3415 0.4783
vn -0.5454 -0.7701 0.3308
vn -0.1253 -0.9869 0.1016
vn 0.3266 -0.9333 -0.1494
vn 0.9563 -0.2464 -0.1574
vn 0.7826 -0.5453 0.3002
vn 0.7733 0.3912 -0.4989
vn 0.6083 0.7768 -0.1627
vn 0.3127 0.9252 0.2150
vn -0.0532 0.8457 0.5309
vn -0.4041 0.5648 0.7195
vn -0.6609 0.1450 0.7363
vn -0.7571 -0.3254 0.5665
vn -0.5739 -0.7735 0.2688
vn 0.1779 -0.8805 0.4394
vn 0.6143 -0.6575 0.4363
vn 0.9079 -0.0587 -0.4151
vn 0.3180 -0.0788 0.9448
vn 0.7577 0.4446 -0.4778
vn 0.6696 0.7425 -0.0186
vn 0.4505 0.7873 0.4209
vn 0.1611 0.6651 0.7291
vn -0.1538 0.4290 0.8901
vn -0.4624 0.0969 0.8813
vn -0.6894 -0.3058 0.6566
vn -0.6363 -0.7217 0.2726
vn 0.1552 -0.8629 0.4808
vn 0.5094 0.2264 0.8301
vn -0.5620 0.4639 -0.6847
vn -0.5791 0.4545 -0.6767
vn -0.5416 -0.0393 -0.8397
vn -0.4884 -0.0203 -0.8723
vn -0.4828 0.8182 -0.3121
vn -0.4611 0.8226 -0.3327
vn -0.2771 0.9507 0.1389
vn -0.2222 0.9701 0.0971
vn -0.0024 0.8361 0.5486
vn 0.0735 0.8632 0.4994
vn 0.2718 0.5091 0.8166
vn 0.3497 0.5320 0.7711
vn 0.4781 0.0499 0.8769
vn 0.5354 0.0614 0.8423
vn 0.5615 -0.4282 0.7080
vn 0.5811 -0.4278 0.6923
vn 0.4941 -0.7973 0.3466
vn 0.4716 -0.8065 0.3565
vn 0.2902 -0.9504 -0.1120
vn 0.2329 -0.9694 -0.0780
vn 0.0056 -0.8414 -0.5403
vn -0.0710 -0.8670 -0.4932
vn -0.2802 -0.5000 -0.8194
vn -0.3557 -0.5251 -0.7731
vn -0.6073 0.4434 -0.6592
vn -0.6257 -0.0628 -0.7775
vn -0.4260 0.8282 -0.3642
vn -0.1325 0.9908 0.0264
vn 0.1950 0.8915 0.4088
vn 0.4709 0.5581 0.6832
vn 0.6232 0.0772 0.7782
vn 0.6110 -0.4258 0.6673
vn 0.4350 -0.8174 0.3776
vn 0.1406 -0.9899 -0.0152
vn -0.1930 -0.8937 -0.4050
vn -0.4742 -0.5535 -0.6847
vn -0.6250 0.4385 -0.6458
vn -0.6770 -0.0708 -0.7325
vn -0.4055 0.8286 -0.3860
vn -0.0786 0.9966 -0.0239
vn 0.2685 0.8999 0.3437
vn 0.5442 0.5650 0.6201
vn 0.6760 0.0802 0.7324
vn 0.6283 -0.4271 0.6502
vn 0.4122 -0.8216 0.3937
vn 0.0844 -0.9959 0.0306
vn -0.2669 -0.9012 -0.3415
vn -0.5460 -0.5620 -0.6213
vn -0.6361 0.4362 -0.6364
vn -0.7085 -0.0732 -0.7018
vn -0.3933 0.8276 -0.4004
vn -0.0458 0.9973 -0.0579
vn 0.3133 0.9011 0.2996
vn 0.5890 0.5654 0.5773
vn 0.7082 0.0792 0.7015
vn 0.6386 -0.4289 0.6388
vn 0.3979 -0.8231 0.4050
vn 0.0498 -0.9968 0.0619
vn -0.3122 -0.9019 -0.2983
vn -0.5901 -0.5635 -0.5781
vn -0.6430 0.4349 -0.6304
vn -0.7274 -0.0737 -0.6822
vn -0.3862 0.8264 -0.4096
vn -0.0265 0.9965 -0.0796
vn 0.3400 0.9004 0.2715
vn 0.6158 0.5641 0.5500
vn 0.7273 0.0772 0.6819
vn 0.6446 -0.4306 0.6317
vn 0.3891 -0.8238 0.4122
vn 0.0289 -0.9962 0.0819
vn -0.3393 -0.9008 -0.2707
vn -0.6164 -0.5630 -0.5506
vn -0.6467 0.4339 -0.6272
vn -0.7372 -0.0741 -0.6716
vn -0.3830 0.8254 -0.4148
vn -0.0168 0.9957 -0.0914
vn 0.3537 0.8995 0.2563
vn 0.6296 0.5628 0.5355
vn 0.7371 0.0755 0.6714
vn 0.6474 -0.4321 0.6277
vn 0.3842 -0.8242 0.4158
vn 0.0178 -0.9955 0.0923
vn -0.3534 -0.8997 -0.2560
vn -0.6299 -0.5623 -0.5357
vn -0.6478 0.4328 -0.6269
vn -0.7391 -0.0749 -0.6694
vn -0.3830 0.8245 -0.4164
vn -0.0155 0.9954 -0.0942
vn 0.3562 0.8994 0.2532
vn 0.6324 0.5623 0.5328
vn 0.7391 0.0744 0.6695
vn 0.6476 -0.4334 0.6267
vn 0.3826 -0.8249 0.4160
vn 0.0151 -0.9955 0.0939
vn -0.3563 -0.8993 -0.2533
vn -0.6323 -0.5625 -0.5327
vn -0.6461 0.4311 -0.6297
vn -0.7323 -0.0766 -0.6766
vn -0.3868 0.8239 -0.4142
vn -0.0234 0.9959 -0.0873
vn 0.3465 0.9003 0.2632
vn 0.6233 0.5626 0.5430
vn 0.7324 0.0737 0.6768
vn 0.6448 -0.4346 0.6287
vn 0.3844 -0.8260 0.4121
vn 0.0214 -0.9961 0.0854
vn -0.3470 -0.8999 -0.2639
vn -0.6228 -0.5636 -0.5426
vn -0.6406 0.4286 -0.6371
vn -0.7135 -0.0794 -0.6961
vn -0.3959 0.8229 -0.4075
vn -0.0442 0.9967 -0.0678
vn 0.3199 0.9018 0.2904
vn 0.5976 0.5633 0.5705
vn 0.7139 0.0729 0.6964
vn 0.6378 -0.4365 0.6345
vn 0.3908 -0.8278 0.4025
vn 0.0400 -0.9972 0.0634
vn -0.3209 -0.9009 -0.2921
vn -0.5963 -0.5654 -0.5698
vn -0.6279 0.4248 -0.6521
vn -0.6726 -0.0821 -0.7354
vn -0.4144 0.8203 -0.3941
vn -0.0878 0.9957 -0.0291
vn 0.2633 0.9012 0.3443
vn 0.5430 0.5614 0.6245
vn 0.6746 0.0693 0.7349
vn 0.6235 -0.4405 0.6459
vn 0.4054 -0.8299 0.3832
vn 0.0807 -0.9966 0.0192
vn -0.2642 -0.8993 -0.3486
vn -0.5392 -0.5655 -0.6241
vn -0.5980 0.4208 -0.6821
vn -0.5811 -0.0762 -0.8103
vn -0.4535 0.8102 -0.3713
vn -0.1823 0.9823 0.0416
vn 0.1409 0.8848 0.4440
vn 0.4245 0.5426 0.7248
vn 0.5898 0.0508 0.8059
vn 0.5939 -0.4527 0.6651
vn 0.4397 -0.8295 0.3444
vn 0.1719 -0.9829 -0.0653
vn -0.1384 -0.8795 -0.4552
vn -0.4126 -0.5495 -0.7265
vn -0.5755 0.4127 -0.7060
vn -0.5124 -0.0732 -0.8556
vn -0.4814 0.7975 -0.3636
vn -0.2492 0.9650 0.0814
vn 0.0541 0.8627 0.5028
vn 0.3404 0.5190 0.7841
vn 0.5307 0.0291 0.8470
vn 0.5739 -0.4681 0.6719
vn 0.4620 -0.8302 0.3120
vn 0.2326 -0.9646 -0.1243
vn -0.0506 -0.8521 -0.5208
vn -0.3198 -0.5303 -0.7851
vn 0.3938 0.2026 -0.8966
vn 0.4272 -0.0236 -0.9038
vn -0.0597 -0.0026 -0.9982
vn -0.1017 0.0214 -0.9946
vn 0.7620 0.3105 -0.5682
vn 0.8070 -0.0361 -0.5893
vn 0.9321 0.3424 -0.1183
vn 0.9904 -0.0393 -0.1320
vn 0.8838 0.3001 0.3589
vn 0.9329 -0.0337 0.3585
vn 0.6142 0.1823 0.7678
vn 0.6455 -0.0200 0.7635
vn 0.1646 -0.0072 0.9863
vn 0.1909 -0.0110 0.9815
vn -0.3268 -0.2467 0.9123
vn -0.1554 -0.2216 0.9626
vn -0.6682 -0.4807 0.5678
vn -0.0429 -0.9886 0.1438
vn -0.8091 -0.5773 0.1095
vn -0.0563 -0.9983 -0.0151
vn -0.8041 -0.4630 -0.3728
vn -0.4056 -0.5140 -0.7558
vn -0.5632 -0.2162 -0.7975
vn -0.4110 0.1656 -0.8965
vn 0.2276 -0.4440 -0.8666
vn -0.1189 -0.1052 -0.9873
vn 0.5183 -0.6681 -0.5338
vn 0.6816 -0.7281 -0.0717
vn 0.6792 -0.6104 0.4075
vn 0.5096 -0.3449 0.7883
vn 0.2134 0.0044 0.9769
vn 0.2736 0.3510 0.8955
vn 0.8182 0.5705 -0.0708
vn 0.7708 0.6005 -0.2126
vn 0.2452 0.8229 -0.5126
vn -0.2664 0.4297 -0.8628
vn -0.1256 -0.6061 -0.7854
vn -0.2662 -0.1409 -0.9536
vn 0.0483 -0.9062 -0.4200
vn 0.2077 -0.9770 0.0483
vn 0.3130 -0.8028 0.5075
vn 0.3379 -0.4174 0.8435
vn 0.2838 0.0974 0.9539
vn 0.2067 0.6098 0.7651
vn 0.1649 0.9294 0.3301
vn 0.0232 0.9912 -0.1298
vn -0.1984 0.8068 -0.5564
vn -0.3131 0.3799 -0.8704
vn -0.3420 -0.6046 -0.7193
vn -0.3947 -0.1320 -0.9093
vn -0.1999 -0.9181 -0.3422
vn -0.0062 -0.9921 0.1249
vn 0.1894 -0.8051 0.5620
vn 0.3363 -0.4011 0.8520
vn 0.3950 0.1151 0.9114
vn 0.3484 0.6011 0.7192
vn 0.2067 0.9212 0.3296
vn 0.0074 0.9890 -0.1475
vn -0.1943 0.7891 -0.5828
vn -0.3416 0.3778 -0.8606
vn -0.4791 -0.5842 -0.6550
vn -0.5145 -0.1123 -0.8501
vn -0.3182 -0.9033 -0.2878
vn -0.0728 -0.9849 0.1572
vn 0.1929 -0.8037 0.5628
vn 0.4082 -0.4043 0.8184
vn 0.5134 0.1070 0.8514
vn 0.4783 0.5895 0.6508
vn 0.3123 0.9099 0.2728
vn 0.0617 0.9822 -0.1773
vn -0.2043 0.7904 -0.5775
vn -0.4145 0.3896 -0.8224
vn -0.5932 -0.5592 -0.5791
vn -0.6377 -0.0852 -0.7655
vn -0.3928 -0.8878 -0.2398
vn -0.0874 -0.9824 0.1651
vn 0.2431 -0.8134 0.5284
vn 0.5094 -0.4221 0.7499
vn 0.6369 0.0862 0.7661
vn 0.5895 0.5706 0.5717
vn 0.3809 0.8975 0.2219
vn 0.0703 0.9801 -0.1856
vn -0.2574 0.8007 -0.5409
vn -0.5155 0.4110 -0.7519
vn -0.6953 -0.5326 -0.4825
vn -0.7612 -0.0534 -0.6463
vn -0.4466 -0.8740 -0.1913
vn -0.0778 -0.9851 0.1530
vn 0.3146 -0.8310 0.4587
vn 0.6232 -0.4485 0.6406
vn 0.7609 0.0587 0.6462
vn 0.6887 0.5491 0.4735
vn 0.4284 0.8870 0.1725
vn 0.0542 0.9835 -0.1727
vn -0.3319 0.8182 -0.4695
vn -0.6288 0.4392 -0.6416
vn -0.7812 -0.5083 -0.3623
vn -0.8720 -0.0225 -0.4889
vn -0.4850 -0.8632 -0.1398
vn -0.0575 -0.9909 0.1216
vn 0.3890 -0.8512 0.3524
vn 0.7313 -0.4766 0.4877
vn 0.8722 0.0308 0.4882
vn 0.7716 0.5286 0.3537
vn 0.4606 0.8789 0.1235
vn 0.0281 0.9900 -0.1379
vn -0.4086 0.8383 -0.3609
vn -0.7363 0.4683 -0.4884
vn -0.8166 -0.4958 -0.2954
vn -0.9171 -0.0078 -0.3986
vn -0.5002 -0.8585 -0.1132
vn -0.0458 -0.9938 0.1014
vn 0.4236 -0.8583 0.2896
vn 0.7772 -0.4870 0.3984
vn 0.9173 0.0178 0.3977
vn 0.8056 0.5178 0.2878
vn 0.4733 0.8753 0.0994
vn 0.0145 0.9933 -0.1148
vn -0.4434 0.8459 -0.2963
vn -0.7813 0.4799 -0.3989
vn -0.8670 -0.4888 0.0967
vn -0.8663 -0.4900 0.0965
vn -0.9885 0.0042 0.1512
vn -0.9885 0.0047 0.1513
vn -0.5153 -0.8568 0.0161
vn -0.5136 -0.8579 0.0157
vn -0.0223 -0.9973 -0.0696
vn -0.0204 -0.9973 -0.0699
vn 0.4789 -0.8671 -0.1369
vn 0.4802 -0.8664 -0.1370
vn 0.8501 -0.4995 -0.1668
vn 0.8503 -0.4991 -0.1669
vn 0.9885 0.0049 -0.1511
vn 0.9885 0.0044 -0.1512
vn 0.8563 0.5078 -0.0940
vn 0.8571 0.5065 -0.0942
vn 0.4911 0.8710 -0.0114
vn 0.4928 0.8701 -0.0117
vn -0.0045 0.9973 0.0736
vn -0.0026 0.9973 0.0733
vn -0.4950 0.8578 0.1383
vn -0.4938 0.8585 0.1382
vn -0.8527 0.4951 0.1664
vn -0.8525 0.4955 0.1664
vn -0.3578 0.4133 -0.8374
vn -0.1468 0.5809 -0.8006
vn 0.0848 0.1873 -0.9786
vn -0.2642 -0.0307 -0.9640
vn -0.3853 0.8057 -0.4497
vn -0.3538 0.8367 -0.4179
vn -0.5146 -0.1952 -0.8349
vn -0.8612 0.3464 -0.3719
vn -0.0676 -0.7666 -0.6385
vn -0.9096 -0.3187 -0.2666
vn -0.2165 -0.4447 -0.8691
vn -0.8515 -0.4657 -0.2406
vn -0.3684 -0.0524 -0.9282
vn -0.7946 -0.5882 -0.1507
vn -0.1762 -0.8831 -0.4347
vn -0.3461 -0.9328 0.1000
vn 0.3343 -0.9115 0.2395
vn 0.3801 -0.8822 0.2779
vn 0.2040 -0.9342 -0.2926
vn 0.4651 -0.8582 -0.2170
vn 0.0298 -0.7350 -0.6773
vn 0.4316 -0.6277 -0.6479
vn -0.1299 -0.4205 -0.8979
vn 0.2952 -0.2488 -0.9225
vn 0.0773 0.7623 -0.6426
vn 0.4774 0.4652 -0.7454
vn -0.3611 0.8563 -0.3692
vn -0.7335 0.6795 -0.0134
vn -0.9267 0.2599 0.2713
vn -0.8664 -0.1856 0.4636
vn -0.5700 -0.5489 0.6114
vn -0.0856 -0.7970 0.5978
vn 0.3871 -0.8584 0.3366
vn 0.7136 -0.6994 -0.0413
vn 0.8387 -0.3657 -0.4035
vn 0.7512 0.0559 -0.6576
vn 0.1065 0.8209 -0.5611
vn 0.5508 0.5658 -0.6135
vn -0.3684 0.8574 -0.3592
vn -0.7465 0.6625 -0.0611
vn -0.9238 0.2874 0.2531
vn -0.8507 -0.1657 0.4989
vn -0.5468 -0.5734 0.6101
vn -0.0948 -0.8256 0.5561
vn 0.3815 -0.8551 0.3510
vn 0.7530 -0.6559 0.0514
vn 0.9226 -0.2837 -0.2612
vn 0.8484 0.1623 -0.5039
vn 0.1143 0.8388 -0.5323
vn 0.5696 0.5972 -0.5647
vn -0.3722 0.8565 -0.3576
vn -0.7598 0.6444 -0.0867
vn -0.9434 0.2586 0.2076
vn -0.8729 -0.1972 0.4463
vn -0.5670 -0.5997 0.5646
vn -0.1086 -0.8404 0.5308
vn 0.3783 -0.8551 0.3544
vn 0.7631 -0.6409 0.0832
vn 0.9436 -0.2559 -0.2099
vn 0.8727 0.1968 -0.4468
vn 0.1169 0.8462 -0.5198
vn 0.5764 0.6102 -0.5435
vn -0.3742 0.8559 -0.3569
vn -0.7653 0.6361 -0.0983
vn -0.9512 0.2455 0.1868
vn -0.8817 -0.2112 0.4218
vn -0.5753 -0.6111 0.5436
vn -0.1146 -0.8469 0.5193
vn 0.3767 -0.8553 0.3557
vn 0.7667 -0.6347 0.0970
vn 0.9514 -0.2444 -0.1876
vn 0.8817 0.2111 -0.4219
vn 0.1169 0.8485 -0.5160
vn 0.5780 0.6141 -0.5373
vn -0.3754 0.8556 -0.3564
vn -0.7672 0.6333 -0.1013
vn -0.9534 0.2414 0.1809
vn -0.8841 -0.2152 0.4147
vn -0.5780 -0.6141 0.5373
vn -0.1169 -0.8485 0.5160
vn 0.3754 -0.8556 0.3564
vn 0.7672 -0.6333 0.1013
vn 0.9534 -0.2414 -0.1809
vn 0.8841 0.2152 -0.4147
vn 0.1146 0.8469 -0.5193
vn 0.5753 0.6111 -0.5436
vn -0.3766 0.8553 -0.3557
vn -0.7667 0.6347 -0.0970
vn -0.9514 0.2444 0.1876
vn -0.8817 -0.2111 0.4219
vn -0.5764 -0.6102 0.5435
vn -0.1169 -0.8462 0.5198
vn 0.3742 -0.8559 0.3569
vn 0.7653 -0.6361 0.0983
vn 0.9512 -0.2455 -0.1868
vn 0.8817 0.2112 -0.4218
vn 0.1086 0.8404 -0.5308
vn 0.5670 0.5997 -0.5646
vn -0.3783 0.8551 -0.3544
vn -0.7631 0.6409 -0.0832
vn -0.9436 0.2559 0.2099
vn -0.8727 -0.1968 0.4468
vn -0.5696 -0.5972 0.5647
vn -0.1143 -0.8388 0.5323
vn 0.3722 -0.8565 0.3575
vn 0.7598 -0.6444 0.0867
vn 0.9434 -0.2586 -0.2076
vn 0.8729 0.1972 -0.4463
vn 0.0948 0.8256 -0.5561
vn 0.5467 0.5734 -0.6101
vn -0.3815 0.8551 -0.3510
vn -0.7530 0.6559 -0.0514
vn -0.9226 0.2837 0.2612
vn -0.8484 -0.1623 0.5039
vn -0.5508 -0.5658 0.6135
vn -0.1065 -0.8209 0.5611
vn 0.3684 -0.8574 0.3592
vn 0.7465 -0.6625 0.0611
vn 0.9238 -0.2874 -0.2531
vn 0.8507 0.1657 -0.4989
vn 0.0856 0.7970 -0.5978
vn 0.5700 0.5489 -0.6114
vn -0.3871 0.8584 -0.3366
vn -0.7136 0.6994 0.0413
vn -0.8387 0.3657 0.4035
vn -0.7512 -0.0559 0.6576
vn -0.4774 -0.4652 0.7454
vn -0.0773 -0.7623 0.6426
vn 0.3611 -0.8563 0.3692
vn 0.7335 -0.6795 0.0134
vn 0.9267 -0.2599 -0.2713
vn 0.8664 0.1856 -0.4636
vn 0.3461 0.9328 -0.1000
vn 0.7946 0.5881 0.1507
vn -0.3800 0.8822 -0.2779
vn -0.4651 0.8582 0.2170
vn -0.4315 0.6277 0.6479
vn -0.2952 0.2488 0.9225
vn -0.0848 -0.1873 0.9786
vn 0.1468 -0.5809 0.8006
vn 0.3538 -0.8367 0.4179
vn 0.8612 -0.3463 0.3719
vn 0.9096 0.3187 0.2666
vn 0.8516 0.4657 0.2406
vn 0.1762 0.8831 0.4347
vn 0.3684 0.0524 0.9282
vn -0.3343 0.9115 -0.2395
vn -0.2040 0.9342 0.2926
vn -0.0298 0.7350 0.6773
vn 0.1299 0.4205 0.8979
vn 0.2642 0.0307 0.9640
vn 0.3578 -0.4133 0.8373
vn 0.3853 -0.8057 0.4497
vn 0.5146 0.1950 0.8349
vn 0.0676 0.7666 0.6385
vn 0.2165 0.4447 0.8691
s 1
f 1/1/1 13/2/2 24/3/3 12/4/4
f 2/5/5 14/6/6 13/7/2 1/8/1
f 3/9/7 15/10/8 14/6/6 2/5/5
f 4/11/9 16/12/10 15/10/8 3/9/7
f 5/13/11 17/14/12 16/12/10 4/11/9
f 6/15/13 18/16/14 17/14/12 5/13/11
f 7/17/15 19/18/16 18/16/14 6/15/13
f 8/19/17 20/20/18 19/18/16 7/17/15
f 9/21/19 21/22/20 20/20/18 8/19/17
f 10/23/21 22/24/22 21/22/20 9/21/19
f 11/25/23 23/26/24 22/24/22 10/23/21
f 12/4/4 24/3/3 23/26/24 11/25/23
f 13/2/2 25/27/25 36/28/26 24/3/3
f 14/6/6 26/29/27 25/30/25 13/7/2
f 15/10/8 27/31/28 26/29/27 14/6/6
f 16/12/10 28/32/29 27/31/28 15/10/8
f 17/14/12 29/33/30 28/32/29 16/12/10
f 18/16/14 30/34/31 29/33/30 17/14/12
f 19/18/16 31/35/32 30/34/31 18/16/14
f 20/20/18 32/36/33 31/35/32 19/18/16
f 21/22/20 33/37/34 32/36/33 20/20/18
f 22/24/22 34/38/35 33/37/34 21/22/20
f 23/26/24 35/39/36 34/38/35 22/24/22
f 24/3/3 36/28/26 35/39/36 23/26/24
f 25/27/25 37/40/37 48/41/38 36/28/26
f 26/29/27 38/42/39 37/43/37 25/30/25
f 27/31/28 39/44/40 38/42/39 26/29/27
f 28/32/29 40/45/41 39/44/40 27/31/28
f 29/33/30 41/46/42 40/45/41 28/32/29
f 30/34/31 42/47/43 41/46/42 29/33/30
f 31/35/32 43/48/44 42/47/43 30/34/31
f 32/36/33 44/49/45 43/48/44 31/35/32
f 33/37/34 45/50/46 44/49/45 32/36/33
f 34/38/35 46/51/47 45/50/46 33/37/34
f 35/39/36 47/52/48 46/51/47 34/38/35
f 36/28/26 48/41/38 47/52/48 35/39/36
f 37/40/37 49/53/49 60/54/50 48/41/38
f 38/42/39 50/55/51 49/56/49 37/43/37
f 39/44/40 51/57/52 50/55/51 38/42/39
f 40/45/41 52/58/53 51/57/52 39/44/40
f 41/46/42 53/59/54 52/58/53 40/45/41
f 42/47/43 54/60/55 53/59/54 41/46/42
f 43/48/44 55/61/56 54/60/55 42/47/43
f 44/49/45 56/62/57 55/61/56 43/48/44
f 45/50/46 57/63/58 56/62/57 44/49/45
f 46/51/47 58/64/59 57/63/58 45/50/46
f 47/52/48 59/65/60 58/64/59 46/51/47
f 48/41/38 60/54/50 59/65/60 47/52/48
f 49/53/49 61/66/61 72/67/62 60/54/50
f 50/55/51 62/68/63 61/69/61 49/56/49
f 51/57/52 63/70/64 62/68/63 50/55/51
f 52/58/53 64/71/65 63/70/64 51/57/52
f 53/59/54 65/72/66 64/71/65 52/58/53
f 54/60/55 66/73/67 65/72/66 53/59/54
f 55/61/56 67/74/68 66/73/67 54/60/55
f 56/62/57 68/75/69 67/74/68 55/61/56
f 57/63/58 69/76/70 68/75/69 56/62/57
f 58/64/59 70/77/71 69/76/70 57/63/58
f 59/65/60 71/78/72 70/77/71 58/64/59
f 60/54/50 72/67/62 71/78/72 59/65/60
f 61/66/61 73/79/73 84/80/74 72/67/62
f 62/68/63 74/81/75 73/82/73 61/69/61
f 63/70/64 75/83/76 74/81/75 62/68/63
f 64/71/65 76/84/77 75/83/76 63/70/64
f 65/72/66 77/85/78 76/84/77 64/71/65
f 66/73/67 78/86/79 77/85/78 65/72/66
f 67/74/68 79/87/80 78/86/79 66/73/67
f 68/75/69 80/88/81 79/87/80 67/74/68
f 69/76/70 81/89/82 80/88/81 68/75/69
f 70/77/71 82/90/83 81/89/82 69/76/70
f 71/78/72 83/91/84 82/90/83 70/77/71
f 72/67/62 84/80/74 83/91/84 71/78/72
f 73/79/73 85/92/85 96/93/86 84/80/74
f 74/81/75 86/94/87 85/95/85 73/82/73
f 75/83/76 87/96/88 86/94/87 74/81/75
f 76/84/77 88/97/89 87/96/88 75/83/76
f 77/85/78 89/98/90 88/97/89 76/84/77
f 78/86/79 90/99/91 89/98/90 77/85/78
f 79/87/80 91/100/92 90/99/91 78/86/79
f 80/88/81 92/101/93 91/100/92 79/87/80
f 81/89/82 93/102/94 92/101/93 80/88/81
f 82/90/83 94/103/95 93/102/94 81/89/82
f 83/91/84 95/104/96 94/103/95 82/90/83
f 84/80/74 96/93/86 95/104/96 83/91/84
f 85/92/85 97/105/97 108/106/98 96/93/86
f 86/94/87 98/107/99 97/108/97 85/95/85
f 87/96/88 99/109/100 98/107/99 86/94/87
f 88/97/89 100/110/101 99/109/100 87/96/88
f 89/98/90 101/111/102 100/110/101 88/97/89
f 90/99/91 102/112/103 101/111/102 89/98/90
f 91/100/92 103/113/104 102/112/103 90/99/91
f 92/101/93 104/114/105 103/113/104 91/100/92
f 93/102/94 105/115/106 104/114/105 92/101/93
f 94/103/95 106/116/107 105/115/106 93/102/94
f 95/104/96 107/117/108 106/116/107 94/103/95
f 96/93/86 108/106/98 107/117/108 95/104/96
f 97/105/97 109/118/109 120/119/110 108/106/98
f 98/107/99 110/120/111 109/121/109 97/108/97
f 99/109/100 111/122/112 110/120/111 98/107/99
f 100/110/101 112/123/113 111/122/112 99/109/100
f 101/111/102 113/124/114 112/123/113 100/110/101
f 102/112/103 114/125/115 113/124/114 101/111/102
f 103/113/104 115/126/116 114/125/115 102/112/103
f 104/114/105 116/127/117 115/126/116 103/113/104
f 105/115/106 117/128/118 116/127/117 104/114/105
f 106/116/107 118/129/119 117/128/118 105/115/106
f 107/117/108 119/130/120 118/129/119 106/116/107
f 108/106/98 120/119/110 119/130/120 107/117/108
f 109/118/109 121/131/121 132/132/122 120/119/110
f 110/120/111 122/133/123 121/134/121 109/121/109
f 111/122/112 123/135/124 122/133/123 110/120/111
f 112/123/113 124/136/125 123/135/124 111/122/112
f 113/124/114 125/137/126 124/136/125 112/123/113
f 114/125/115 126/138/127 125/137/126 113/124/114
f 115/126/116 127/139/128 126/138/127 114/125/115
f 116/127/117 128/140/129 127/139/128 115/126/116
f 117/128/118 129/141/130 128/140/129 116/127/117
f 118/129/119 130/142/131 129/141/130 117/128/118
f 119/130/120 131/143/132 130/142/131 118/129/119
f 120/119/110 132/132/122 131/143/132 119/130/120
f 121/131/121 133/144/133 144/145/134 132/132/122
f 122/133/123 134/146/135 133/147/133 121/134/121
f 123/135/124 135/148/136 134/146/135 122/133/123
f 124/136/125 136/149/137 135/148/136 123/135/124
f 125/137/126 137/150/138 136/149/137 124/136/125
f 126/138/127 138/151/139 137/150/138 125/137/126
f 127/139/128 139/152/140 138/151/139 126/138/127
f 128/140/129 140/153/141 139/152/140 127/139/128
f 129/141/130 141/154/142 140/153/141 128/140/129
f 130/142/131 142/155/143 141/154/142 129/141/130
f 131/143/132 143/156/144 142/155/143 130/142/131
f 132/132/122 144/145/134 143/156/144 131/143/132
f 133/144/133 145/157/145 156/158/146 144/145/134
f 134/146/135 146/159/147 145/160/145 133/147/133
f 135/148/136 147/161/148 146/159/147 134/146/135
f 136/149/137 148/162/149 147/161/148 135/148/136
f 137/150/138 149/163/150 148/162/149 136/149/137
f 138/151/139 150/164/151 149/163/150 137/150/138
f 139/152/140 151/165/152 150/164/151 138/151/139
f 140/153/141 152/166/153 151/165/152 139/152/140
f 141/154/142 153/167/154 152/166/153 140/153/141
f 142/155/143 154/168/155 153/167/154 141/154/142
f 143/156/144 155/169/156 154/168/155 142/155/143
f 144/145/134 156/158/146 155/169/156 143/156/144
f 145/157/145 157/170/157 168/171/158 156/158/146
f 146/159/147 158/172/159 157/173/157 145/160/145
f 147/161/148 159/174/160 158/172/159 146/159/147
f 148/162/149 160/175/161 159/174/160 147/161/148
f 149/163/150 161/176/162 160/175/161 148/162/149
f 150/164/151 162/177/163 161/176/162 149/163/150
f 151/165/152 163/178/164 162/177/163 150/164/151
f 152/166/153 164/179/165 163/178/164 151/165/152
f 153/167/154 165/180/166 164/179/165 152/166/153
f 154/168/155 166/181/167 165/180/166 153/167/154
f 155/169/156 167/182/168 166/181/167 154/168/155
f 156/158/146 168/171/158 167/182/168 155/169/156
f 157/170/157 169/183/169 180/184/170 168/171/158
f 158/172/159 170/185/171 169/186/169 157/173/157
f 159/174/160 171/187/172 170/185/171 158/172/159
f 160/175/161 172/188/173 171/187/172 159/174/160
f 161/176/162 173/189/174 172/188/173 160/175/161
f 162/177/163 174/190/175 173/189/174 161/176/162
f 163/178/164 175/191/176 174/190/175 162/177/163
f 164/179/165 176/192/177 175/191/176 163/178/164
f 165/180/166 177/193/178 176/192/177 164/179/165
f 166/181/167 178/194/179 177/193/178 165/180/166
f 167/182/168 179/195/180 178/194/179 166/181/167
f 168/171/158 180/184/170 179/195/180 167/182/168
f 169/183/169 181/196/181 192/197/182 180/184/170
f 170/185/171 182/198/183 181/199/181 169/186/169
f 171/187/172 183/200/184 182/198/183 170/185/171
f 172/188/173 184/201/185 183/200/184 171/187/172
f 173/189/174 185/202/186 184/201/185 172/188/173
f 174/190/175 186/203/187 185/202/186 173/189/174
f 175/191/176 187/204/188 186/203/187 174/190/175
f 176/192/177 188/205/189 187/204/188 175/191/176
f 177/193/178 189/206/190 188/205/189 176/192/177
f 178/194/179 190/207/191 189/206/190 177/193/178
f 179/195/180 191/208/192 190/207/191 178/194/179
f 180/184/170 192/197/182 191/208/192 179/195/180
f 181/196/181 193/209/193 204/210/194 192/197/182
f 182/198/183 194/211/195 193/212/193 181/199/181
f 183/200/184 195/213/196 194/211/195 182/198/183
f 184/201/185 196/214/197 195/213/196 183/200/184
f 185/202/186 197/215/198 196/214/197 184/201/185
f 186/203/187 198/216/199 197/215/198 185/202/186
f 187/204/188 199/217/200 198/216/199 186/203/187
f 188/205/189 200/218/201 199/217/200 187/204/188
f 189/206/190 201/219/202 200/218/201 188/205/189
f 190/207/191 202/220/203 201/219/202 189/206/190
f 191/208/192 203/221/204 202/220/203 190/207/191
f 192/197/182 204/210/194 203/221/204 191/208/192
f 193/209/193 205/222/205 216/223/206 204/210/194
f 194/211/195 206/224/207 205/225/205 193/212/193
f 195/213/196 207/226/208 206/224/207 194/211/195
f 196/214/197 208/227/209 207/226/208 195/213/196
f 197/215/198 209/228/210 208/227/209 196/214/197
f 198/216/199 210/229/211 209/228/210 197/215/198
f 199/217/200 211/230/212 210/229/211 198/216/199
f 200/218/201 212/231/213 211/230/212 199/217/200
f 201/219/202 213/232/214 212/231/213 200/218/201
f 202/220/203 214/233/215 213/232/214 201/219/202
f 203/221/204 215/234/216 214/233/215 202/220/203
f 204/210/194 216/223/206 215/234/216 203/221/204
f 205/222/205 217/235/217 228/236/218 216/223/206
f 206/224/207 218/237/219 217/238/217 205/225/205
f 207/226/208 219/239/220 218/237/219 206/224/207
f 208/227/209 220/240/221 219/239/220 207/226/208
f 209/228/210 221/241/222 220/240/221 208/227/209
f 210/229/211 222/242/223 221/241/222 209/228/210
f 211/230/212 223/243/224 222/242/223 210/229/211
f 212/231/213 224/244/225 223/243/224 211/230/212
f 213/232/214 225/245/226 224/244/225 212/231/213
f 214/233/215 226/246/227 225/245/226 213/232/214
f 215/234/216 227/247/228 226/246/227 214/233/215
f 216/223/206 228/236/218 227/247/228 215/234/216
f 217/235/217 229/248/229 240/249/230 228/236/218
f 218/237/219 230/250/231 229/251/229 217/238/217
f 219/239/220 231/252/232 230/250/231 218/237/219
f 220/240/221 232/253/233 231/252/232 219/239/220
f 221/241/222 233/254/234 232/253/233 220/240/221
f 222/242/223 234/255/235 233/254/234 221/241/222
f 223/243/224 235/256/236 234/255/235 222/242/223
f 224/244/225 236/257/237 235/256/236 223/243/224
f 225/245/226 237/258/238 236/257/237 224/244/225
f 226/246/227 238/259/239 237/258/238 225/245/226
f 227/247/228 239/260/240 238/259/239 226/246/227
f 228/236/218 240/249/230 239/260/240 227/247/228
f 229/248/229 241/261/241 252/262/242 240/249/230
f 230/250/231 242/263/243 241/264/241 229/251/229
f 231/252/232 243/265/244 242/263/243 230/250/231
f 232/253/233 244/266/245 243/265/244 231/252/232
f 233/254/234 245/267/246 244/266/245 232/253/233
f 234/255/235 246/268/247 245/267/246 233/254/234
f 235/256/236 247/269/248 246/268/247 234/255/235
f 236/257/237 248/270/249 247/269/248 235/256/236
f 237/258/238 249/271/250 248/270/249 236/257/237
f 238/259/239 250/272/251 249/271/250 237/258/238
f 239/260/240 251/273/252 250/272/251 238/259/239
f 240/249/230 252/262/242 251/273/252 239/260/240
f 241/261/241 253/274/253 264/275/254 252/262/242
f 242/263/243 254/276/255 253/277/253 241/264/241
f 243/265/244 255/278/256 254/276/255 242/263/243
f 244/266/245 256/279/257 255/278/256 243/265/244
f 245/267/246 257/280/258 256/279/257 244/266/245
f 246/268/247 258/281/259 257/280/258 245/267/246
f 247/269/248 259/282/260 258/281/259 246/268/247
f 248/270/249 260/283/261 259/282/260 247/269/248
f 249/271/250 261/284/262 260/283/261 248/270/249
f 250/272/251 262/285/263 261/284/262 249/271/250
f 251/273/252 263/286/264 262/285/263 250/272/251
f 252/262/242 264/275/254 263/286/264 251/273/252
f 253/274/253 265/287/265 276/288/266 264/275/254
f 254/276/255 266/289/267 265/290/265 253/277/253
f 255/278/256 267/291/268 266/289/267 254/276/255
f 256/279/257 268/292/269 267/291/268 255/278/256
f 257/280/258 269/293/270 268/292/269 256/279/257
f 258/281/259 270/294/271 269/293/270 257/280/258
f 259/282/260 271/295/272 270/294/271 258/281/259
f 260/283/261 272/296/273 271/295/272 259/282/260
f 261/284/262 273/297/274 272/296/273 260/283/261
f 262/285/263 274/298/275 273/297/274 261/284/262
f 263/286/264 275/299/276 274/298/275 262/285/263
f 264/275/254 276/288/266 275/299/276 263/286/264
f 265/287/265 277/300/277 288/301/278 276/288/266
f 266/289/267 278/302/279 277/303/277 265/290/265
f 267/291/268 279/304/280 278/302/279 266/289/267
f 268/292/269 280/305/281 279/304/280 267/291/268
f 269/293/270 281/306/282 280/305/281 268/292/269
f 270/294/271 282/307/283 281/306/282 269/293/270
f 271/295/272 283/308/284 282/307/283 270/294/271
f 272/296/273 284/309/285 283/308/284 271/295/272
f 273/297/274 285/310/286 284/309/285 272/296/273
f 274/298/275 286/311/287 285/310/286 273/297/274
f 275/299/276 287/312/288 286/311/287 274/298/275
f 276/288/266 288/301/278 287/312/288 275/299/276
f 277/300/277 289/313/289 300/314/290 288/301/278
f 278/302/279 290/315/291 289/316/289 277/303/277
f 279/304/280 291/317/292 290/315/291 278/302/279
f 280/305/281 292/318/293 291/317/292 279/304/280
f 281/306/282 293/319/294 292/318/293 280/305/281
f 282/307/283 294/320/295 293/319/294 281/306/282
f 283/308/284 295/321/296 294/320/295 282/307/283
f 284/309/285 296/322/297 295/321/296 283/308/284
f 285/310/286 297/323/298 296/322/297 284/309/285
f 286/311/287 298/324/299 297/323/298 285/310/286
f 287/312/288 299/325/300 298/324/299 286/311/287
f 288/301/278 300/314/290 299/325/300 287/312/288
f 289/313/289 301/326/301 312/327/302 300/314/290
f 290/315/291 302/328/303 301/329/301 289/316/289
f 291/317/292 303/330/304 302/328/303 290/315/291
f 292/318/293 304/331/305 303/330/304 291/317/292
f 293/319/294 305/332/306 304/331/305 292/318/293
f 294/320/295 306/333/307 305/332/306 293/319/294
f 295/321/296 307/334/308 306/333/307 294/320/295
f 296/322/297 308/335/309 307/334/308 295/321/296
f 297/323/298 309/336/310 308/335/309 296/322/297
f 298/324/299 310/337/311 309/336/310 297/323/298
f 299/325/300 311/338/312 310/337/311 298/324/299
f 300/314/290 312/327/302 311/338/312 299/325/300
f 301/326/301 313/339/313 324/340/314 312/327/302
f 302/328/303 314/341/315 313/342/313 301/329/301
f 303/330/304 315/343/316 314/341/315 302/328/303
f 304/331/305 316/344/317 315/343/316 303/330/304
f 305/332/306 317/345/318 316/344/317 304/331/305
f 306/333/307 318/346/319 317/345/318 305/332/306
f 307/334/308 319/347/320 318/346/319 306/333/307
f 308/335/309 320/348/321 319/347/320 307/334/308
f 309/336/310 321/349/322 320/348/321 308/335/309
f 310/337/311 322/350/323 321/349/322 309/336/310
f 311/338/312 323/351/324 322/350/323 310/337/311
f 312/327/302 324/340/314 323/351/324 311/338/312
f 313/339/313 325/352/325 336/353/326 324/340/314
f 314/341/315 326/354/327 325/355/325 313/342/313
f 315/343/316 327/356/328 326/354/327 314/341/315
f 316/344/317 328/357/329 327/356/328 315/343/316
f 317/345/318 329/358/330 328/357/329 316/344/317
f 318/346/319 330/359/331 329/358/330 317/345/318
f 319/347/320 331/360/332 330/359/331 318/346/319
f 320/348/321 332/361/333 331/360/332 319/347/320
f 321/349/322 333/362/334 332/361/333 320/348/321
f 322/350/323 334/363/335 333/362/334 321/349/322
f 323/351/324 335/364/336 334/363/335 322/350/323
f 324/340/314 336/353/326 335/364/336 323/351/324
f 325/352/325 337/365/337 348/366/338 336/353/326
f 326/354/327 338/367/339 337/368/337 325/355/325
f 327/356/328 339/369/340 338/367/339 326/354/327
f 328/357/329 340/370/341 339/369/340 327/356/328
f 329/358/330 341/371/342 340/370/341 328/357/329
f 330/359/331 342/372/343 341/371/342 329/358/330
f 331/360/332 343/373/344 342/372/343 330/359/331
f 332/361/333 344/374/345 343/373/344 331/360/332
f 333/362/334 345/375/346 344/374/345 332/361/333
f 334/363/335 346/376/347 345/375/346 333/362/334
f 335/364/336 347/377/348 346/376/347 334/363/335
f 336/353/326 348/366/338 347/377/348 335/364/336
f 349/378/349 361/379/350 372/380/351 360/381/352
f 350/382/353 362/383/354 361/384/350 349/385/349
f 351/386/355 363/387/356 362/383/354 350/382/353
f 352/388/357 364/389/358 363/387/356 351/386/355
f 353/390/359 365/391/360 364/389/358 352/388/357
f 354/392/361 366/393/362 365/391/360 353/390/359
f 355/394/363 367/395/364 366/393/362 354/392/361
f 356/396/365 368/397/366 367/395/364 355/394/363
f 357/398/367 369/399/368 368/397/366 356/396/365
f 358/400/369 370/401/370 369/399/368 357/398/367
f 359/402/371 371/403/372 370/401/370 358/400/369
f 360/381/352 372/380/351 371/403/372 359/402/371
f 361/379/350 373/404/373 384/405/374 372/380/351
f 362/383/354 374/406/375 373/407/373 361/384/350
f 363/387/356 375/408/376 374/406/375 362/383/354
f 364/389/358 376/409/377 375/408/376 363/387/356
f 365/391/360 377/410/378 376/409/377 364/389/358
f 366/393/362 378/411/379 377/410/378 365/391/360
f 367/395/364 379/412/380 378/411/379 366/393/362
f 368/397/366 380/413/381 379/412/380 367/395/364
f 369/399/368 381/414/382 380/413/381 368/397/366
f 370/401/370 382/415/383 381/414/382 369/399/368
f 371/403/372 383/416/384 382/415/383 370/401/370
f 372/380/351 384/405/374 383/416/384 371/403/372
f 373/404/373 385/417/385 396/418/386 384/405/374
f 374/406/375 386/419/387 385/420/385 373/407/373
f 375/408/376 387/421/388 386/419/387 374/406/375
f 376/409/377 388/422/389 387/421/388 375/408/376
f 377/410/378 389/423/390 388/422/389 376/409/377
f 378/411/379 390/424/391 389/423/390 377/410/378
f 379/412/380 391/425/392 390/424/391 378/411/379
f 380/413/381 392/426/393 391/425/392 379/412/380
f 381/414/382 393/427/394 392/426/393 380/413/381
f 382/415/383 394/428/395 393/427/394 381/414/382
f 383/416/384 395/429/396 394/428/395 382/415/383
f 384/405/374 396/418/386 395/429/396 383/416/384
f 385/417/385 397/430/397 408/431/398 396/418/386
f 386/419/387 398/432/399 397/433/397 385/420/385
f 387/421/388 399/434/400 398/432/399 386/419/387
f 388/422/389 400/435/401 399/434/400 387/421/388
f 389/423/390 401/436/402 400/435/401 388/422/389
f 390/424/391 402/437/403 401/436/402 389/423/390
f 391/425/392 403/438/404 402/437/403 390/424/391
f 392/426/393 404/439/405 403/438/404 391/425/392
f 393/427/394 405/440/406 404/439/405 392/426/393
f 394/428/395 406/441/407 405/440/406 393/427/394
f 395/429/396 407/442/408 406/441/407 394/428/395
f 396/418/386 408/431/398 407/442/408 395/429/396
f 397/430/397 409/443/409 420/444/410 408/431/398
f 398/432/399 410/445/411 409/446/409 397/433/397
f 399/434/400 411/447/412 410/445/411 398/432/399
f 400/435/401 412/448/413 411/447/412 399/434/400
f 401/436/402 413/449/414 412/448/413 400/435/401
f 402/437/403 414/450/415 413/449/414 401/436/402
f 403/438/404 415/451/416 414/450/415 402/437/403
f 404/439/405 416/452/417 415/451/416 403/438/404
f 405/440/406 417/453/418 416/452/417 404/439/405
f 406/441/407 418/454/419 417/453/418 405/440/406
f 407/442/408 419/455/420 418/454/419 406/441/407
f 408/431/398 420/444/410 419/455/420 407/442/408
f 409/443/409 421/456/421 432/457/422 420/444/410
f 410/445/411 422/458/423 421/459/421 409/446/409
f 411/447/412 423/460/424 422/458/423 410/445/411
f 412/448/413 424/461/425 423/460/424 411/447/412
f 413/449/414 425/462/426 424/461/425 412/448/413
f 414/450/415 426/463/427 425/462/426 413/449/414
f 415/451/416 427/464/428 426/463/427 414/450/415
f 416/452/417 428/465/429 427/464/428 415/451/416
f 417/453/418 429/466/430 428/465/429 416/452/417
f 418/454/419 430/467/431 429/466/430 417/453/418
f 419/455/420 431/468/432 430/467/431 418/454/419
f 420/444/410 432/457/422 431/468/432 419/455/420
f 421/456/421 433/469/433 444/470/434 432/457/422
f 422/458/423 434/471/435 433/472/433 421/459/421
f 423/460/424 435/473/436 434/471/435 422/458/423
f 424/461/425 436/474/437 435/473/436 423/460/424
f 425/462/426 437/475/438 436/474/437 424/461/425
f 426/463/427 438/476/439 437/475/438 425/462/426
f 427/464/428 439/477/440 438/476/439 426/463/427
f 428/465/429 440/478/441 439/477/440 427/464/428
f 429/466/430 441/479/442 440/478/441 428/465/429
f 430/467/431 442/480/443 441/479/442 429/466/430
f 431/468/432 443/481/444 442/480/443 430/467/431
f 432/457/422 444/470/434 443/481/444 431/468/432
f 433/469/433 445/482/445 456/483/446 444/470/434
f 434/471/435 446/484/447 445/485/445 433/472/433
f 435/473/436 447/486/448 446/484/447 434/471/435
f 436/474/437 448/487/449 447/486/448 435/473/436
f 437/475/438 449/488/450 448/487/449 436/474/437
f 438/476/439 450/489/451 449/488/450 437/475/438
f 439/477/440 451/490/452 450/489/451 438/476/439
f 440/478/441 452/491/453 451/490/452 439/477/440
f 441/479/442 453/492/454 452/491/453 440/478/441
f 442/480/443 454/493/455 453/492/454 441/479/442
f 443/481/444 455/494/456 454/493/455 442/480/443
f 444/470/434 456/483/446 455/494/456 443/481/444
f 445/482/445 457/495/457 468/496/458 456/483/446
f 446/484/447 458/497/459 457/498/457 445/485/445
f 447/486/448 459/499/460 458/497/459 446/484/447
f 448/487/449 460/500/461 459/499/460 447/486/448
f 449/488/450 461/501/462 460/500/461 448/487/449
f 450/489/451 462/502/463 461/501/462 449/488/450
f 451/490/452 463/503/464 462/502/463 450/489/451
f 452/491/453 464/504/465 463/503/464 451/490/452
f 453/492/454 465/505/466 464/504/465 452/491/453
f 454/493/455 466/506/467 465/505/466 453/492/454
f 455/494/456 467/507/468 466/506/467 454/493/455
f 456/483/446 468/496/458 467/507/468 455/494/456
f 457/495/457 469/508/469 480/509/470 468/496/458
f 458/497/459 470/510/471 469/511/469 457/498/457
f 459/499/460 471/512/472 470/510/471 458/497/459
f 460/500/461 472/513/473 471/512/472 459/499/460
f 461/501/462 473/514/474 472/513/473 460/500/461
f 462/502/463 474/515/475 473/514/474 461/501/462
f 463/503/464 475/516/476 474/515/475 462/502/463
f 464/504/465 476/517/477 475/516/476 463/503/464
f 465/505/466 477/518/478 476/517/477 464/504/465
f 466/506/467 478/519/479 477/518/478 465/505/466
f 467/507/468 479/520/480 478/519/479 466/506/467
f 468/496/458 480/509/470 479/520/480 467/507/468
f 469/508/469 481/521/481 492/522/482 480/509/470
f 470/510/471 482/523/483 481/524/481 469/511/469
f 471/512/472 483/525/484 482/523/483 470/510/471
f 472/513/473 484/526/485 483/525/484 471/512/472
f 473/514/474 485/527/486 484/526/485 472/513/473
f 474/515/475 486/528/487 485/527/486 473/514/474
f 475/516/476 487/529/488 486/528/487 474/515/475
f 476/517/477 488/530/489 487/529/488 475/516/476
f 477/518/478 489/531/490 488/530/489 476/517/477
f 478/519/479 490/532/491 489/531/490 477/518/478
f 479/520/480 491/533/492 490/532/491 478/519/479
f 480/509/470 492/522/482 491/533/492 479/520/480
f 481/521/481 493/534/493 504/535/494 492/522/482
f 482/523/483 494/536/495 493/537/493 481/524/481
f 483/525/484 495/538/496 494/536/495 482/523/483
f 484/526/485 496/539/497 495/538/496 483/525/484
f 485/527/486 497/540/498 496/539/497 484/526/485
f 486/528/487 498/541/499 497/540/498 485/527/486
f 487/529/488 499/542/500 498/541/499 486/528/487
f 488/530/489 500/543/501 499/542/500 487/529/488
f 489/531/490 501/544/502 500/543/501 488/530/489
f 490/532/491 502/545/503 501/544/502 489/531/490
f 491/533/492 503/546/504 502/545/503 490/532/491
f 492/522/482 504/535/494 503/546/504 491/533/492
f 493/534/493 505/547/505 516/548/506 504/535/494
f 494/536/495 506/549/507 505/550/505 493/537/493
f 495/538/496 507/551/508 506/549/507 494/536/495
f 496/539/497 508/552/509 507/551/508 495/538/496
f 497/540/498 509/553/510 508/552/509 496/539/497
f 498/541/499 510/554/511 509/553/510 497/540/498
f 499/542/500 511/555/512 510/554/511 498/541/499
f 500/543/501 512/556/513 511/555/512 499/542/500
f 501/544/502 513/557/514 512/556/513 500/543/501
f 502/545/503 514/558/515 513/557/514 501/544/502
f 503/546/504 515/559/516 514/558/515 502/545/503
f 504/535/494 516/548/506 515/559/516 503/546/504
f 505/547/505 517/560/517 528/561/518 516/548/506
f 506/549/507 518/562/519 517/563/517 505/550/505
f 507/551/508 519/564/520 518/562/519 506/549/507
f 508/552/509 520/565/521 519/564/520 507/551/508
f 509/553/510 521/566/522 520/565/521 508/552/509
f 510/554/511 522/567/523 521/566/522 509/553/510
f 511/555/512 523/568/524 522/567/523 510/554/511
f 512/556/513 524/569/525 523/568/524 511/555/512
f 513/557/514 525/570/526 524/569/525 512/556/513
f 514/558/515 526/571/527 525/570/526 513/557/514
f 515/559/516 527/572/528 526/571/527 514/558/515
f 516/548/506 528/561/518 527/572/528 515/559/516
f 517/560/517 529/573/529 540/574/530 528/561/518
f 518/562/519 530/575/531 529/576/529 517/563/517
f 519/564/520 531/577/532 530/575/531 518/562/519
f 520/565/521 532/578/533 531/577/532 519/564/520
f 521/566/522 533/579/534 532/578/533 520/565/521
f 522/567/523 534/580/535 533/579/534 521/566/522
f 523/568/524 535/581/536 534/580/535 522/567/523
f 524/569/525 536/582/537 535/581/536 523/568/524
f 525/570/526 537/583/538 536/582/537 524/569/525
f 526/571/527 538/584/539 537/583/538 525/570/526
f 527/572/528 539/585/540 538/584/539 526/571/527
f 528/561/518 540/574/530 539/585/540 527/572/528
f 529/573/529 541/586/541 552/587/542 540/574/530
f 530/575/531 542/588/543 541/589/541 529/576/529
f 531/577/532 543/590/544 542/588/543 530/575/531
f 532/578/533 544/591/545 543/590/544 531/577/532
f 533/579/534 545/592/546 544/591/545 532/578/533
f 534/580/535 546/593/547 545/592/546 533/579/534
f 535/581/536 547/594/548 546/593/547 534/580/535
f 536/582/537 548/595/549 547/594/548 535/581/536
f 537/583/538 549/596/550 548/595/549 536/582/537
f 538/584/539 550/597/551 549/596/550 537/583/538
f 539/585/540 551/598/552 550/597/551 538/584/539
f 540/574/530 552/587/542 551/598/552 539/585/540
f 541/586/541 553/599/553 564/600/554 552/587/542
f 542/588/543 554/601/555 553/602/553 541/589/541
f 543/590/544 555/603/556 554/601/555 542/588/543
f 544/591/545 556/604/557 555/603/556 543/590/544
f 545/592/546 557/605/558 556/604/557 544/591/545
f 546/593/547 558/606/559 557/605/558 545/592/546
f 547/594/548 559/607/560 558/606/559 546/593/547
f 548/595/549 560/608/561 559/607/560 547/594/548
f 549/596/550 561/609/562 560/608/561 548/595/549
f 550/597/551 562/610/563 561/609/562 549/596/550
f 551/598/552 563/611/564 562/610/563 550/597/551
f 552/587/542 564/600/554 563/611/564 551/598/552
f 553/599/553 565/612/565 576/613/566 564/600/554
f 554/601/555 566/614/567 565/615/565 553/602/553
f 555/603/556 567/616/568 566/614/567 554/601/555
f 556/604/557 568/617/569 567/616/568 555/603/556
f 557/605/558 569/618/570 568/617/569 556/604/557
f 558/606/559 570/619/571 569/618/570 557/605/558
f 559/607/560 571/620/572 570/619/571 558/606/559
f 560/608/561 572/621/573 571/620/572 559/607/560
f 561/609/562 573/622/574 572/621/573 560/608/561
f 562/610/563 574/623/575 573/622/574 561/609/562
f 563/611/564 575/624/576 574/623/575 562/610/563
f 564/600/554 576/613/566 575/624/576 563/611/564
f 565/612/565 577/625/577 588/626/578 576/613/566
f 566/614/567 578/627/579 577/628/577 565/615/565
f 567/616/568 579/629/580 578/627/579 566/614/567
f 568/617/569 580/630/581 579/629/580 567/616/568
f 569/618/570 581/631/582 580/630/581 568/617/569
f 570/619/571 582/632/583 581/631/582 569/618/570
f 571/620/572 583/633/584 582/632/583 570/619/571
f 572/621/573 584/634/585 583/633/584 571/620/572
f 573/622/574 585/635/586 584/634/585 572/621/573
f 574/623/575 586/636/587 585/635/586 573/622/574
f 575/624/576 587/637/588 586/636/587 574/623/575
f 576/613/566 588/626/578 587/637/588 575/624/576
f 577/625/577 589/638/589 600/639/590 588/626/578
f 578/627/579 590/640/591 589/641/589 577/628/577
f 579/629/580 591/642/592 590/640/591 578/627/579
f 580/630/581 592/643/593 591/642/592 579/629/580
f 581/631/582 593/644/594 592/643/593 580/630/581
f 582/632/583 594/645/595 593/644/594 581/631/582
f 583/633/584 595/646/596 594/645/595 582/632/583
f 584/634/585 596/647/597 595/646/596 583/633/584
f 585/635/586 597/648/598 596/647/597 584/634/585
f 586/636/587 598/649/599 597/648/598 585/635/586
f 587/637/588 599/650/600 598/649/599 586/636/587
f 588/626/578 600/639/590 599/650/600 587/637/588
f 589/638/589 601/651/601 612/652/602 600/639/590
f 590/640/591 602/653/603 601/654/601 589/641/589
f 591/642/592 603/655/604 602/653/603 590/640/591
f 592/643/593 604/656/605 603/655/604 591/642/592
f 593/644/594 605/657/606 604/656/605 592/643/593
f 594/645/595 606/658/607 605/657/606 593/644/594
f 595/646/596 607/659/608 606/658/607 594/645/595
f 596/647/597 608/660/609 607/659/608 595/646/596
f 597/648/598 609/661/610 608/660/609 596/647/597
f 598/649/599 610/662/611 609/661/610 597/648/598
f 599/650/600 611/663/612 610/662/611 598/649/599
f 600/639/590 612/652/602 611/663/612 599/650/600
f 601/651/601 613/664/613 624/665/614 612/652/602
f 602/653/603 614/666/615 613/667/613 601/654/601
f 603/655/604 615/668/616 614/666/615 602/653/603
f 604/656/605 616/669/617 615/668/616 603/655/604
f 605/657/606 617/670/618 616/669/617 604/656/605
f 606/658/607 618/671/619 617/670/618 605/657/606
f 607/659/608 619/672/620 618/671/619 606/658/607
f 608/660/609 620/673/621 619/672/620 607/659/608
f 609/661/610 621/674/622 620/673/621 608/660/609
f 610/662/611 622/675/623 621/674/622 609/661/610
f 611/663/612 623/676/624 622/675/623 610/662/611
f 612/652/602 624/665/614 623/676/624 611/663/612
f 613/664/613 625/677/625 636/678/626 624/665/614
f 614/666/615 626/679/627 625/680/625 613/667/613
f 615/668/616 627/681/628 626/679/627 614/666/615
f 616/669/617 628/682/629 627/681/628 615/668/616
f 617/670/618 629/683/630 628/682/629 616/669/617
f 618/671/619 630/684/631 629/683/630 617/670/618
f 619/672/620 631/685/632 630/684/631 618/671/619
f 620/673/621 632/686/633 631/685/632 619/672/620
f 621/674/622 633/687/634 632/686/633 620/673/621
f 622/675/623 634/688/635 633/687/634 621/674/622
f 623/676/624 635/689/636 634/688/635 622/675/623
f 624/665/614 636/678/626 635/689/636 623/676/624
f 637/690/637 649/691/638 660/692/639 648/693/640
f 638/694/641 650/695/642 649/696/638 637/697/637
f 639/698/643 651/699/644 650/695/642 638/694/641
f 640/700/645 652/701/646 651/699/644 639/698/643
f 641/702/647 653/703/648 652/701/646 640/700/645
f 642/704/649 654/705/650 653/703/648 641/702/647
f 643/706/651 655/707/652 654/705/650 642/704/649
f 644/708/653 656/709/654 655/707/652 643/706/651
f 645/710/655 657/711/656 656/709/654 644/708/653
f 646/712/657 658/713/658 657/711/656 645/710/655
f 647/714/659 659/715/660 658/713/658 646/712/657
f 648/693/640 660/692/639 659/715/660 647/714/659
f 649/691/638 661/716/661 672/717/662 660/692/639
f 650/695/642 662/718/663 661/719/661 649/696/638
f 651/699/644 663/720/664 662/718/663 650/695/642
f 652/701/646 664/721/665 663/720/664 651/699/644
f 653/703/648 665/722/666 664/721/665 652/701/646
f 654/705/650 666/723/667 665/722/666 653/703/648
f 655/707/652 667/724/668 666/723/667 654/705/650
f 656/709/654 668/725/669 667/724/668 655/707/652
f 657/711/656 669/726/670 668/725/669 656/709/654
f 658/713/658 670/727/671 669/726/670 657/711/656
f 659/715/660 671/728/672 670/727/671 658/713/658
f 660/692/639 672/717/662 671/728/672 659/715/660
f 661/716/661 673/729/673 684/730/674 672/717/662
f 662/718/663 674/731/675 673/732/673 661/719/661
f 663/720/664 675/733/676 674/731/675 662/718/663
f 664/721/665 676/734/677 675/733/676 663/720/664
f 665/722/666 677/735/678 676/734/677 664/721/665
f 666/723/667 678/736/679 677/735/678 665/722/666
f 667/724/668 679/737/680 678/736/679 666/723/667
f 668/725/669 680/738/681 679/737/680 667/724/668
f 669/726/670 681/739/682 680/738/681 668/725/669
f 670/727/671 682/740/683 681/739/682 669/726/670
f 671/728/672 683/741/684 682/740/683 670/727/671
f 672/717/662 684/730/674 683/741/684 671/728/672
f 673/729/673 685/742/685 696/743/686 684/730/674
f 674/731/675 686/744/687 685/745/685 673/732/673
f 675/733/676 687/746/688 686/744/687 674/731/675
f 676/734/677 688/747/689 687/746/688 675/733/676
f 677/735/678 689/748/690 688/747/689 676/734/677
f 678/736/679 690/749/691 689/748/690 677/735/678
f 679/737/680 691/750/692 690/749/691 678/736/679
f 680/738/681 692/751/693 691/750/692 679/737/680
f 681/739/682 693/752/694 692/751/693 680/738/681
f 682/740/683 694/753/695 693/752/694 681/739/682
f 683/741/684 695/754/696 694/753/695 682/740/683
f 684/730/674 696/743/686 695/754/696 683/741/684
f 685/742/685 697/755/697 708/756/698 696/743/686
f 686/744/687 698/757/699 697/758/697 685/745/685
f 687/746/688 699/759/700 698/757/699 686/744/687
f 688/747/689 700/760/701 699/759/700 687/746/688
f 689/748/690 701/761/702 700/760/701 688/747/689
f 690/749/691 702/762/703 701/761/702 689/748/690
f 691/750/692 703/763/704 702/762/703 690/749/691
f 692/751/693 704/764/705 703/763/704 691/750/692
f 693/752/694 705/765/706 704/764/705 692/751/693
f 694/753/695 706/766/707 705/765/706 693/752/694
f 695/754/696 707/767/708 706/766/707 694/753/695
f 696/743/686 708/756/698 707/767/708 695/754/696
f 709/768/709 721/769/710 732/770/711 720/771/712
f 710/772/713 722/773/714 721/774/710 709/775/709
f 711/776/715 723/777/716 722/773/714 710/772/713
f 712/778/717 724/779/718 723/777/716 711/776/715
f 713/780/719 725/781/720 724/779/718 712/778/717
f 714/782/721 726/783/722 725/781/720 713/780/719
f 715/784/723 727/785/724 726/783/722 714/782/721
f 716/786/725 728/787/726 727/785/724 715/784/723
f 717/788/727 729/789/728 728/787/726 716/786/725
f 718/790/729 730/791/730 729/789/728 717/788/727
f 719/792/731 731/793/732 730/791/730 718/790/729
f 720/771/712 732/770/711 731/793/732 719/792/731
f 721/769/710 733/794/733 744/795/734 732/770/711
f 722/773/714 734/796/735 733/797/733 721/774/710
f 723/777/716 735/798/736 734/796/735 722/773/714
f 724/779/718 736/799/737 735/798/736 723/777/716
f 725/781/720 737/800/738 736/799/737 724/779/718
f 726/783/722 738/801/739 737/800/738 725/781/720
f 727/785/724 739/802/740 738/801/739 726/783/722
f 728/787/726 740/803/741 739/802/740 727/785/724
f 729/789/728 741/804/742 740/803/741 728/787/726
f 730/791/730 742/805/743 741/804/742 729/789/728
f 731/793/732 743/806/744 742/805/743 730/791/730
f 732/770/711 744/795/734 743/806/744 731/793/732
f 733/794/733 745/807/745 756/808/746 744/795/734
f 734/796/735 746/809/747 745/810/745 733/797/733
f 735/798/736 747/811/748 746/809/747 734/796/735
f 736/799/737 748/812/749 747/811/748 735/798/736
f 737/800/738 749/813/750 748/812/749 736/799/737
f 738/801/739 750/814/751 749/813/750 737/800/738
f 739/802/740 751/815/752 750/814/751 738/801/739
f 740/803/741 752/816/753 751/815/752 739/802/740
f 741/804/742 753/817/754 752/816/753 740/803/741
f 742/805/743 754/818/755 753/817/754 741/804/742
f 743/806/744 755/819/756 754/818/755 742/805/743
f 744/795/734 756/808/746 755/819/756 743/806/744
f 745/807/745 757/820/757 768/821/758 756/808/746
f 746/809/747 758/822/759 757/823/757 745/810/745
f 747/811/748 759/824/760 758/822/759 746/809/747
f 748/812/749 760/825/761 759/824/760 747/811/748
f 749/813/750 761/826/762 760/825/761 748/812/749
f 750/814/751 762/827/763 761/826/762 749/813/750
f 751/815/752 763/828/764 762/827/763 750/814/751
f 752/816/753 764/829/765 763/828/764 751/815/752
f 753/817/754 765/830/766 764/829/765 752/816/753
f 754/818/755 766/831/767 765/830/766 753/817/754
f 755/819/756 767/832/768 766/831/767 754/818/755
f 756/808/746 768/821/758 767/832/768 755/819/756
f 757/820/757 769/833/769 780/834/770 768/821/758
f 758/822/759 770/835/771 769/836/769 757/823/757
f 759/824/760 771/837/772 770/835/771 758/822/759
f 760/825/761 772/838/773 771/837/772 759/824/760
f 761/826/762 773/839/774 772/838/773 760/825/761
f 762/827/763 774/840/775 773/839/774 761/826/762
f 763/828/764 775/841/776 774/840/775 762/827/763
f 764/829/765 776/842/777 775/841/776 763/828/764
f 765/830/766 777/843/778 776/842/777 764/829/765
f 766/831/767 778/844/779 777/843/778 765/830/766
f 767/832/768 779/845/780 778/844/779 766/831/767
f 768/821/758 780/834/770 779/845/780 767/832/768
f 769/833/769 781/846/781 792/847/782 780/834/770
f 770/835/771 782/848/783 781/849/781 769/836/769
f 771/837/772 783/850/784 782/848/783 770/835/771
f 772/838/773 784/851/785 783/850/784 771/837/772
f 773/839/774 785/852/786 784/851/785 772/838/773
f 774/840/775 786/853/787 785/852/786 773/839/774
f 775/841/776 787/854/788 786/853/787 774/840/775
f 776/842/777 788/855/789 787/854/788 775/841/776
f 777/843/778 789/856/790 788/855/789 776/842/777
f 778/844/779 790/857/791 789/856/790 777/843/778
f 779/845/780 791/858/792 790/857/791 778/844/779
f 780/834/770 792/847/782 791/858/792 779/845/780
f 781/846/781 793/859/793 804/860/794 792/847/782
f 782/848/783 794/861/795 793/862/793 781/849/781
f 783/850/784 795/863/796 794/861/795 782/848/783
f 784/851/785 796/864/797 795/863/796 783/850/784
f 785/852/786 797/865/798 796/864/797 784/851/785
f 786/853/787 798/866/799 797/865/798 785/852/786
f 787/854/788 799/867/800 798/866/799 786/853/787
f 788/855/789 800/868/801 799/867/800 787/854/788
f 789/856/790 801/869/802 800/868/801 788/855/789
f 790/857/791 802/870/803 801/869/802 789/856/790
f 791/858/792 803/871/804 802/870/803 790/857/791
f 792/847/782 804/860/794 803/871/804 791/858/792
f 793/859/793 805/872/805 816/873/806 804/860/794
f 794/861/795 806/874/807 805/875/805 793/862/793
f 795/863/796 807/876/808 806/874/807 794/861/795
f 796/864/797 808/877/809 807/876/808 795/863/796
f 797/865/798 809/878/810 808/877/809 796/864/797
f 798/866/799 810/879/811 809/878/810 797/865/798
f 799/867/800 811/880/812 810/879/811 798/866/799
f 800/868/801 812/881/813 811/880/812 799/867/800
f 801/869/802 813/882/814 812/881/813 800/868/801
f 802/870/803 814/883/815 813/882/814 801/869/802
f 803/871/804 815/884/816 814/883/815 802/870/803
f 804/860/794 816/873/806 815/884/816 803/871/804
f 805/872/805 817/885/817 828/886/818 816/873/806
f 806/874/807 818/887/819 817/888/817 805/875/805
f 807/876/808 819/889/820 818/887/819 806/874/807
f 808/877/809 820/890/821 819/889/820 807/876/808
f 809/878/810 821/891/822 820/890/821 808/877/809
f 810/879/811 822/892/823 821/891/822 809/878/810
f 811/880/812 823/893/824 822/892/823 810/879/811
f 812/881/813 824/894/825 823/893/824 811/880/812
f 813/882/814 825/895/826 824/894/825 812/881/813
f 814/883/815 826/896/827 825/895/826 813/882/814
f 815/884/816 827/897/828 826/896/827 814/883/815
f 816/873/806 828/886/818 827/897/828 815/884/816
f 817/885/817 829/898/829 840/899/830 828/886/818
f 818/887/819 830/900/831 829/901/829 817/888/817
f 819/889/820 831/902/832 830/900/831 818/887/819
f 820/890/821 832/903/833 831/902/832 819/889/820
f 821/891/822 833/904/834 832/903/833 820/890/821
f 822/892/823 834/905/835 833/904/834 821/891/822
f 823/893/824 835/906/836 834/905/835 822/892/823
f 824/894/825 836/907/837 835/906/836 823/893/824
f 825/895/826 837/908/838 836/907/837 824/894/825
f 826/896/827 838/909/839 837/908/838 825/895/826
f 827/897/828 839/910/840 838/909/839 826/896/827
f 828/886/818 840/899/830 839/910/840 827/897/828
f 829/898/829 841/911/841 852/912/842 840/899/830
f 830/900/831 842/913/843 841/914/841 829/901/829
f 831/902/832 843/915/844 842/913/843 830/900/831
f 832/903/833 844/916/845 843/915/844 831/902/832
f 833/904/834 845/917/846 844/916/845 832/903/833
f 834/905/835 846/918/847 845/917/846 833/904/834
f 835/906/836 847/919/848 846/918/847 834/905/835
f 836/907/837 848/920/849 847/919/848 835/906/836
f 837/908/838 849/921/850 848/920/849 836/907/837
f 838/909/839 850/922/851 849/921/850 837/908/838
f 839/910/840 851/923/852 850/922/851 838/909/839
f 840/899/830 852/912/842 851/923/852 839/910/840
f 841/911/841 853/924/853 864/925/854 852/912/842
f 842/913/843 854/926/855 853/927/853 841/914/841
f 843/915/844 855/928/856 854/926/855 842/913/843
f 844/916/845 856/929/857 855/928/856 843/915/844
f 845/917/846 857/930/858 856/929/857 844/916/845
f 846/918/847 858/931/859 857/930/858 845/917/846
f 847/919/848 859/932/860 858/931/859 846/918/847
f 848/920/849 860/933/861 859/932/860 847/919/848
f 849/921/850 861/934/862 860/933/861 848/920/849
f 850/922/851 862/935/863 861/934/862 849/921/850
f 851/923/852 863/936/864 862/935/863 850/922/851
f 852/912/842 864/925/854 863/936/864 851/923/852
f 853/924/853 865/937/865 876/938/866 864/925/854
f 854/926/855 866/939/867 865/940/865 853/927/853
f 855/928/856 867/941/868 866/939/867 854/926/855
f 856/929/857 868/942/869 867/941/868 855/928/856
f 857/930/858 869/943/870 868/942/869 856/929/857
f 858/931/859 870/944/871 869/943/870 857/930/858
f 859/932/860 871/945/872 870/944/871 858/931/859
f 860/933/861 872/946/873 871/945/872 859/932/860
f 861/934/862 873/947/874 872/946/873 860/933/861
f 862/935/863 874/948/875 873/947/874 861/934/862
f 863/936/864 875/949/876 874/948/875 862/935/863
f 864/925/854 876/938/866 875/949/876 863/936/864
f 865/937/865 877/950/877 888/951/878 876/938/866
f 866/939/867 878/952/879 877/953/877 865/940/865
f 867/941/868 879/954/880 878/952/879 866/939/867
f 868/942/869 880/955/881 879/954/880 867/941/868
f 869/943/870 881/956/882 880/955/881 868/942/869
f 870/944/871 882/957/883 881/956/882 869/943/870
f 871/945/872 883/958/884 882/957/883 870/944/871
f 872/946/873 884/959/885 883/958/884 871/945/872
f 873/947/874 885/960/886 884/959/885 872/946/873
f 874/948/875 886/961/887 885/960/886 873/947/874
f 875/949/876 887/962/888 886/961/887 874/948/875
f 876/938/866 888/951/878 887/962/888 875/949/876
f 877/950/877 889/963/889 900/964/890 888/951/878
f 878/952/879 890/965/891 889/966/889 877/953/877
f 879/954/880 891/967/892 890/965/891 878/952/879
f 880/955/881 892/968/893 891/967/892 879/954/880
f 881/956/882 893/969/894 892/968/893 880/955/881
f 882/957/883 894/970/895 893/969/894 881/956/882
f 883/958/884 895/971/896 894/970/895 882/957/883
f 884/959/885 896/972/897 895/971/896 883/958/884
f 885/960/886 897/973/898 896/972/897 884/959/885
f 886/961/887 898/974/899 897/973/898 885/960/886
f 887/962/888 899/975/900 898/974/899 886/961/887
f 888/951/878 900/964/890 899/975/900 887/962/888
f 889/963/889 901/976/901 912/977/902 900/964/890
f 890/965/891 902/978/903 901/979/901 889/966/889
f 891/967/892 903/980/904 902/978/903 890/965/891
f 892/968/893 904/981/905 903/980/904 891/967/892
f 893/969/894 905/982/906 904/981/905 892/968/893
f 894/970/895 906/983/907 905/982/906 893/969/894
f 895/971/896 907/984/908 906/983/907 894/970/895
f 896/972/897 908/985/909 907/984/908 895/971/896
f 897/973/898 909/986/910 908/985/909 896/972/897
f 898/974/899 910/987/911 909/986/910 897/973/898
f 899/975/900 911/988/912 910/987/911 898/974/899
f 900/964/890 912/977/902 911/988/912 899/975/900
f 901/976/901 913/989/913 924/990/914 912/977/902
f 902/978/903 914/991/915 913/992/913 901/979/901
f 903/980/904 915/993/916 914/991/915 902/978/903
f 904/981/905 916/994/917 915/993/916 903/980/904
f 905/982/906 917/995/918 916/994/917 904/981/905
f 906/983/907 918/996/919 917/995/918 905/982/906
f 907/984/908 919/997/920 918/996/919 906/983/907
f 908/985/909 920/998/921 919/997/920 907/984/908
f 909/986/910 921/999/922 920/998/921 908/985/909
f 910/987/911 922/1000/923 921/999/922 909/986/910
f 911/988/912 923/1001/924 922/1000/923 910/987/911
f 912/977/902 924/990/914 923/1001/924 911/988/912
f 913/989/913 925/1002/925 936/1003/926 924/990/914
f 914/991/915 926/1004/927 925/1005/925 913/992/913
f 915/993/916 927/1006/928 926/1004/927 914/991/915
f 916/994/917 928/1007/929 927/1006/928 915/993/916
f 917/995/918 929/1008/930 928/1007/929 916/994/917
f 918/996/919 930/1009/931 929/1008/930 917/995/918
f 919/997/920 931/1010/932 930/1009/931 918/996/919
f 920/998/921 932/1011/933 931/1010/932 919/997/920
f 921/999/922 933/1012/934 932/1011/933 920/998/921
f 922/1000/923 934/1013/935 933/1012/934 921/999/922
f 923/1001/924 935/1014/936 934/1013/935 922/1000/923
f 924/990/914 936/1003/926 935/1014/936 923/1001/924
f 925/1002/925 937/1015/937 948/1016/938 936/1003/926
f 926/1004/927 938/1017/939 937/1018/937 925/1005/925
f 927/1006/928 939/1019/940 938/1017/939 926/1004/927
f 928/1007/929 940/1020/941 939/1019/940 927/1006/928
f 929/1008/930 941/1021/942 940/1020/941 928/1007/929
f 930/1009/931 942/1022/943 941/1021/942 929/1008/930
f 931/1010/932 943/1023/944 942/1022/943 930/1009/931
f 932/1011/933 944/1024/945 943/1023/944 931/1010/932
f 933/1012/934 945/1025/946 944/1024/945 932/1011/933
f 934/1013/935 946/1026/947 945/1025/946 933/1012/934
f 935/1014/936 947/1027/948 946/1026/947 934/1013/935
f 936/1003/926 948/1016/938 947/1027/948 935/1014/936
f 937/1015/937 949/1028/949 960/1029/950 948/1016/938
f 938/1017/939 950/1030/951 949/1031/949 937/1018/937
f 939/1019/940 951/1032/952 950/1030/951 938/1017/939
f 940/1020/941 952/1033/953 951/1032/952 939/1019/940
f 941/1021/942 953/1034/954 952/1033/953 940/1020/941
f 942/1022/943 954/1035/955 953/1034/954 941/1021/942
f 943/1023/944 955/1036/956 954/1035/955 942/1022/943
f 944/1024/945 956/1037/957 955/1036/956 943/1023/944
f 945/1025/946 957/1038/958 956/1037/957 944/1024/945
f 946/1026/947 958/1039/959 957/1038/958 945/1025/946
f 947/1027/948 959/1040/960 958/1039/959 946/1026/947
f 948/1016/938 960/1029/950 959/1040/960 947/1027/948
f 949/1028/949 961/1041/961 972/1042/962 960/1029/950
f 950/1030/951 962/1043/963 961/1044/961 949/1031/949
f 951/1032/952 963/1045/964 962/1043/963 950/1030/951
f 952/1033/953 964/1046/965 963/1045/964 951/1032/952
f 953/1034/954 965/1047/966 964/1046/965 952/1033/953
f 954/1035/955 966/1048/967 965/1047/966 953/1034/954
f 955/1036/956 967/1049/968 966/1048/967 954/1035/955
f 956/1037/957 968/1050/969 967/1049/968 955/1036/956
f 957/1038/958 969/1051/970 968/1050/969 956/1037/957
f 958/1039/959 970/1052/971 969/1051/970 957/1038/958
f 959/1040/960 971/1053/972 970/1052/971 958/1039/959
f 960/1029/950 972/1042/962 971/1053/972 959/1040/960
f 961/1041/961 973/1054/973 984/1055/974 972/1042/962
f 962/1043/963 974/1056/975 973/1057/973 961/1044/961
f 963/1045/964 975/1058/976 974/1056/975 962/1043/963
f 964/1046/965 976/1059/977 975/1058/976 963/1045/964
f 965/1047/966 977/1060/978 976/1059/977 964/1046/965
f 966/1048/967 978/1061/979 977/1060/978 965/1047/966
f 967/1049/968 979/1062/980 978/1061/979 966/1048/967
f 968/1050/969 980/1063/981 979/1062/980 967/1049/968
f 969/1051/970 981/1064/982 980/1063/981 968/1050/969
f 970/1052/971 982/1065/983 981/1064/982 969/1051/970
f 971/1053/972 983/1066/984 982/1065/983 970/1052/971
f 972/1042/962 984/1055/974 983/1066/984 971/1053/972
f 973/1054/973 985/1067/985 996/1068/986 984/1055/974
f 974/1056/975 986/1069/987 985/1070/985 973/1057/973
f 975/1058/976 987/1071/988 986/1069/987 974/1056/975
f 976/1059/977 988/1072/989 987/1071/988 975/1058/976
f 977/1060/978 989/1073/990 988/1072/989 976/1059/977
f 978/1061/979 990/1074/991 989/1073/990 977/1060/978
f 979/1062/980 991/1075/992 990/1074/991 978/1061/979
f 980/1063/981 992/1076/993 991/1075/992 979/1062/980
f 981/1064/982 993/1077/994 992/1076/993 980/1063/981
f 982/1065/983 994/1078/995 993/1077/994 981/1064/982
f 983/1066/984 995/1079/996 994/1078/995 982/1065/983
f 984/1055/974 996/1068/986 995/1079/996 983/1066/984
f 985/1067/985 997/1080/997 1008/1081/998 996/1068/986
f 986/1069/987 998/1082/999 997/1083/997 985/1070/985
f 987/1071/988 999/1084/1000 998/1082/999 986/1069/987
f 988/1072/989 1000/1085/1001 999/1084/1000 987/1071/988
f 989/1073/990 1001/1086/1002 1000/1085/1001 988/1072/989
f 990/1074/991 1002/1087/1003 1001/1086/1002 989/1073/990
f 991/1075/992 1003/1088/1004 1002/1087/1003 990/1074/991
f 992/1076/993 1004/1089/1005 1003/1088/1004 991/1075/992
f 993/1077/994 1005/1090/1006 1004/1089/1005 992/1076/993
f 994/1078/995 1006/1091/1007 1005/1090/1006 993/1077/994
f 995/1079/996 1007/1092/1008 1006/1091/1007 994/1078/995
f 996/1068/986 1008/1081/998 1007/1092/1008 995/1079/996
f 997/1080/997 1009/1093/1009 1020/1094/1010 1008/1081/998
f 998/1082/999 1010/1095/1011 1009/1096/1009 997/1083/997
f 999/1084/1000 1011/1097/1012 1010/1095/1011 998/1082/999
f 1000/1085/1001 1012/1098/1013 1011/1097/1012 999/1084/1000
f 1001/1086/1002 1013/1099/1014 1012/1098/1013 1000/1085/1001
f 1002/1087/1003 1014/1100/1015 1013/1099/1014 1001/1086/1002
f 1003/1088/1004 1015/1101/1016 1014/1100/1015 1002/1087/1003
f 1004/1089/1005 1016/1102/1017 1015/1101/1016 1003/1088/1004
f 1005/1090/1006 1017/1103/1018 1016/1102/1017 1004/1089/1005
f 1006/1091/1007 1018/1104/1019 1017/1103/1018 1005/1090/1006
f 1007/1092/1008 1019/1105/1020 1018/1104/1019 1006/1091/1007
f 1008/1081/998 1020/1094/1010 1019/1105/1020 1007/1092/1008
f 1009/1093/1009 1021/1106/1021 1032/1107/1022 1020/1094/1010
f 1010/1095/1011 1022/1108/1023 1021/1109/1021 1009/1096/1009
f 1011/1097/1012 1023/1110/1024 1022/1108/1023 1010/1095/1011
f 1012/1098/1013 1024/1111/1025 1023/1110/1024 1011/1097/1012
f 1013/1099/1014 1025/1112/1026 1024/1111/1025 1012/1098/1013
f 1014/1100/1015 1026/1113/1027 1025/1112/1026 1013/1099/1014
f 1015/1101/1016 1027/1114/1028 1026/1113/1027 1014/1100/1015
f 1016/1102/1017 1028/1115/1029 1027/1114/1028 1015/1101/1016
f 1017/1103/1018 1029/1116/1030 1028/1115/1029 1016/1102/1017
f 1018/1104/1019 1030/1117/1031 1029/1116/1030 1017/1103/1018
f 1019/1105/1020 1031/1118/1032 1030/1117/1031 1018/1104/1019
f 1020/1094/1010 1032/1107/1022 1031/1118/1032 1019/1105/1020
f 1021/1106/1021 1033/1119/1033 1044/1120/1034 1032/1107/1022
f 1022/1108/1023 1034/1121/1035 1033/1122/1033 1021/1109/1021
f 1023/1110/1024 1035/1123/1036 1034/1121/1035 1022/1108/1023
f 1024/1111/1025 1036/1124/1037 1035/1123/1036 1023/1110/1024
f 1025/1112/1026 1037/1125/1038 1036/1124/1037 1024/1111/1025
f 1026/1113/1027 1038/1126/1039 1037/1125/1038 1025/1112/1026
f 1027/1114/1028 1039/1127/1040 1038/1126/1039 1026/1113/1027
f 1028/1115/1029 1040/1128/1041 1039/1127/1040 1027/1114/1028
f 1029/1116/1030 1041/1129/1042 1040/1128/1041 1028/1115/1029
f 1030/1117/1031 1042/1130/1043 1041/1129/1042 1029/1116/1030
f 1031/1118/1032 1043/1131/1044 1042/1130/1043 1030/1117/1031
f 1032/1107/1022 1044/1120/1034 1043/1131/1044 1031/1118/1032
f 1045/1132/1045 1057/1133/1046 1068/1134/1047 1056/1135/1048
f 1046/1136/1049 1058/1137/1050 1057/1138/1046 1045/1139/1045
f 1047/1140/1051 1059/1141/1052 1058/1137/1050 1046/1136/1049
f 1048/1142/1053 1060/1143/1054 1059/1141/1052 1047/1140/1051
f 1049/1144/1055 1061/1145/1056 1060/1143/1054 1048/1142/1053
f 1050/1146/1057 1062/1147/1058 1061/1145/1056 1049/1144/1055
f 1051/1148/1059 1063/1149/1060 1062/1147/1058 1050/1146/1057
f 1052/1150/1061 1064/1151/1062 1063/1149/1060 1051/1148/1059
f 1053/1152/1063 1065/1153/1064 1064/1151/1062 1052/1150/1061
f 1054/1154/1065 1066/1155/1066 1065/1153/1064 1053/1152/1063
f 1055/1156/1067 1067/1157/1068 1066/1155/1066 1054/1154/1065
f 1056/1135/1048 1068/1134/1047 1067/1157/1068 1055/1156/1067
f 1057/1133/1046 1069/1158/1069 1080/1159/1070 1068/1134/1047
f 1058/1137/1050 1070/1160/1071 1069/1161/1069 1057/1138/1046
f 1059/1141/1052 1071/1162/1072 1070/1160/1071 1058/1137/1050
f 1060/1143/1054 1072/1163/1073 1071/1162/1072 1059/1141/1052
f 1061/1145/1056 1073/1164/1074 1072/1163/1073 1060/1143/1054
f 1062/1147/1058 1074/1165/1075 1073/1164/1074 1061/1145/1056
f 1063/1149/1060 1075/1166/1076 1074/1165/1075 1062/1147/1058
f 1064/1151/1062 1076/1167/1077 1075/1166/1076 1063/1149/1060
f 1065/1153/1064 1077/1168/1078 1076/1167/1077 1064/1151/1062
f 1066/1155/1066 1078/1169/1079 1077/1168/1078 1065/1153/1064
f 1067/1157/1068 1079/1170/1080 1078/1169/1079 1066/1155/1066
f 1068/1134/1047 1080/1159/1070 1079/1170/1080 1067/1157/1068
f 1069/1158/1069 1081/1171/1081 1092/1172/1082 1080/1159/1070
f 1070/1160/1071 1082/1173/1083 1081/1174/1081 1069/1161/1069
f 1071/1162/1072 1083/1175/1084 1082/1173/1083 1070/1160/1071
f 1072/1163/1073 1084/1176/1085 1083/1175/1084 1071/1162/1072
f 1073/1164/1074 1085/1177/1086 1084/1176/1085 1072/1163/1073
f 1074/1165/1075 1086/1178/1087 1085/1177/1086 1073/1164/1074
f 1075/1166/1076 1087/1179/1088 1086/1178/1087 1074/1165/1075
f 1076/1167/1077 1088/1180/1089 1087/1179/1088 1075/1166/1076
f 1077/1168/1078 1089/1181/1090 1088/1180/1089 1076/1167/1077
f 1078/1169/1079 1090/1182/1091 1089/1181/1090 1077/1168/1078
f 1079/1170/1080 1091/1183/1092 1090/1182/1091 1078/1169/1079
f 1080/1159/1070 1092/1172/1082 1091/1183/1092 1079/1170/1080
f 1081/1171/1081 1093/1184/1093 1104/1185/1094 1092/1172/1082
f 1082/1173/1083 1094/1186/1095 1093/1187/1093 1081/1174/1081
f 1083/1175/1084 1095/1188/1096 1094/1186/1095 1082/1173/1083
f 1084/1176/1085 1096/1189/1097 1095/1188/1096 1083/1175/1084
f 1085/1177/1086 1097/1190/1098 1096/1189/1097 1084/1176/1085
f 1086/1178/1087 1098/1191/1099 1097/1190/1098 1085/1177/1086
f 1087/1179/1088 1099/1192/1100 1098/1191/1099 1086/1178/1087
f 1088/1180/1089 1100/1193/1101 1099/1192/1100 1087/1179/1088
f 1089/1181/1090 1101/1194/1102 1100/1193/1101 1088/1180/1089
f 1090/1182/1091 1102/1195/1103 1101/1194/1102 1089/1181/1090
f 1091/1183/1092 1103/1196/1104 1102/1195/1103 1090/1182/1091
f 1092/1172/1082 1104/1185/1094 1103/1196/1104 1091/1183/1092
f 1093/1184/1093 1105/1197/1105 1116/1198/1106 1104/1185/1094
f 1094/1186/1095 1106/1199/1107 1105/1200/1105 1093/1187/1093
f 1095/1188/1096 1107/1201/1108 1106/1199/1107 1094/1186/1095
f 1096/1189/1097 1108/1202/1109 1107/1201/1108 1095/1188/1096
f 1097/1190/1098 1109/1203/1110 1108/1202/1109 1096/1189/1097
f 1098/1191/1099 1110/1204/1111 1109/1203/1110 1097/1190/1098
f 1099/1192/1100 1111/1205/1112 1110/1204/1111 1098/1191/1099
f 1100/1193/1101 1112/1206/1113 1111/1205/1112 1099/1192/1100
f 1101/1194/1102 1113/1207/1114 1112/1206/1113 1100/1193/1101
f 1102/1195/1103 1114/1208/1115 1113/1207/1114 1101/1194/1102
f 1103/1196/1104 1115/1209/1116 1114/1208/1115 1102/1195/1103
f 1104/1185/1094 1116/1198/1106 1115/1209/1116 1103/1196/1104
f 1105/1197/1105 1117/1210/1117 1128/1211/1118 1116/1198/1106
f 1106/1199/1107 1118/1212/1119 1117/1213/1117 1105/1200/1105
f 1107/1201/1108 1119/1214/1120 1118/1212/1119 1106/1199/1107
f 1108/1202/1109 1120/1215/1121 1119/1214/1120 1107/1201/1108
f 1109/1203/1110 1121/1216/1122 1120/1215/1121 1108/1202/1109
f 1110/1204/1111 1122/1217/1123 1121/1216/1122 1109/1203/1110
f 1111/1205/1112 1123/1218/1124 1122/1217/1123 1110/1204/1111
f 1112/1206/1113 1124/1219/1125 1123/1218/1124 1111/1205/1112
f 1113/1207/1114 1125/1220/1126 1124/1219/1125 1112/1206/1113
f 1114/1208/1115 1126/1221/1127 1125/1220/1126 1113/1207/1114
f 1115/1209/1116 1127/1222/1128 1126/1221/1127 1114/1208/1115
f 1116/1198/1106 1128/1211/1118 1127/1222/1128 1115/1209/1116
f 1129/1223/1129 1141/1224/1130 1152/1225/1131 1140/1226/1132
f 1130/1227/1133 1142/1228/1134 1141/1229/1130 1129/1230/1129
f 1131/1231/1135 1143/1232/1136 1142/1228/1134 1130/1227/1133
f 1132/1233/1137 1144/1234/1138 1143/1232/1136 1131/1231/1135
f 1133/1235/1139 1145/1236/1140 1144/1234/1138 1132/1233/1137
f 1134/1237/1141 1146/1238/1142 1145/1236/1140 1133/1235/1139
f 1135/1239/1143 1147/1240/1144 1146/1238/1142 1134/1237/1141
f 1136/1241/1145 1148/1242/1146 1147/1240/1144 1135/1239/1143
f 1137/1243/1147 1149/1244/1148 1148/1242/1146 1136/1241/1145
f 1138/1245/1149 1150/1246/1150 1149/1244/1148 1137/1243/1147
f 1139/1247/1151 1151/1248/1152 1150/1246/1150 1138/1245/1149
f 1140/1226/1132 1152/1225/1131 1151/1248/1152 1139/1247/1151
f 1141/1224/1130 1153/1249/1153 1164/1250/1154 1152/1225/1131
f 1142/1228/1134 1154/1251/1155 1153/1252/1153 1141/1229/1130
f 1143/1232/1136 1155/1253/1156 1154/1251/1155 1142/1228/1134
f 1144/1234/1138 1156/1254/1157 1155/1253/1156 1143/1232/1136
f 1145/1236/1140 1157/1255/1158 1156/1254/1157 1144/1234/1138
f 1146/1238/1142 1158/1256/1159 1157/1255/1158 1145/1236/1140
f 1147/1240/1144 1159/1257/1160 1158/1256/1159 1146/1238/1142
f 1148/1242/1146 1160/1258/1161 1159/1257/1160 1147/1240/1144
f 1149/1244/1148 1161/1259/1162 1160/1258/1161 1148/1242/1146
f 1150/1246/1150 1162/1260/1163 1161/1259/1162 1149/1244/1148
f 1151/1248/1152 1163/1261/1164 1162/1260/1163 1150/1246/1150
f 1152/1225/1131 1164/1250/1154 1163/1261/1164 1151/1248/1152
f 1153/1249/1153 1165/1262/1165 1176/1263/1166 1164/1250/1154
f 1154/1251/1155 1166/1264/1167 1165/1265/1165 1153/1252/1153
f 1155/1253/1156 1167/1266/1168 1166/1264/1167 1154/1251/1155
f 1156/1254/1157 1168/1267/1169 1167/1266/1168 1155/1253/1156
f 1157/1255/1158 1169/1268/1170 1168/1267/1169 1156/1254/1157
f 1158/1256/1159 1170/1269/1171 1169/1268/1170 1157/1255/1158
f 1159/1257/1160 1171/1270/1172 1170/1269/1171 1158/1256/1159
f 1160/1258/1161 1172/1271/1173 1171/1270/1172 1159/1257/1160
f 1161/1259/1162 1173/1272/1174 1172/1271/1173 1160/1258/1161
f 1162/1260/1163 1174/1273/1175 1173/1272/1174 1161/1259/1162
f 1163/1261/1164 1175/1274/1176 1174/1273/1175 1162/1260/1163
f 1164/1250/1154 1176/1263/1166 1175/1274/1176 1163/1261/1164
f 1165/1262/1165 1177/1275/1177 1188/1276/1178 1176/1263/1166
f 1166/1264/1167 1178/1277/1179 1177/1278/1177 1165/1265/1165
f 1167/1266/1168 1179/1279/1180 1178/1277/1179 1166/1264/1167
f 1168/1267/1169 1180/1280/1181 1179/1279/1180 1167/1266/1168
f 1169/1268/1170 1181/1281/1182 1180/1280/1181 1168/1267/1169
f 1170/1269/1171 1182/1282/1183 1181/1281/1182 1169/1268/1170
f 1171/1270/1172 1183/1283/1184 1182/1282/1183 1170/1269/1171
f 1172/1271/1173 1184/1284/1185 1183/1283/1184 1171/1270/1172
f 1173/1272/1174 1185/1285/1186 1184/1284/1185 1172/1271/1173
f 1174/1273/1175 1186/1286/1187 1185/1285/1186 1173/1272/1174
f 1175/1274/1176 1187/1287/1188 1186/1286/1187 1174/1273/1175
f 1176/1263/1166 1188/1276/1178 1187/1287/1188 1175/1274/1176
f 1177/1275/1177 1189/1288/1189 1200/1289/1190 1188/1276/1178
f 1178/1277/1179 1190/1290/1191 1189/1291/1189 1177/1278/1177
f 1179/1279/1180 1191/1292/1192 1190/1290/1191 1178/1277/1179
f 1180/1280/1181 1192/1293/1193 1191/1292/1192 1179/1279/1180
f 1181/1281/1182 1193/1294/1194 1192/1293/1193 1180/1280/1181
f 1182/1282/1183 1194/1295/1195 1193/1294/1194 1181/1281/1182
f 1183/1283/1184 1195/1296/1196 1194/1295/1195 1182/1282/1183
f 1184/1284/1185 1196/1297/1197 1195/1296/1196 1183/1283/1184
f 1185/1285/1186 1197/1298/1198 1196/1297/1197 1184/1284/1185
f 1186/1286/1187 1198/1299/1199 1197/1298/1198 1185/1285/1186
f 1187/1287/1188 1199/1300/1200 1198/1299/1199 1186/1286/1187
f 1188/1276/1178 1200/1289/1190 1199/1300/1200 1187/1287/1188
f 1189/1288/1189 1201/1301/1201 1212/1302/1202 1200/1289/1190
f 1190/1290/1191 1202/1303/1203 1201/1304/1201 1189/1291/1189
f 1191/1292/1192 1203/1305/1204 1202/1303/1203 1190/1290/1191
f 1192/1293/1193 1204/1306/1205 1203/1305/1204 1191/1292/1192
f 1193/1294/1194 1205/1307/1206 1204/1306/1205 1192/1293/1193
f 1194/1295/1195 1206/1308/1207 1205/1307/1206 1193/1294/1194
f 1195/1296/1196 1207/1309/1208 1206/1308/1207 1194/1295/1195
f 1196/1297/1197 1208/1310/1209 1207/1309/1208 1195/1296/1196
f 1197/1298/1198 1209/1311/1210 1208/1310/1209 1196/1297/1197
f 1198/1299/1199 1210/1312/1211 1209/1311/1210 1197/1298/1198
f 1199/1300/1200 1211/1313/1212 1210/1312/1211 1198/1299/1199
f 1200/1289/1190 1212/1302/1202 1211/1313/1212 1199/1300/1200
f 1201/1301/1201 1213/1314/1213 1224/1315/1214 1212/1302/1202
f 1202/1303/1203 1214/1316/1215 1213/1317/1213 1201/1304/1201
f 1203/1305/1204 1215/1318/1216 1214/1316/1215 1202/1303/1203
f 1204/1306/1205 1216/1319/1217 1215/1318/1216 1203/1305/1204
f 1205/1307/1206 1217/1320/1218 1216/1319/1217 1204/1306/1205
f 1206/1308/1207 1218/1321/1219 1217/1320/1218 1205/1307/1206
f 1207/1309/1208 1219/1322/1220 1218/1321/1219 1206/1308/1207
f 1208/1310/1209 1220/1323/1221 1219/1322/1220 1207/1309/1208
f 1209/1311/1210 1221/1324/1222 1220/1323/1221 1208/1310/1209
f 1210/1312/1211 1222/1325/1223 1221/1324/1222 1209/1311/1210
f 1211/1313/1212 1223/1326/1224 1222/1325/1223 1210/1312/1211
f 1212/1302/1202 1224/1315/1214 1223/1326/1224 1211/1313/1212
f 1213/1314/1213 1225/1327/1225 1236/1328/1226 1224/1315/1214
f 1214/1316/1215 1226/1329/1227 1225/1330/1225 1213/1317/1213
f 1215/1318/1216 1227/1331/1228 1226/1329/1227 1214/1316/1215
f 1216/1319/1217 1228/1332/1229 1227/1331/1228 1215/1318/1216
f 1217/1320/1218 1229/1333/1230 1228/1332/1229 1216/1319/1217
f 1218/1321/1219 1230/1334/1231 1229/1333/1230 1217/1320/1218
f 1219/1322/1220 1231/1335/1232 1230/1334/1231 1218/1321/1219
f 1220/1323/1221 1232/1336/1233 1231/1335/1232 1219/1322/1220
f 1221/1324/1222 1233/1337/1234 1232/1336/1233 1220/1323/1221
f 1222/1325/1223 1234/1338/1235 1233/1337/1234 1221/1324/1222
f 1223/1326/1224 1235/1339/1236 1234/1338/1235 1222/1325/1223
f 1224/1315/1214 1236/1328/1226 1235/1339/1236 1223/1326/1224
f 1225/1327/1225 1237/1340/1237 1248/1341/1238 1236/1328/1226
f 1226/1329/1227 1238/1342/1239 1237/1343/1237 1225/1330/1225
f 1227/1331/1228 1239/1344/1240 1238/1342/1239 1226/1329/1227
f 1228/1332/1229 1240/1345/1241 1239/1344/1240 1227/1331/1228
f 1229/1333/1230 1241/1346/1242 1240/1345/1241 1228/1332/1229
f 1230/1334/1231 1242/1347/1243 1241/1346/1242 1229/1333/1230
f 1231/1335/1232 1243/1348/1244 1242/1347/1243 1230/1334/1231
f 1232/1336/1233 1244/1349/1245 1243/1348/1244 1231/1335/1232
f 1233/1337/1234 1245/1350/1246 1244/1349/1245 1232/1336/1233
f 1234/1338/1235 1246/1351/1247 1245/1350/1246 1233/1337/1234
f 1235/1339/1236 1247/1352/1248 1246/1351/1247 1234/1338/1235
f 1236/1328/1226 1248/1341/1238 1247/1352/1248 1235/1339/1236
f 1237/1340/1237 1249/1353/1249 1260/1354/1250 1248/1341/1238
f 1238/1342/1239 1250/1355/1251 1249/1356/1249 1237/1343/1237
f 1239/1344/1240 1251/1357/1252 1250/1355/1251 1238/1342/1239
f 1240/1345/1241 1252/1358/1253 1251/1357/1252 1239/1344/1240
f 1241/1346/1242 1253/1359/1254 1252/1358/1253 1240/1345/1241
f 1242/1347/1243 1254/1360/1255 1253/1359/1254 1241/1346/1242
f 1243/1348/1244 1255/1361/1256 1254/1360/1255 1242/1347/1243
f 1244/1349/1245 1256/1362/1257 1255/1361/1256 1243/1348/1244
f 1245/1350/1246 1257/1363/1258 1256/1362/1257 1244/1349/1245
f 1246/1351/1247 1258/1364/1259 1257/1363/1258 1245/1350/1246
f 1247/1352/1248 1259/1365/1260 1258/1364/1259 1246/1351/1247
f 1248/1341/1238 1260/1354/1250 1259/1365/1260 1247/1352/1248
f 1249/1353/1249 1261/1366/1261 1272/1367/1262 1260/1354/1250
f 1250/1355/1251 1262/1368/1263 1261/1369/1261 1249/1356/1249
f 1251/1357/1252 1263/1370/1264 1262/1368/1263 1250/1355/1251
f 1252/1358/1253 1264/1371/1265 1263/1370/1264 1251/1357/1252
f 1253/1359/1254 1265/1372/1266 1264/1371/1265 1252/1358/1253
f 1254/1360/1255 1266/1373/1267 1265/1372/1266 1253/1359/1254
f 1255/1361/1256 1267/1374/1268 1266/1373/1267 1254/1360/1255
f 1256/1362/1257 1268/1375/1269 1267/1374/1268 1255/1361/1256
f 1257/1363/1258 1269/1376/1270 1268/1375/1269 1256/1362/1257
f 1258/1364/1259 1270/1377/1271 1269/1376/1270 1257/1363/1258
f 1259/1365/1260 1271/1378/1272 1270/1377/1271 1258/1364/1259
f 1260/1354/1250 1272/1367/1262 1271/1378/1272 1259/1365/1260
f 1261/1366/1261 1273/1379/1273 1284/1380/1274 1272/1367/1262
f 1262/1368/1263 1274/1381/1275 1273/1382/1273 1261/1369/1261
f 1263/1370/1264 1275/1383/1276 1274/1381/1275 1262/1368/1263
f 1264/1371/1265 1276/1384/1277 1275/1383/1276 1263/1370/1264
f 1265/1372/1266 1277/1385/1278 1276/1384/1277 1264/1371/1265
f 1266/1373/1267 1278/1386/1279 1277/1385/1278 1265/1372/1266
f 1267/1374/1268 1279/1387/1280 1278/1386/1279 1266/1373/1267
f 1268/1375/1269 1280/1388/1281 1279/1387/1280 1267/1374/1268
f 1269/1376/1270 1281/1389/1282 1280/1388/1281 1268/1375/1269
f 1270/1377/1271 1282/1390/1283 1281/1389/1282 1269/1376/1270
f 1271/1378/1272 1283/1391/1284 1282/1390/1283 1270/1377/1271
f 1272/1367/1262 1284/1380/1274 1283/1391/1284 1271/1378/1272
f 1285/1392/1285 1297/1393/1286 1308/1394/1287 1296/1395/1288
f 1286/1396/1289 1298/1397/1290 1297/1398/1286 1285/1399/1285
f 1287/1400/1291 1299/1401/1292 1298/1397/1290 1286/1396/1289
f 1288/1402/1293 1300/1403/1294 1299/1401/1292 1287/1400/1291
f 1289/1404/1295 1301/1405/1296 1300/1403/1294 1288/1402/1293
f 1290/1406/1297 1302/1407/1298 1301/1405/1296 1289/1404/1295
f 1291/1408/1299 1303/1409/1300 1302/1407/1298 1290/1406/1297
f 1292/1410/1301 1304/1411/1302 1303/1409/1300 1291/1408/1299
f 1293/1412/1303 1305/1413/1304 1304/1411/1302 1292/1410/1301
f 1294/1414/1305 1306/1415/1306 1305/1413/1304 1293/1412/1303
f 1295/1416/1307 1307/1417/1308 1306/1415/1306 1294/1414/1305
f 1296/1395/1288 1308/1394/1287 1307/1417/1308 1295/1416/1307
f 1297/1393/1286 1309/1418/1309 1320/1419/1310 1308/1394/1287
f 1298/1397/1290 1310/1420/1311 1309/1421/1309 1297/1398/1286
f 1299/1401/1292 1311/1422/1312 1310/1420/1311 1298/1397/1290
f 1300/1403/1294 1312/1423/1313 1311/1422/1312 1299/1401/1292
f 1301/1405/1296 1313/1424/1314 1312/1423/1313 1300/1403/1294
f 1302/1407/1298 1314/1425/1315 1313/1424/1314 1301/1405/1296
f 1303/1409/1300 1315/1426/1316 1314/1425/1315 1302/1407/1298
f 1304/1411/1302 1316/1427/1317 1315/1426/1316 1303/1409/1300
f 1305/1413/1304 1317/1428/1318 1316/1427/1317 1304/1411/1302
f 1306/1415/1306 1318/1429/1319 1317/1428/1318 1305/1413/1304
f 1307/1417/1308 1319/1430/1320 1318/1429/1319 1306/1415/1306
f 1308/1394/1287 1320/1419/1310 1319/1430/1320 1307/1417/1308
f 1309/1418/1309 1321/1431/1321 1332/1432/1322 1320/1419/1310
f 1310/1420/1311 1322/1433/1323 1321/1434/1321 1309/1421/1309
f 1311/1422/1312 1323/1435/1324 1322/1433/1323 1310/1420/1311
f 1312/1423/1313 1324/1436/1325 1323/1435/1324 1311/1422/1312
f 1313/1424/1314 1325/1437/1326 1324/1436/1325 1312/1423/1313
f 1314/1425/1315 1326/1438/1327 1325/1437/1326 1313/1424/1314
f 1315/1426/1316 1327/1439/1328 1326/1438/1327 1314/1425/1315
f 1316/1427/1317 1328/1440/1329 1327/1439/1328 1315/1426/1316
f 1317/1428/1318 1329/1441/1330 1328/1440/1329 1316/1427/1317
f 1318/1429/1319 1330/1442/1331 1329/1441/1330 1317/1428/1318
f 1319/1430/1320 1331/1443/1332 1330/1442/1331 1318/1429/1319
f 1320/1419/1310 1332/1432/1322 1331/1443/1332 1319/1430/1320
f 1321/1431/1321 1333/1444/1333 1344/1445/1334 1332/1432/1322
f 1322/1433/1323 1334/1446/1335 1333/1447/1333 1321/1434/1321
f 1323/1435/1324 1335/1448/1336 1334/1446/1335 1322/1433/1323
f 1324/1436/1325 1336/1449/1337 1335/1448/1336 1323/1435/1324
f 1325/1437/1326 1337/1450/1338 1336/1449/1337 1324/1436/1325
f 1326/1438/1327 1338/1451/1339 1337/1450/1338 1325/1437/1326
f 1327/1439/1328 1339/1452/1340 1338/1451/1339 1326/1438/1327
f 1328/1440/1329 1340/1453/1341 1339/1452/1340 1327/1439/1328
f 1329/1441/1330 1341/1454/1342 1340/1453/1341 1328/1440/1329
f 1330/1442/1331 1342/1455/1343 1341/1454/1342 1329/1441/1330
f 1331/1443/1332 1343/1456/1344 1342/1455/1343 1330/1442/1331
f 1332/1432/1322 1344/1445/1334 1343/1456/1344 1331/1443/1332
f 1333/1444/1333 1345/1457/1345 1356/1458/1346 1344/1445/1334
f 1334/1446/1335 1346/1459/1347 1345/1460/1345 1333/1447/1333
f 1335/1448/1336 1347/1461/1348 1346/1459/1347 1334/1446/1335
f 1336/1449/1337 1348/1462/1349 1347/1461/1348 1335/1448/1336
f 1337/1450/1338 1349/1463/1350 1348/1462/1349 1336/1449/1337
f 1338/1451/1339 1350/1464/1351 1349/1463/1350 1337/1450/1338
f 1339/1452/1340 1351/1465/1352 1350/1464/1351 1338/1451/1339
f 1340/1453/1341 1352/1466/1353 1351/1465/1352 1339/1452/1340
f 1341/1454/1342 1353/1467/1354 1352/1466/1353 1340/1453/1341
f 1342/1455/1343 1354/1468/1355 1353/1467/1354 1341/1454/1342
f 1343/1456/1344 1355/1469/1356 1354/1468/1355 1342/1455/1343
f 1344/1445/1334 1356/1458/1346 1355/1469/1356 1343/1456/1344
f 1345/1457/1345 1357/1470/1357 1368/1471/1358 1356/1458/1346
f 1346/1459/1347 1358/1472/1359 1357/1473/1357 1345/1460/1345
f 1347/1461/1348 1359/1474/1360 1358/1472/1359 1346/1459/1347
f 1348/1462/1349 1360/1475/1361 1359/1474/1360 1347/1461/1348
f 1349/1463/1350 1361/1476/1362 1360/1475/1361 1348/1462/1349
f 1350/1464/1351 1362/1477/1363 1361/1476/1362 1349/1463/1350
f 1351/1465/1352 1363/1478/1364 1362/1477/1363 1350/1464/1351
f 1352/1466/1353 1364/1479/1365 1363/1478/1364 1351/1465/1352
f 1353/1467/1354 1365/1480/1366 1364/1479/1365 1352/1466/1353
f 1354/1468/1355 1366/1481/1367 1365/1480/1366 1353/1467/1354
f 1355/1469/1356 1367/1482/1368 1366/1481/1367 1354/1468/1355
f 1356/1458/1346 1368/1471/1358 1367/1482/1368 1355/1469/1356
f 1357/1470/1357 1369/1483/1369 1380/1484/1370 1368/1471/1358
f 1358/1472/1359 1370/1485/1371 1369/1486/1369 1357/1473/1357
f 1359/1474/1360 1371/1487/1372 1370/1485/1371 1358/1472/1359
f 1360/1475/1361 1372/1488/1373 1371/1487/1372 1359/1474/1360
f 1361/1476/1362 1373/1489/1374 1372/1488/1373 1360/1475/1361
f 1362/1477/1363 1374/1490/1375 1373/1489/1374 1361/1476/1362
f 1363/1478/1364 1375/1491/1376 1374/1490/1375 1362/1477/1363
f 1364/1479/1365 1376/1492/1377 1375/1491/1376 1363/1478/1364
f 1365/1480/1366 1377/1493/1378 1376/1492/1377 1364/1479/1365
f 1366/1481/1367 1378/1494/1379 1377/1493/1378 1365/1480/1366
f 1367/1482/1368 1379/1495/1380 1378/1494/1379 1366/1481/1367
f 1368/1471/1358 1380/1484/1370 1379/1495/1380 1367/1482/1368
f 1369/1483/1369 1381/1496/1381 1392/1497/1382 1380/1484/1370
f 1370/1485/1371 1382/1498/1383 1381/1499/1381 1369/1486/1369
f 1371/1487/1372 1383/1500/1384 1382/1498/1383 1370/1485/1371
f 1372/1488/1373 1384/1501/1385 1383/1500/1384 1371/1487/1372
f 1373/1489/1374 1385/1502/1386 1384/1501/1385 1372/1488/1373
f 1374/1490/1375 1386/1503/1387 1385/1502/1386 1373/1489/1374
f 1375/1491/1376 1387/1504/1388 1386/1503/1387 1374/1490/1375
f 1376/1492/1377 1388/1505/1389 1387/1504/1388 1375/1491/1376
f 1377/1493/1378 1389/1506/1390 1388/1505/1389 1376/1492/1377
f 1378/1494/1379 1390/1507/1391 1389/1506/1390 1377/1493/1378
f 1379/1495/1380 1391/1508/1392 1390/1507/1391 1378/1494/1379
f 1380/1484/1370 1392/1497/1382 1391/1508/1392 1379/1495/1380
f 1381/1496/1381 1393/1509/1393 1404/1510/1394 1392/1497/1382
f 1382/1498/1383 1394/1511/1395 1393/1512/1393 1381/1499/1381
f 1383/1500/1384 1395/1513/1396 1394/1511/1395 1382/1498/1383
f 1384/1501/1385 1396/1514/1397 1395/1513/1396 1383/1500/1384
f 1385/1502/1386 1397/1515/1398 1396/1514/1397 1384/1501/1385
f 1386/1503/1387 1398/1516/1399 1397/1515/1398 1385/1502/1386
f 1387/1504/1388 1399/1517/1400 1398/1516/1399 1386/1503/1387
f 1388/1505/1389 1400/1518/1401 1399/1517/1400 1387/1504/1388
f 1389/1506/1390 1401/1519/1402 1400/1518/1401 1388/1505/1389
f 1390/1507/1391 1402/1520/1403 1401/1519/1402 1389/1506/1390
f 1391/1508/1392 1403/1521/1404 1402/1520/1403 1390/1507/1391
f 1392/1497/1382 1404/1510/1394 1403/1521/1404 1391/1508/1392
f 1393/1509/1393 1405/1522/1405 1416/1523/1406 1404/1510/1394
f 1394/1511/1395 1406/1524/1407 1405/1525/1405 1393/1512/1393
f 1395/1513/1396 1407/1526/1408 1406/1524/1407 1394/1511/1395
f 1396/1514/1397 1408/1527/1409 1407/1526/1408 1395/1513/1396
f 1397/1515/1398 1409/1528/1410 1408/1527/1409 1396/1514/1397
f 1398/1516/1399 1410/1529/1411 1409/1528/1410 1397/1515/1398
f 1399/1517/1400 1411/1530/1412 1410/1529/1411 1398/1516/1399
f 1400/1518/1401 1412/1531/1413 1411/1530/1412 1399/1517/1400
f 1401/1519/1402 1413/1532/1414 1412/1531/1413 1400/1518/1401
f 1402/1520/1403 1414/1533/1415 1413/1532/1414 1401/1519/1402
f 1403/1521/1404 1415/1534/1416 1414/1533/1415 1402/1520/1403
f 1404/1510/1394 1416/1523/1406 1415/1534/1416 1403/1521/1404
f 1405/1522/1405 1417/1535/1417 1428/1536/1418 1416/1523/1406
f 1406/1524/1407 1418/1537/1419 1417/1538/1417 1405/1525/1405
f 1407/1526/1408 1419/1539/1420 1418/1537/1419 1406/1524/1407
f 1408/1527/1409 1420/1540/1421 1419/1539/1420 1407/1526/1408
f 1409/1528/1410 1421/1541/1422 1420/1540/1421 1408/1527/1409
f 1410/1529/1411 1422/1542/1423 1421/1541/1422 1409/1528/1410
f 1411/1530/1412 1423/1543/1424 1422/1542/1423 1410/1529/1411
f 1412/1531/1413 1424/1544/1425 1423/1543/1424 1411/1530/1412
f 1413/1532/1414 1425/1545/1426 1424/1544/1425 1412/1531/1413
f 1414/1533/1415 1426/1546/1427 1425/1545/1426 1413/1532/1414
f 1415/1534/1416 1427/1547/1428 1426/1546/1427 1414/1533/1415
f 1416/1523/1406 1428/1536/1418 1427/1547/1428 1415/1534/1416
f 1417/1535/1417 1429/1548/1429 1440/1549/1430 1428/1536/1418
f 1418/1537/1419 1430/1550/1431 1429/1551/1429 1417/1538/1417
f 1419/1539/1420 1431/1552/1432 1430/1550/1431 1418/1537/1419
f 1420/1540/1421 1432/1553/1433 1431/1552/1432 1419/1539/1420
f 1421/1541/1422 1433/1554/1434 1432/1553/1433 1420/1540/1421
f 1422/1542/1423 1434/1555/1435 1433/1554/1434 1421/1541/1422
f 1423/1543/1424 1435/1556/1436 1434/1555/1435 1422/1542/1423
f 1424/1544/1425 1436/1557/1437 1435/1556/1436 1423/1543/1424
f 1425/1545/1426 1437/1558/1438 1436/1557/1437 1424/1544/1425
f 1426/1546/1427 1438/1559/1439 1437/1558/1438 1425/1545/1426
f 1427/1547/1428 1439/1560/1440 1438/1559/1439 1426/1546/1427
f 1428/1536/1418 1440/1549/1430 1439/1560/1440 1427/1547/1428
f 1441/1561/1441 1453/1562/1442 1464/1563/1443 1452/1564/1444
f 1442/1565/1445 1454/1566/1446 1453/1567/1442 1441/1568/1441
f 1443/1569/1447 1455/1570/1448 1454/1566/1446 1442/1565/1445
f 1444/1571/1449 1456/1572/1450 1455/1570/1448 1443/1569/1447
f 1445/1573/1451 1457/1574/1452 1456/1572/1450 1444/1571/1449
f 1446/1575/1453 1458/1576/1454 1457/1574/1452 1445/1573/1451
f 1447/1577/1455 1459/1578/1456 1458/1576/1454 1446/1575/1453
f 1448/1579/1457 1460/1580/1458 1459/1578/1456 1447/1577/1455
f 1449/1581/1459 1461/1582/1460 1460/1580/1458 1448/1579/1457
f 1450/1583/1461 1462/1584/1462 1461/1582/1460 1449/1581/1459
f 1451/1585/1463 1463/1586/1464 1462/1584/1462 1450/1583/1461
f 1452/1564/1444 1464/1563/1443 1463/1586/1464 1451/1585/1463
f 1453/1562/1442 1465/1587/1465 1476/1588/1466 1464/1563/1443
f 1454/1566/1446 1466/1589/1467 1465/1590/1465 1453/1567/1442
f 1455/1570/1448 1467/1591/1468 1466/1589/1467 1454/1566/1446
f 1456/1572/1450 1468/1592/1469 1467/1591/1468 1455/1570/1448
f 1457/1574/1452 1469/1593/1470 1468/1592/1469 1456/1572/1450
f 1458/1576/1454 1470/1594/1471 1469/1593/1470 1457/1574/1452
f 1459/1578/1456 1471/1595/1472 1470/1594/1471 1458/1576/1454
f 1460/1580/1458 1472/1596/1473 1471/1595/1472 1459/1578/1456
f 1461/1582/1460 1473/1597/1474 1472/1596/1473 1460/1580/1458
f 1462/1584/1462 1474/1598/1475 1473/1597/1474 1461/1582/1460
f 1463/1586/1464 1475/1599/1476 1474/1598/1475 1462/1584/1462
f 1464/1563/1443 1476/1588/1466 1475/1599/1476 1463/1586/1464
f 1465/1587/1465 1477/1600/1477 1488/1601/1478 1476/1588/1466
f 1466/1589/1467 1478/1602/1479 1477/1603/1477 1465/1590/1465
f 1467/1591/1468 1479/1604/1480 1478/1602/1479 1466/1589/1467
f 1468/1592/1469 1480/1605/1481 1479/1604/1480 1467/1591/1468
f 1469/1593/1470 1481/1606/1482 1480/1605/1481 1468/1592/1469
f 1470/1594/1471 1482/1607/1483 1481/1606/1482 1469/1593/1470
f 1471/1595/1472 1483/1608/1484 1482/1607/1483 1470/1594/1471
f 1472/1596/1473 1484/1609/1485 1483/1608/1484 1471/1595/1472
f 1473/1597/1474 1485/1610/1486 1484/1609/1485 1472/1596/1473
f 1474/1598/1475 1486/1611/1487 1485/1610/1486 1473/1597/1474
f 1475/1599/1476 1487/1612/1488 1486/1611/1487 1474/1598/1475
f 1476/1588/1466 1488/1601/1478 1487/1612/1488 1475/1599/1476
f 1477/1600/1477 1489/1613/1489 1500/1614/1490 1488/1601/1478
f 1478/1602/1479 1490/1615/1491 1489/1616/1489 1477/1603/1477
f 1479/1604/1480 1491/1617/1492 1490/1615/1491 1478/1602/1479
f 1480/1605/1481 1492/1618/1493 1491/1617/1492 1479/1604/1480
f 1481/1606/1482 1493/1619/1494 1492/1618/1493 1480/1605/1481
f 1482/1607/1483 1494/1620/1495 1493/1619/1494 1481/1606/1482
f 1483/1608/1484 1495/1621/1496 1494/1620/1495 1482/1607/1483
f 1484/1609/1485 1496/1622/1497 1495/1621/1496 1483/1608/1484
f 1485/1610/1486 1497/1623/1498 1496/1622/1497 1484/1609/1485
f 1486/1611/1487 1498/1624/1499 1497/1623/1498 1485/1610/1486
f 1487/1612/1488 1499/1625/1500 1498/1624/1499 1486/1611/1487
f 1488/1601/1478 1500/1614/1490 1499/1625/1500 1487/1612/1488
f 1489/1613/1489 1501/1626/1501 1512/1627/1502 1500/1614/1490
f 1490/1615/1491 1502/1628/1503 1501/1629/1501 1489/1616/1489
f 1491/1617/1492 1503/1630/1504 1502/1628/1503 1490/1615/1491
f 1492/1618/1493 1504/1631/1505 1503/1630/1504 1491/1617/1492
f 1493/1619/1494 1505/1632/1506 1504/1631/1505 1492/1618/1493
f 1494/1620/1495 1506/1633/1507 1505/1632/1506 1493/1619/1494
f 1495/1621/1496 1507/1634/1508 1506/1633/1507 1494/1620/1495
f 1496/1622/1497 1508/1635/1509 1507/1634/1508 1495/1621/1496
f 1497/1623/1498 1509/1636/1510 1508/1635/1509 1496/1622/1497
f 1498/1624/1499 1510/1637/1511 1509/1636/1510 1497/1623/1498
f 1499/1625/1500 1511/1638/1512 1510/1637/1511 1498/1624/1499
f 1500/1614/1490 1512/1627/1502 1511/1638/1512 1499/1625/1500
f 1501/1626/1501 1513/1639/1513 1524/1640/1514 1512/1627/1502
f 1502/1628/1503 1514/1641/1515 1513/1642/1513 1501/1629/1501
f 1503/1630/1504 1515/1643/1516 1514/1641/1515 1502/1628/1503
f 1504/1631/1505 1516/1644/1517 1515/1643/1516 1503/1630/1504
f 1505/1632/1506 1517/1645/1518 1516/1644/1517 1504/1631/1505
f 1506/1633/1507 1518/1646/1519 1517/1645/1518 1505/1632/1506
f 1507/1634/1508 1519/1647/1520 1518/1646/1519 1506/1633/1507
f 1508/1635/1509 1520/1648/1521 1519/1647/1520 1507/1634/1508
f 1509/1636/1510 1521/1649/1522 1520/1648/1521 1508/1635/1509
f 1510/1637/1511 1522/1650/1523 1521/1649/1522 1509/1636/1510
f 1511/1638/1512 1523/1651/1524 1522/1650/1523 1510/1637/1511
f 1512/1627/1502 1524/1640/1514 1523/1651/1524 1511/1638/1512
f 1513/1639/1513 1525/1652/1525 1536/1653/1526 1524/1640/1514
f 1514/1641/1515 1526/1654/1527 1525/1655/1525 1513/1642/1513
f 1515/1643/1516 1527/1656/1528 1526/1654/1527 1514/1641/1515
f 1516/1644/1517 1528/1657/1529 1527/1656/1528 1515/1643/1516
f 1517/1645/1518 1529/1658/1530 1528/1657/1529 1516/1644/1517
f 1518/1646/1519 1530/1659/1531 1529/1658/1530 1517/1645/1518
f 1519/1647/1520 1531/1660/1532 1530/1659/1531 1518/1646/1519
f 1520/1648/1521 1532/1661/1533 1531/1660/1532 1519/1647/1520
f 1521/1649/1522 1533/1662/1534 1532/1661/1533 1520/1648/1521
f 1522/1650/1523 1534/1663/1535 1533/1662/1534 1521/1649/1522
f 1523/1651/1524 1535/1664/1536 1534/1663/1535 1522/1650/1523
f 1524/1640/1514 1536/1653/1526 1535/1664/1536 1523/1651/1524
f 1525/1652/1525 1537/1665/1537 1548/1666/1538 1536/1653/1526
f 1526/1654/1527 1538/1667/1539 1537/1668/1537 1525/1655/1525
f 1527/1656/1528 1539/1669/1540 1538/1667/1539 1526/1654/1527
f 1528/1657/1529 1540/1670/1541 1539/1669/1540 1527/1656/1528
f 1529/1658/1530 1541/1671/1542 1540/1670/1541 1528/1657/1529
f 1530/1659/1531 1542/1672/1543 1541/1671/1542 1529/1658/1530
f 1531/1660/1532 1543/1673/1544 1542/1672/1543 1530/1659/1531
f 1532/1661/1533 1544/1674/1545 1543/1673/1544 1531/1660/1532
f 1533/1662/1534 1545/1675/1546 1544/1674/1545 1532/1661/1533
f 1534/1663/1535 1546/1676/1547 1545/1675/1546 1533/1662/1534
f 1535/1664/1536 1547/1677/1548 1546/1676/1547 1534/1663/1535
f 1536/1653/1526 1548/1666/1538 1547/1677/1548 1535/1664/1536
f 1537/1665/1537 1549/1678/1549 1560/1679/1550 1548/1666/1538
f 1538/1667/1539 1550/1680/1551 1549/1681/1549 1537/1668/1537
f 1539/1669/1540 1551/1682/1552 1550/1680/1551 1538/1667/1539
f 1540/1670/1541 1552/1683/1553 1551/1682/1552 1539/1669/1540
f 1541/1671/1542 1553/1684/1554 1552/1683/1553 1540/1670/1541
f 1542/1672/1543 1554/1685/1555 1553/1684/1554 1541/1671/1542
f 1543/1673/1544 1555/1686/1556 1554/1685/1555 1542/1672/1543
f 1544/1674/1545 1556/1687/1557 1555/1686/1556 1543/1673/1544
f 1545/1675/1546 1557/1688/1558 1556/1687/1557 1544/1674/1545
f 1546/1676/1547 1558/1689/1559 1557/1688/1558 1545/1675/1546
f 1547/1677/1548 1559/1690/1560 1558/1689/1559 1546/1676/1547
f 1548/1666/1538 1560/1679/1550 1559/1690/1560 1547/1677/1548
f 1561/1691/1561 1573/1692/1562 1584/1693/1563 1572/1694/1564
f 1562/1695/1565 1574/1696/1566 1573/1697/1562 1561/1698/1561
f 1563/1699/1567 1575/1700/1568 1574/1696/1566 1562/1695/1565
f 1564/1701/1569 1576/1702/1570 1575/1700/1568 1563/1699/1567
f 1565/1703/1571 1577/1704/1572 1576/1702/1570 1564/1701/1569
f 1566/1705/1573 1578/1706/1574 1577/1704/1572 1565/1703/1571
f 1567/1707/1575 1579/1708/1576 1578/1706/1574 1566/1705/1573
f 1568/1709/1577 1580/1710/1578 1579/1708/1576 1567/1707/1575
f 1569/1711/1579 1581/1712/1580 1580/1710/1578 1568/1709/1577
f 1570/1713/1581 1582/1714/1582 1581/1712/1580 1569/1711/1579
f 1571/1715/1583 1583/1716/1584 1582/1714/1582 1570/1713/1581
f 1572/1694/1564 1584/1693/1563 1583/1716/1584 1571/1715/1583
f 1585/1717/1585 1597/1718/1586 1608/1719/1587 1596/1720/1588
f 1586/1721/1589 1598/1722/1590 1597/1723/1586 1585/1724/1585
f 1587/1725/1591 1599/1726/1592 1598/1722/1590 1586/1721/1589
f 1588/1727/1593 1600/1728/1594 1599/1726/1592 1587/1725/1591
f 1589/1729/1595 1601/1730/1596 1600/1728/1594 1588/1727/1593
f 1590/1731/1597 1602/1732/1598 1601/1730/1596 1589/1729/1595
f 1591/1733/1599 1603/1734/1600 1602/1732/1598 1590/1731/1597
f 1592/1735/1601 1604/1736/1602 1603/1734/1600 1591/1733/1599
f 1593/1737/1603 1605/1738/1604 1604/1736/1602 1592/1735/1601
f 1594/1739/1605 1606/1740/1606 1605/1738/1604 1593/1737/1603
f 1595/1741/1607 1607/1742/1608 1606/1740/1606 1594/1739/1605
f 1596/1720/1588 1608/1719/1587 1607/1742/1608 1595/1741/1607
f 1597/1718/1586 1609/1743/1609 1620/1744/1610 1608/1719/1587
f 1598/1722/1590 1610/1745/1611 1609/1746/1609 1597/1723/1586
f 1599/1726/1592 1611/1747/1612 1610/1745/1611 1598/1722/1590
f 1600/1728/1594 1612/1748/1613 1611/1747/1612 1599/1726/1592
f 1601/1730/1596 1613/1749/1614 1612/1748/1613 1600/1728/1594
f 1602/1732/1598 1614/1750/1615 1613/1749/1614 1601/1730/1596
f 1603/1734/1600 1615/1751/1616 1614/1750/1615 1602/1732/1598
f 1604/1736/1602 1616/1752/1617 1615/1751/1616 1603/1734/1600
f 1605/1738/1604 1617/1753/1618 1616/1752/1617 1604/1736/1602
f 1606/1740/1606 1618/1754/1619 1617/1753/1618 1605/1738/1604
f 1607/1742/1608 1619/1755/1620 1618/1754/1619 1606/1740/1606
f 1608/1719/1587 1620/1744/1610 1619/1755/1620 1607/1742/1608
f 1609/1743/1609 1621/1756/1621 1632/1757/1622 1620/1744/1610
f 1610/1745/1611 1622/1758/1623 1621/1759/1621 1609/1746/1609
f 1611/1747/1612 1623/1760/1624 1622/1758/1623 1610/1745/1611
f 1612/1748/1613 1624/1761/1625 1623/1760/1624 1611/1747/1612
f 1613/1749/1614 1625/1762/1626 1624/1761/1625 1612/1748/1613
f 1614/1750/1615 1626/1763/1627 1625/1762/1626 1613/1749/1614
f 1615/1751/1616 1627/1764/1628 1626/1763/1627 1614/1750/1615
f 1616/1752/1617 1628/1765/1629 1627/1764/1628 1615/1751/1616
f 1617/1753/1618 1629/1766/1630 1628/1765/1629 1616/1752/1617
f 1618/1754/1619 1630/1767/1631 1629/1766/1630 1617/1753/1618
f 1619/1755/1620 1631/1768/1632 1630/1767/1631 1618/1754/1619
f 1620/1744/1610 1632/1757/1622 1631/1768/1632 1619/1755/1620
f 1621/1756/1621 1633/1769/1633 1644/1770/1634 1632/1757/1622
f 1622/1758/1623 1634/1771/1635 1633/1772/1633 1621/1759/1621
f 1623/1760/1624 1635/1773/1636 1634/1771/1635 1622/1758/1623
f 1624/1761/1625 1636/1774/1637 1635/1773/1636 1623/1760/1624
f 1625/1762/1626 1637/1775/1638 1636/1774/1637 1624/1761/1625
f 1626/1763/1627 1638/1776/1639 1637/1775/1638 1625/1762/1626
f 1627/1764/1628 1639/1777/1640 1638/1776/1639 1626/1763/1627
f 1628/1765/1629 1640/1778/1641 1639/1777/1640 1627/1764/1628
f 1629/1766/1630 1641/1779/1642 1640/1778/1641 1628/1765/1629
f 1630/1767/1631 1642/1780/1643 1641/1779/1642 1629/1766/1630
f 1631/1768/1632 1643/1781/1644 1642/1780/1643 1630/1767/1631
f 1632/1757/1622 1644/1770/1634 1643/1781/1644 1631/1768/1632
f 1633/1769/1633 1645/1782/1645 1656/1783/1646 1644/1770/1634
f 1634/1771/1635 1646/1784/1647 1645/1785/1645 1633/1772/1633
f 1635/1773/1636 1647/1786/1648 1646/1784/1647 1634/1771/1635
f 1636/1774/1637 1648/1787/1649 1647/1786/1648 1635/1773/1636
f 1637/1775/1638 1649/1788/1650 1648/1787/1649 1636/1774/1637
f 1638/1776/1639 1650/1789/1651 1649/1788/1650 1637/1775/1638
f 1639/1777/1640 1651/1790/1652 1650/1789/1651 1638/1776/1639
f 1640/1778/1641 1652/1791/1653 1651/1790/1652 1639/1777/1640
f 1641/1779/1642 1653/1792/1654 1652/1791/1653 1640/1778/1641
f 1642/1780/1643 1654/1793/1655 1653/1792/1654 1641/1779/1642
f 1643/1781/1644 1655/1794/1656 1654/1793/1655 1642/1780/1643
f 1644/1770/1634 1656/1783/1646 1655/1794/1656 1643/1781/1644
f 1645/1782/1645 1657/1795/1657 1668/1796/1658 1656/1783/1646
f 1646/1784/1647 1658/1797/1659 1657/1798/1657 1645/1785/1645
f 1647/1786/1648 1659/1799/1660 1658/1797/1659 1646/1784/1647
f 1648/1787/1649 1660/1800/1661 1659/1799/1660 1647/1786/1648
f 1649/1788/1650 1661/1801/1662 1660/1800/1661 1648/1787/1649
f 1650/1789/1651 1662/1802/1663 1661/1801/1662 1649/1788/1650
f 1651/1790/1652 1663/1803/1664 1662/1802/1663 1650/1789/1651
f 1652/1791/1653 1664/1804/1665 1663/1803/1664 1651/1790/1652
f 1653/1792/1654 1665/1805/1666 1664/1804/1665 1652/1791/1653
f 1654/1793/1655 1666/1806/1667 1665/1805/1666 1653/1792/1654
f 1655/1794/1656 1667/1807/1668 1666/1806/1667 1654/1793/1655
f 1656/1783/1646 1668/1796/1658 1667/1807/1668 1655/1794/1656
f 1657/1795/1657 1669/1808/1669 1680/1809/1670 1668/1796/1658
f 1658/1797/1659 1670/1810/1671 1669/1811/1669 1657/1798/1657
f 1659/1799/1660 1671/1812/1672 1670/1810/1671 1658/1797/1659
f 1660/1800/1661 1672/1813/1673 1671/1812/1672 1659/1799/1660
f 1661/1801/1662 1673/1814/1674 1672/1813/1673 1660/1800/1661
f 1662/1802/1663 1674/1815/1675 1673/1814/1674 1661/1801/1662
f 1663/1803/1664 1675/1816/1676 1674/1815/1675 1662/1802/1663
f 1664/1804/1665 1676/1817/1677 1675/1816/1676 1663/1803/1664
f 1665/1805/1666 1677/1818/1678 1676/1817/1677 1664/1804/1665
f 1666/1806/1667 1678/1819/1679 1677/1818/1678 1665/1805/1666
f 1667/1807/1668 1679/1820/1680 1678/1819/1679 1666/1806/1667
f 1668/1796/1658 1680/1809/1670 1679/1820/1680 1667/1807/1668
f 1669/1808/1669 1681/1821/1681 1692/1822/1682 1680/1809/1670
f 1670/1810/1671 1682/1823/1683 1681/1824/1681 1669/1811/1669
f 1671/1812/1672 1683/1825/1684 1682/1823/1683 1670/1810/1671
f 1672/1813/1673 1684/1826/1685 1683/1825/1684 1671/1812/1672
f 1673/1814/1674 1685/1827/1686 1684/1826/1685 1672/1813/1673
f 1674/1815/1675 1686/1828/1687 1685/1827/1686 1673/1814/1674
f 1675/1816/1676 1687/1829/1688 1686/1828/1687 1674/1815/1675
f 1676/1817/1677 1688/1830/1689 1687/1829/1688 1675/1816/1676
f 1677/1818/1678 1689/1831/1690 1688/1830/1689 1676/1817/1677
f 1678/1819/1679 1690/1832/1691 1689/1831/1690 1677/1818/1678
f 1679/1820/1680 1691/1833/1692 1690/1832/1691 1678/1819/1679
f 1680/1809/1670 1692/1822/1682 1691/1833/1692 1679/1820/1680
f 1681/1821/1681 1693/1834/1693 1704/1835/1694 1692/1822/1682
f 1682/1823/1683 1694/1836/1695 1693/1837/1693 1681/1824/1681
f 1683/1825/1684 1695/1838/1696 1694/1836/1695 1682/1823/1683
f 1684/1826/1685 1696/1839/1697 1695/1838/1696 1683/1825/1684
f 1685/1827/1686 1697/1840/1698 1696/1839/1697 1684/1826/1685
f 1686/1828/1687 1698/1841/1699 1697/1840/1698 1685/1827/1686
f 1687/1829/1688 1699/1842/1700 1698/1841/1699 1686/1828/1687
f 1688/1830/1689 1700/1843/1701 1699/1842/1700 1687/1829/1688
f 1689/1831/1690 1701/1844/1702 1700/1843/1701 1688/1830/1689
f 1690/1832/1691 1702/1845/1703 1701/1844/1702 1689/1831/1690
f 1691/1833/1692 1703/1846/1704 1702/1845/1703 1690/1832/1691
f 1692/1822/1682 1704/1835/1694 1703/1846/1704 1691/1833/1692
f 1693/1834/1693 1705/1847/1705 1716/1848/1706 1704/1835/1694
f 1694/1836/1695 1706/1849/1707 1705/1850/1705 1693/1837/1693
f 1695/1838/1696 1707/1851/1708 1706/1849/1707 1694/1836/1695
f 1696/1839/1697 1708/1852/1709 1707/1851/1708 1695/1838/1696
f 1697/1840/1698 1709/1853/1710 1708/1852/1709 1696/1839/1697
f 1698/1841/1699 1710/1854/1711 1709/1853/1710 1697/1840/1698
f 1699/1842/1700 1711/1855/1712 1710/1854/1711 1698/1841/1699
f 1700/1843/1701 1712/1856/1713 1711/1855/1712 1699/1842/1700
f 1701/1844/1702 1713/1857/1714 1712/1856/1713 1700/1843/1701
f 1702/1845/1703 1714/1858/1715 1713/1857/1714 1701/1844/1702
f 1703/1846/1704 1715/1859/1716 1714/1858/1715 1702/1845/1703
f 1704/1835/1694 1716/1848/1706 1715/1859/1716 1703/1846/1704
f 1705/1847/1705 1717/1860/1717 1728/1861/1718 1716/1848/1706
f 1706/1849/1707 1718/1862/1719 1717/1863/1717 1705/1850/1705
f 1707/1851/1708 1719/1864/1720 1718/1862/1719 1706/1849/1707
f 1708/1852/1709 1720/1865/1721 1719/1864/1720 1707/1851/1708
f 1709/1853/1710 1721/1866/1722 1720/1865/1721 1708/1852/1709
f 1710/1854/1711 1722/1867/1723 1721/1866/1722 1709/1853/1710
f 1711/1855/1712 1723/1868/1724 1722/1867/1723 1710/1854/1711
f 1712/1856/1713 1724/1869/1725 1723/1868/1724 1711/1855/1712
f 1713/1857/1714 1725/1870/1726 1724/1869/1725 1712/1856/1713
f 1714/1858/1715 1726/1871/1727 1725/1870/1726 1713/1857/1714
f 1715/1859/1716 1727/1872/1728 1726/1871/1727 1714/1858/1715
f 1716/1848/1706 1728/1861/1718 1727/1872/1728 1715/1859/1716
f 1717/1860/1717 1729/1873/1729 1740/1874/1730 1728/1861/1718
f 1718/1862/1719 1730/1875/1731 1729/1876/1729 1717/1863/1717
f 1719/1864/1720 1731/1877/1732 1730/1875/1731 1718/1862/1719
f 1720/1865/1721 1732/1878/1733 1731/1877/1732 1719/1864/1720
f 1721/1866/1722 1733/1879/1734 1732/1878/1733 1720/1865/1721
f 1722/1867/1723 1734/1880/1735 1733/1879/1734 1721/1866/1722
f 1723/1868/1724 1735/1881/1736 1734/1880/1735 1722/1867/1723
f 1724/1869/1725 1736/1882/1737 1735/1881/1736 1723/1868/1724
f 1725/1870/1726 1737/1883/1738 1736/1882/1737 1724/1869/1725
f 1726/1871/1727 1738/1884/1739 1737/1883/1738 1725/1870/1726
f 1727/1872/1728 1739/1885/1740 1738/1884/1739 1726/1871/1727
f 1728/1861/1718 1740/1874/1730 1739/1885/1740 1727/1872/1728
