# Blender v2.93.3 OBJ File: 'untitled.blend'
# www.blender.org
o BezierCircle.017_BezierCircle.013
v -54.148987 5.445369 70.838638
v -54.428055 5.796268 70.642052
v -54.828690 5.930651 70.394897
v -55.243542 5.812513 70.163399
v -55.561451 5.473507 70.009575
v -55.697235 5.004469 69.974655
v -55.614510 4.531079 70.067986
v -55.335442 4.180180 70.264565
v -54.934807 4.045796 70.511719
v -54.519955 4.163934 70.743225
v -54.202045 4.502941 70.897049
v -54.066261 4.971978 70.931969
v -55.134792 5.437913 72.544067
v -55.428963 5.790761 72.374908
v -55.808460 5.930255 72.098907
v -56.171604 5.819017 71.790024
v -56.421085 5.486855 71.531029
v -56.490059 5.022770 71.391312
v -56.360043 4.551114 71.408310
v -56.065872 4.198266 71.577477
v -55.686375 4.058772 71.853477
v -55.323231 4.170009 72.162354
v -55.073750 4.502172 72.421356
v -55.004776 4.966257 72.561073
v -56.387379 4.929418 73.679031
v -56.679657 5.285003 73.512344
v -56.977104 5.461869 73.166077
v -57.200012 5.412624 72.733025
v -57.288662 5.150463 72.329208
v -57.219296 4.745632 72.062836
v -57.010498 4.306605 72.005287
v -56.718220 3.951020 72.171974
v -56.420773 3.774154 72.518234
v -56.197861 3.823399 72.951294
v -56.109215 4.085559 73.355110
v -56.178581 4.490390 73.621475
v -57.722538 4.004466 74.068443
v -58.014938 4.361693 73.905518
v -58.223598 4.602342 73.533768
v -58.292606 4.661929 73.052788
v -58.203476 4.524488 72.591461
v -57.980083 4.226848 72.273407
v -57.682293 3.848759 72.183838
v -57.389893 3.491531 72.346764
v -57.181232 3.250883 72.718521
v -57.112225 3.191295 73.199501
v -57.201359 3.328736 73.660820
v -57.424747 3.626377 73.978874
v -58.967094 2.855586 73.807335
v -59.260983 3.213330 73.648270
v -59.410976 3.510752 73.289528
v -59.376884 3.668161 72.827232
v -59.167839 3.643377 72.385262
v -58.839855 3.443042 72.082039
v -58.480820 3.120835 71.998810
v -58.186928 2.763091 72.157867
v -58.036938 2.465668 72.516609
v -58.071030 2.308259 72.978905
v -58.280075 2.333044 73.420876
v -58.608055 2.533379 73.724098
v -60.093750 1.594182 73.075745
v -60.389603 1.951938 72.920387
v -60.508625 2.287927 72.584831
v -60.418926 2.512121 72.158989
v -60.144543 2.564446 71.756958
v -59.758991 2.430884 71.486465
v -59.365585 2.147220 71.419991
v -59.069733 1.789464 71.575348
v -58.950710 1.453475 71.910904
v -59.040409 1.229281 72.336746
v -59.314793 1.176955 72.738777
v -59.700340 1.310518 73.009270
v -61.117310 0.266573 71.988556
v -61.415237 0.624216 71.836952
v -61.517677 0.986618 71.524185
v -61.397171 1.256674 71.134048
v -61.086018 1.362023 70.771095
v -60.667587 1.274437 70.532562
v -60.253994 1.017384 70.482376
v -59.956066 0.659742 70.633980
v -59.853626 0.297340 70.946747
v -59.974129 0.027284 71.336876
v -60.285286 -0.078066 71.699837
v -60.703716 0.009520 71.938362
v -62.031891 -1.080745 70.623962
v -62.331898 -0.723171 70.476357
v -62.424549 -0.340648 70.185249
v -62.285011 -0.035674 69.828636
v -61.950676 0.110035 69.502075
v -61.511127 0.057436 69.293068
v -61.084145 -0.179378 69.257614
v -60.784134 -0.536952 69.405220
v -60.691483 -0.919475 69.696335
v -60.831020 -1.224450 70.052948
v -61.165356 -1.370159 70.379509
v -61.604904 -1.317559 70.588516
v -62.816513 -2.392680 69.051430
v -63.118568 -2.035016 68.908279
v -63.204735 -1.635153 68.639328
v -63.051929 -1.300233 68.316635
v -62.701092 -1.119999 68.026665
v -62.246231 -1.142742 67.847122
v -61.809223 -1.362370 67.826111
v -61.507168 -1.720034 67.969261
v -61.420998 -2.119897 68.238213
v -61.573807 -2.454817 68.560913
v -61.924644 -2.635052 68.850876
v -62.379505 -2.612309 69.030418
v -63.443119 -3.609255 67.337479
v -63.747185 -3.251242 67.199562
v -63.828621 -2.834622 66.955734
v -63.665604 -2.471028 66.671349
v -63.301815 -2.257885 66.422592
v -62.834728 -2.252304 66.276123
v -62.389503 -2.455780 66.271187
v -62.085438 -2.813793 66.409111
v -62.004002 -3.230413 66.652931
v -62.167019 -3.594007 66.937325
v -62.530807 -3.807151 67.186081
v -62.997894 -3.812732 67.332542
v -63.879417 -4.668023 65.544487
v -64.185547 -4.309310 65.413101
v -64.263634 -3.874991 65.201157
v -64.092743 -3.481441 64.965424
v -63.718670 -3.234112 64.769081
v -63.241646 -3.199275 64.664726
v -62.789490 -3.386265 64.680336
v -62.483360 -3.744977 64.811714
v -62.405277 -4.179296 65.023666
v -62.576164 -4.572846 65.259399
v -62.950237 -4.820176 65.455742
v -63.427261 -4.855012 65.560089
v -64.087456 -5.503551 63.726471
v -64.396034 -5.143817 63.603897
v -64.473465 -4.690217 63.436852
v -64.299011 -4.264295 63.270092
v -63.919411 -3.980175 63.148304
v -63.436378 -3.913987 63.104118
v -62.979343 -4.083466 63.149376
v -62.670769 -4.443200 63.271950
v -62.593330 -4.896800 63.438995
v -62.767788 -5.322721 63.605755
v -63.147385 -5.606842 63.727543
v -63.630417 -5.673030 63.771729
v -64.019852 -6.033747 61.951763
v -64.332237 -5.672034 61.845783
v -64.416061 -5.200912 61.742485
v -64.248878 -4.746620 61.669552
v -63.875469 -4.430882 61.646526
v -63.395897 -4.338303 61.679573
v -62.938660 -4.493688 61.759846
v -62.626274 -4.855401 61.865826
v -62.542446 -5.326522 61.969124
v -62.709633 -5.780815 62.042057
v -63.083038 -6.096552 62.065083
v -63.562614 -6.189132 62.032036
v -63.771324 -6.181205 60.595474
v -64.091339 -5.819481 60.515469
v -64.191956 -5.341315 60.485687
v -64.046219 -4.874833 60.514111
v -63.693176 -4.545027 60.593117
v -63.227428 -4.440268 60.701546
v -62.773769 -4.588627 60.810333
v -62.453754 -4.950352 60.890339
v -62.353138 -5.428517 60.920120
v -62.498875 -5.895000 60.891697
v -62.851917 -6.224806 60.812691
v -63.317665 -6.329565 60.704266
v -63.395889 -6.083474 59.340805
v -63.726135 -5.726502 59.284576
v -63.850674 -5.254501 59.321434
v -63.736126 -4.793941 59.441505
v -63.413193 -4.468230 59.612614
v -62.968399 -4.364642 59.788914
v -62.520927 -4.510932 59.923164
v -62.190681 -4.867903 59.979393
v -62.066147 -5.339905 59.942535
v -62.180695 -5.800464 59.822464
v -62.503628 -6.126176 59.651356
v -62.948421 -6.229764 59.475056
v -62.904686 -5.781745 58.198711
v -63.243965 -5.431458 58.155807
v -63.394958 -4.974329 58.244614
v -63.317207 -4.532844 58.441334
v -63.031540 -4.225299 58.693256
v -62.614506 -4.134100 58.932877
v -62.177849 -4.283684 59.095989
v -61.838566 -4.633971 59.138893
v -61.687572 -5.091100 59.050087
v -61.765327 -5.532586 58.853367
v -62.050991 -5.840130 58.601448
v -62.468025 -5.931329 58.361824
v -62.310413 -5.320952 57.181522
v -62.655312 -4.975795 57.141960
v -62.831463 -4.536265 57.266205
v -62.791668 -4.120133 57.520966
v -62.546593 -3.838902 57.837982
v -62.161900 -3.767926 58.132305
v -61.740669 -3.926224 58.325077
v -61.395771 -4.271380 58.364639
v -61.219620 -4.710910 58.240395
v -61.259415 -5.127043 57.985634
v -61.504490 -5.408275 57.668617
v -61.889183 -5.479250 57.374294
v -61.623646 -4.744374 56.291985
v -61.969269 -4.400496 56.247883
v -62.166553 -3.976624 56.393021
v -62.162636 -3.586336 56.688507
v -61.958565 -3.334209 57.055172
v -61.609024 -3.287800 57.394760
v -61.207672 -3.459544 57.616283
v -60.862049 -3.803424 57.660385
v -60.664764 -4.227295 57.515247
v -60.668682 -4.617584 57.219761
v -60.872753 -4.869710 56.853096
v -61.222294 -4.916119 56.513508
v -60.851982 -4.091007 55.528492
v -61.192505 -3.743490 55.474361
v -61.405361 -3.330721 55.629177
v -61.433514 -2.963301 55.951454
v -61.269421 -2.739681 56.354839
v -60.957054 -2.719778 56.731247
v -60.580109 -2.908925 56.979820
v -60.239586 -3.256442 57.033951
v -60.026733 -3.669211 56.879135
v -59.998577 -4.036631 56.556854
v -60.162670 -4.260252 56.153469
v -60.475037 -4.280155 55.777061
v -60.000950 -3.396272 54.889008
v -60.329727 -3.039917 54.821392
v -60.551697 -2.632606 54.977856
v -60.607384 -2.283477 55.316471
v -60.481865 -2.086079 55.746510
v -60.208778 -2.093304 56.152740
v -59.861298 -2.303217 56.426319
v -59.532520 -2.659572 56.493935
v -59.310551 -3.066883 56.337471
v -59.254864 -3.416012 55.998856
v -59.380379 -3.613410 55.568817
v -59.653465 -3.606185 55.162586
v -59.075123 -2.693544 54.372665
v -59.384472 -2.323296 54.289772
v -59.608307 -1.915571 54.442451
v -59.686646 -1.579620 54.789803
v -59.598503 -1.405459 55.238747
v -59.367493 -1.439755 55.668995
v -59.055511 -1.673319 55.965256
v -58.746162 -2.043566 56.048149
v -58.522327 -2.451291 55.895466
v -58.443989 -2.787243 55.548115
v -58.532135 -2.961404 55.099171
v -58.763145 -2.927108 54.668926
v -58.078915 -2.015296 53.979942
v -58.359779 -1.626606 53.881508
v -58.577209 -1.212878 54.027130
v -58.672951 -0.884970 54.377789
v -58.621346 -0.730745 54.839531
v -58.436226 -0.791527 55.288628
v -58.167191 -1.051031 55.604748
v -57.886330 -1.439721 55.703186
v -57.668900 -1.853449 55.557564
v -57.573158 -2.181357 55.206902
v -57.624760 -2.335582 54.745163
v -57.809883 -2.274800 54.296062
v -57.017078 -1.393681 53.712372
v -57.258705 -0.983072 53.599808
v -57.460152 -0.558531 53.737057
v -57.567440 -0.233814 54.087345
v -57.551826 -0.095928 54.556808
v -57.417488 -0.181819 55.019657
v -57.200428 -0.468474 55.351871
v -56.958805 -0.879083 55.464436
v -56.757359 -1.303624 55.327187
v -56.650066 -1.628341 54.976898
v -56.665684 -1.766227 54.507435
v -56.800018 -1.680336 54.044586
v -55.894962 -0.860664 53.572052
v -56.085030 -0.426681 53.448814
v -56.259502 0.011956 53.578465
v -56.371639 0.337716 53.926254
v -56.391384 0.463310 54.399002
v -56.313454 0.355087 54.870029
v -56.158726 0.042044 55.213127
v -55.968662 -0.391938 55.336365
v -55.794186 -0.830576 55.206715
v -55.682053 -1.156336 54.858925
v -55.662304 -1.281931 54.386177
v -55.740234 -1.173707 53.915150
v -54.680630 -0.433555 53.561974
v -54.813229 0.020268 53.435028
v -54.964188 0.468660 53.560760
v -55.093056 0.791475 53.905487
v -55.165302 0.902215 54.376839
v -55.161575 0.771207 54.848511
v -55.082867 0.433555 55.194126
v -54.950268 -0.020268 55.321072
v -54.799309 -0.468660 55.195335
v -54.670441 -0.791475 54.850609
v -54.598194 -0.902215 54.379261
v -54.601921 -0.771207 53.907589
v -53.570911 -0.137859 53.759151
v -53.647842 0.330457 53.639091
v -53.797951 0.780207 53.760933
v -53.981018 1.090881 54.092026
v -54.147987 1.179234 54.543652
v -54.254124 1.021591 54.994804
v -54.270985 0.660194 55.324593
v -54.194054 0.191877 55.444649
v -54.043945 -0.257873 55.322811
v -53.860878 -0.568547 54.991718
v -53.693909 -0.656900 54.540092
v -53.587772 -0.499257 54.088940
v -52.617836 0.063890 54.223724
v -52.641495 0.542729 54.124699
v -52.799896 0.991813 54.238216
v -53.050591 1.290810 54.533859
v -53.326405 1.359604 54.932415
v -53.553440 1.179761 55.327087
v -53.670860 0.799471 55.612122
v -53.647198 0.320632 55.711147
v -53.488800 -0.128452 55.597630
v -53.238106 -0.427449 55.301983
v -52.962288 -0.496243 54.903427
v -52.735252 -0.316401 54.508759
v -51.857304 0.168204 54.883270
v -51.836758 0.652654 54.815895
v -51.996613 1.102763 54.923141
v -52.294029 1.397924 55.176273
v -52.649323 1.459050 55.507458
v -52.967285 1.269761 55.827961
v -53.162724 0.880778 56.051903
v -53.183270 0.396328 56.119274
v -53.023415 -0.053781 56.012028
v -52.725998 -0.348942 55.758900
v -52.370705 -0.410068 55.427711
v -52.052742 -0.220780 55.107208
v -51.255791 0.192877 55.655952
v -51.205120 0.678392 55.619064
v -51.361012 1.130188 55.725044
v -51.681694 1.427205 55.945492
v -52.081238 1.489860 56.221336
v -52.452587 1.301362 56.478672
v -52.696239 0.912221 56.648540
v -52.746910 0.426706 56.685429
v -52.591019 -0.025090 56.579453
v -52.270336 -0.322108 56.359005
v -51.870792 -0.384762 56.083157
v -51.499443 -0.196265 55.825825
v -50.754753 0.160495 56.483044
v -50.685085 0.644834 56.468361
v -50.833885 1.098083 56.578255
v -51.161285 1.398794 56.783283
v -51.579552 1.466393 57.028507
v -51.976616 1.282766 57.248219
v -52.246086 0.897116 57.383545
v -52.315754 0.412777 57.398232
v -52.166954 -0.040472 57.288338
v -51.839554 -0.341183 57.083309
v -51.421288 -0.408782 56.838085
v -51.024220 -0.225155 56.618374
v -50.297466 0.090278 57.325134
v -50.216038 0.572996 57.322731
v -50.355736 1.027101 57.440739
v -50.679131 1.330915 57.647541
v -51.099564 1.403033 57.887718
v -51.504387 1.224130 58.096924
v -51.785122 0.842143 58.219097
v -51.866550 0.359425 58.221500
v -51.726852 -0.094680 58.103489
v -51.403458 -0.398495 57.896690
v -50.983025 -0.470612 57.656509
v -50.578205 -0.291710 57.447304
v -49.837017 -0.002048 58.148201
v -49.749203 0.479555 58.148464
v -49.877762 0.933871 58.277782
v -50.188244 1.239165 58.501499
v -50.597458 1.313634 58.759670
v -50.995750 1.137325 58.983124
v -51.276402 0.757479 59.111980
v -51.364212 0.275875 59.111713
v -51.235653 -0.178441 58.982399
v -50.925171 -0.483735 58.758678
v -50.515961 -0.558204 58.500507
v -50.117668 -0.381895 58.277054
v -49.334553 -0.102810 58.919460
v -49.245960 0.378613 58.913456
v -49.360676 0.832613 59.056206
v -49.647968 1.137541 59.309456
v -50.030853 1.211693 59.605350
v -50.406738 1.035198 59.864605
v -50.674904 0.655350 60.017750
v -50.763500 0.173927 60.023758
v -50.648781 -0.280074 59.881008
v -50.361492 -0.585002 59.627758
v -49.978607 -0.659154 59.331863
v -49.602722 -0.482659 59.072609
v -48.755367 -0.200069 59.610271
v -48.673267 0.282133 59.590439
v -48.770737 0.735582 59.747078
v -49.021660 1.038777 60.038219
v -49.358799 1.110477 60.385857
v -49.691818 0.931469 60.696835
v -49.931484 0.549720 60.887829
v -50.013584 0.067517 60.907665
v -49.916115 -0.385933 60.751022
v -49.665192 -0.689128 60.459881
v -49.328056 -0.760828 60.112247
v -48.995033 -0.581820 59.801270
v -48.061390 -0.283854 60.200039
v -47.994801 0.199644 60.161972
v -48.071846 0.652779 60.330448
v -48.271889 0.954135 60.660328
v -48.541321 1.022964 61.063221
v -48.807953 0.840823 61.431168
v -49.000340 0.456517 61.665581
v -49.066929 -0.026981 61.703648
v -48.989883 -0.480116 61.535168
v -48.789841 -0.781473 61.205288
v -48.520409 -0.850302 60.802399
v -48.253777 -0.668161 60.434448
v -47.201641 -0.345199 60.672783
v -47.159039 0.139281 60.616951
v -47.214531 0.592802 60.792717
v -47.353237 0.893843 61.152973
v -47.538002 0.961741 61.601200
v -47.719311 0.778302 62.017288
v -47.848587 0.392678 62.289749
v -47.891190 -0.091802 62.345577
v -47.835701 -0.545323 62.169815
v -47.696991 -0.846365 61.809555
v -47.512226 -0.914262 61.361332
v -47.330917 -0.730823 60.945244
v -46.010490 -0.376506 61.032578
v -46.007320 0.107300 60.957920
v -46.078354 0.562356 61.123848
v -46.204552 0.866729 61.485901
v -46.352104 0.938862 61.947071
v -46.481472 0.759429 62.383789
v -46.557991 0.376507 62.679031
v -46.561161 -0.107300 62.753689
v -46.490131 -0.562355 62.587765
v -46.363934 -0.866728 62.225708
v -46.216381 -0.938862 61.764538
v -46.087013 -0.759429 61.327820
v -44.853798 -0.234864 61.460220
v -44.947639 0.228828 61.334377
v -45.172592 0.654692 61.422062
v -45.468384 0.928618 61.699780
v -45.755749 0.977207 62.093117
v -45.957695 0.787441 62.496674
v -46.020111 0.410167 62.802322
v -45.926266 -0.053525 62.928165
v -45.701313 -0.479389 62.840481
v -45.405525 -0.753315 62.562763
v -45.118156 -0.801905 62.169426
v -44.916214 -0.612139 61.765869
v -44.229702 0.359657 62.349209
v -44.408760 0.733496 62.088757
v -44.790268 0.999574 61.936089
v -45.271999 1.086594 61.932110
v -45.724876 0.971240 62.077888
v -46.027546 0.684421 62.334362
v -46.098911 0.302989 62.632805
v -45.919853 -0.070851 62.893257
v -45.538345 -0.336929 63.045925
v -45.056614 -0.423949 63.049904
v -44.603741 -0.308595 62.904125
v -44.301067 -0.021775 62.647652
v -44.570229 1.082608 63.242287
v -44.715866 1.373751 62.876663
v -45.039238 1.484926 62.526348
v -45.453709 1.386344 62.285206
v -45.848213 1.104419 62.217846
v -46.117050 0.714694 62.342327
v -46.188179 0.321594 62.625286
v -46.042545 0.030451 62.990906
v -45.719170 -0.080724 63.341225
v -45.304703 0.017858 63.582367
v -44.910194 0.299783 63.649723
v -44.641361 0.689508 63.525246
v -45.328049 1.666665 63.910664
v -45.441658 1.936029 63.517998
v -45.703419 2.000423 63.109356
v -46.043186 1.842594 62.794235
v -46.369919 1.504832 62.657070
v -46.596077 1.077639 62.734619
v -46.661049 0.675482 63.006096
v -46.547440 0.406118 63.398766
v -46.285679 0.341724 63.807407
v -45.945911 0.499553 64.122528
v -45.619179 0.837315 64.259689
v -45.393021 1.264508 64.182144
v -46.323971 2.239639 64.567589
v -46.426548 2.506979 64.170525
v -46.662212 2.560589 63.744801
v -46.967823 2.386104 63.404488
v -47.261486 2.030277 63.240776
v -47.464516 1.588451 63.297531
v -47.522514 1.179013 63.559544
v -47.419937 0.911673 63.956608
v -47.184273 0.858063 64.382332
v -46.878666 1.032548 64.722641
v -46.584999 1.388376 64.886353
v -46.381969 1.830202 64.829597
v -47.508247 2.827501 65.275787
v -47.611073 3.099311 64.881836
v -47.839058 3.153717 64.452049
v -48.131119 2.976140 64.101593
v -48.409000 2.614162 63.924374
v -48.598240 2.164774 63.967873
v -48.648132 1.748391 64.220436
v -48.545311 1.476580 64.614388
v -48.317322 1.422174 65.044174
v -48.025261 1.599751 65.394630
v -47.747383 1.961729 65.571846
v -47.558140 2.411117 65.528351
v -48.809467 3.415092 66.048546
v -48.920372 3.694827 65.662407
v -49.152367 3.755699 65.235649
v -49.443295 3.581397 64.882607
v -49.715195 3.218626 64.697899
v -49.895214 2.764589 64.730995
v -49.935120 2.340945 64.973045
v -49.824215 2.061210 65.359177
v -49.592220 2.000338 65.785942
v -49.301296 2.174640 66.138977
v -49.029392 2.537411 66.323692
v -48.849373 2.991448 66.290588
v -50.145718 3.977643 66.887627
v -50.272106 4.268111 66.514389
v -50.518093 4.339536 66.097206
v -50.817764 4.172781 65.747864
v -51.090832 3.812526 65.559959
v -51.264118 3.355302 65.583855
v -51.291195 2.923622 65.813141
v -51.164806 2.633153 66.186386
v -50.918819 2.561728 66.603569
v -50.619144 2.728483 66.952911
v -50.346081 3.088738 67.140808
v -50.172794 3.545962 67.116913
v -51.430153 4.487240 67.789696
v -51.580654 4.791451 67.436905
v -51.851440 4.877395 67.038231
v -52.169960 4.722046 66.700500
v -52.450867 4.367028 66.514198
v -52.618889 3.907468 66.529251
v -52.629005 3.466505 66.741623
v -52.478504 3.162295 67.094414
v -52.207718 3.076349 67.493088
v -51.889198 3.231699 67.830818
v -51.608292 3.586717 68.017120
v -51.440269 4.046277 68.002068
v -52.572998 4.914695 68.745895
v -52.758587 5.236188 68.426750
v -53.067425 5.341082 68.061691
v -53.416763 5.201270 67.748535
v -53.712997 4.854214 67.571190
v -53.876747 4.392908 67.577171
v -53.864136 3.940959 67.764885
v -53.678547 3.619465 68.084023
v -53.369709 3.514571 68.449081
v -53.020370 3.654383 68.762245
v -52.724136 4.001439 68.939590
v -52.560387 4.462744 68.933609
v -53.484329 5.231208 69.737991
v -53.717762 5.573472 69.477196
v -54.079960 5.701674 69.173828
v -54.473873 5.581462 68.909195
v -54.793953 5.245048 68.754189
v -54.954433 4.782571 68.750343
v -54.912315 4.317954 68.898705
v -54.678883 3.975689 69.159500
v -54.316681 3.847487 69.462868
v -53.922768 3.967698 69.727509
v -53.602688 4.304113 69.882507
v -53.442207 4.766590 69.886353
v -36.722752 5.445369 53.480568
v -36.434174 5.796267 53.662903
v -36.021645 5.930651 53.889648
v -35.595703 5.812513 54.100052
v -35.270477 5.473507 54.237732
v -35.133110 5.004469 54.265800
v -35.220413 4.531079 54.176735
v -35.508995 4.180180 53.994400
v -35.921520 4.045796 53.767654
v -36.347462 4.163934 53.557251
v -36.672688 4.502940 53.419571
v -36.810055 4.971978 53.391502
v -35.823723 5.437913 51.727833
v -35.521442 5.790761 51.882027
v -35.128578 5.930255 52.138645
v -34.750397 5.819017 52.428921
v -34.488239 5.486855 52.675079
v -34.412346 5.022770 52.811165
v -34.543053 4.551114 52.800705
v -34.845333 4.198267 52.646507
v -35.238197 4.058772 52.389893
v -35.616379 4.170009 52.099617
v -35.878532 4.502172 51.853455
v -35.954430 4.966257 51.717373
v -34.629642 4.929418 50.531471
v -34.329369 5.285003 50.683289
v -34.014931 5.461869 51.014198
v -33.770584 5.412624 51.435528
v -33.661789 5.150463 51.834389
v -33.717709 4.745633 52.103905
v -33.923359 4.306606 52.171856
v -34.223633 3.951020 52.020039
v -34.538071 3.774154 51.689133
v -34.782417 3.823399 51.267799
v -34.891212 4.085559 50.868942
v -34.835293 4.490390 50.599426
v -33.315697 4.004466 50.075581
v -33.015491 4.361693 50.223633
v -32.788448 4.602342 50.584457
v -32.695404 4.661929 51.061367
v -32.761284 4.524488 51.526581
v -32.968437 4.226848 51.855438
v -33.261364 3.848759 51.959831
v -33.561569 3.491531 51.811779
v -33.788612 3.250883 51.450958
v -33.881657 3.191295 50.974045
v -33.815777 3.328736 50.508835
v -33.608620 3.626376 50.179970
v -32.059608 2.855586 50.273941
v -31.758112 3.213330 50.418064
v -31.590315 3.510753 50.768829
v -31.601177 3.668161 51.232250
v -31.787790 3.643377 51.684151
v -32.100151 3.443042 52.003445
v -32.454559 3.120835 52.104580
v -32.756058 2.763092 51.960457
v -32.923859 2.465668 51.609692
v -32.912994 2.308260 51.146271
v -32.726379 2.333044 50.694374
v -32.414021 2.533379 50.375076
v -30.897678 1.594182 50.948097
v -30.594406 1.951939 51.088417
v -30.458702 2.287928 51.417580
v -30.526928 2.512121 51.847389
v -30.780802 2.564447 52.262676
v -31.152300 2.430884 52.552166
v -31.541878 2.147221 52.638290
v -31.845148 1.789464 52.497967
v -31.980854 1.453475 52.168804
v -31.912628 1.229282 51.738995
v -31.658754 1.176956 51.323708
v -31.287256 1.310519 51.034222
v -29.820875 0.266574 51.982578
v -29.515717 0.624216 52.119045
v -29.397722 0.986618 52.426285
v -29.498505 1.256674 52.821968
v -29.791061 1.362023 53.200073
v -30.197002 1.274437 53.459290
v -30.607555 1.017385 53.530159
v -30.912714 0.659742 53.393692
v -31.030712 0.297340 53.086456
v -30.929930 0.027284 52.690773
v -30.637373 -0.078065 52.312664
v -30.231432 0.009521 52.053448
v -28.839003 -1.080744 53.299576
v -28.531967 -0.723170 53.431946
v -28.424831 -0.340647 53.718044
v -28.546307 -0.035673 54.081207
v -28.863840 0.110036 54.424126
v -29.292353 0.057437 54.654919
v -29.717020 -0.179377 54.711742
v -30.024057 -0.536951 54.579369
v -30.131191 -0.919474 54.293274
v -30.009716 -1.224449 53.930111
v -29.692183 -1.370158 53.587189
v -29.263672 -1.317559 53.356400
v -27.976490 -2.392679 54.830772
v -27.667635 -2.035015 54.958591
v -27.568085 -1.635152 55.222885
v -27.704514 -1.300232 55.552841
v -28.040363 -1.119998 55.860039
v -28.485649 -1.142741 56.062172
v -28.921053 -1.362370 56.105080
v -29.229906 -1.720033 55.977257
v -29.329458 -2.119896 55.712963
v -29.193029 -2.454816 55.383011
v -28.857178 -2.635051 55.075809
v -28.411894 -2.612307 54.873676
v -27.264706 -3.609253 56.511135
v -26.954102 -3.251240 56.633633
v -26.860538 -2.834620 56.873062
v -27.009087 -2.471026 57.165272
v -27.359941 -2.257883 57.431961
v -27.819094 -2.252302 57.601673
v -28.263510 -2.455778 57.628933
v -28.574112 -2.813792 57.506439
v -28.667675 -3.230411 57.267006
v -28.519129 -3.594006 56.974800
v -28.168274 -3.807149 56.708107
v -27.709124 -3.812730 56.538395
v -26.739025 -4.668020 58.279991
v -26.426687 -4.309308 58.395851
v -26.338070 -3.874989 58.603619
v -26.496922 -3.481439 58.847622
v -26.860676 -3.234110 59.062485
v -27.331863 -3.199273 59.190628
v -27.784233 -3.386262 59.197720
v -28.096569 -3.744975 59.081860
v -28.185186 -4.179294 58.874092
v -28.026335 -4.572844 58.630089
v -27.662582 -4.820173 58.415230
v -27.191395 -4.855010 58.287083
v -26.440058 -5.503548 60.085278
v -26.125723 -5.143814 60.192223
v -26.040007 -4.690214 60.355175
v -26.205875 -4.264292 60.530472
v -26.578890 -3.980172 60.671146
v -27.059097 -3.913984 60.739506
v -27.517828 -4.083463 60.717228
v -27.832165 -4.443197 60.610287
v -27.917881 -4.896796 60.447334
v -27.752012 -5.322719 60.272034
v -27.378998 -5.606839 60.131359
v -26.898790 -5.673028 60.063004
v -26.418564 -6.033747 61.861145
v -26.101255 -5.672034 61.951328
v -26.012352 -5.200912 62.050289
v -26.175671 -4.746620 62.131516
v -26.547453 -4.430882 62.173244
v -27.028080 -4.338303 62.164291
v -27.488768 -4.493688 62.107056
v -27.806076 -4.855401 62.016876
v -27.894979 -5.326522 61.917915
v -27.731661 -5.780815 61.836685
v -27.359879 -6.096552 61.794960
v -26.879251 -6.189132 61.803913
v -26.598747 -6.181205 63.228195
v -26.275126 -5.819481 63.292049
v -26.173140 -5.341316 63.316746
v -26.320118 -4.874833 63.295670
v -26.676680 -4.545027 63.234470
v -27.147280 -4.440269 63.149540
v -27.605825 -4.588627 63.063644
v -27.929449 -4.950352 62.999790
v -28.031435 -5.428516 62.975094
v -27.884455 -5.894999 62.996170
v -27.527893 -6.224806 63.057369
v -27.057293 -6.329564 63.142296
v -26.910780 -6.083474 64.500114
v -26.578127 -5.726503 64.539711
v -26.455597 -5.254501 64.496651
v -26.576023 -4.793941 64.382477
v -26.907135 -4.468230 64.227783
v -27.360210 -4.364642 64.074013
v -27.813850 -4.510931 63.962376
v -28.146502 -4.867903 63.922783
v -28.269032 -5.339905 63.965839
v -28.148605 -5.800464 64.080017
v -27.817497 -6.126176 64.234711
v -27.364420 -6.229764 64.388481
v -27.344082 -5.781745 65.665413
v -27.003077 -5.431459 65.691238
v -26.856726 -4.974329 65.594971
v -26.944248 -4.532844 65.402405
v -27.242189 -4.225299 65.165131
v -27.670719 -4.134100 64.946724
v -28.115009 -4.283684 64.805717
v -28.456015 -4.633970 64.779884
v -28.602365 -5.091100 64.876152
v -28.514843 -5.532585 65.068726
v -28.216902 -5.840130 65.306000
v -27.788374 -5.931329 65.524406
v -27.886585 -5.320952 66.711128
v -27.540136 -4.975796 66.733337
v -27.370438 -4.536265 66.600418
v -27.422960 -4.120133 66.347969
v -27.683630 -3.838901 66.043648
v -28.082602 -3.767926 65.768990
v -28.512968 -3.926224 65.597588
v -28.859417 -4.271380 65.575378
v -29.029116 -4.710910 65.708298
v -28.976593 -5.127043 65.960747
v -28.715923 -5.408275 66.265068
v -28.316952 -5.479250 66.539726
v -28.527868 -4.744374 67.633987
v -28.180470 -4.400496 67.660706
v -27.990715 -3.976624 67.505852
v -28.009449 -3.586335 67.210930
v -28.231651 -3.334209 66.854965
v -28.597786 -3.287800 66.533340
v -29.009743 -3.459544 66.332222
v -29.357143 -3.803424 66.305511
v -29.546900 -4.227295 66.460365
v -29.528166 -4.617584 66.755280
v -29.305964 -4.869710 67.111252
v -28.939829 -4.916119 67.432877
v -29.260267 -4.091007 68.435226
v -28.917459 -3.743490 68.472214
v -28.712637 -3.330721 68.306915
v -28.700684 -2.963301 67.983627
v -28.884802 -2.739680 67.588982
v -29.215656 -2.719777 67.228714
v -29.604597 -2.908925 66.999367
v -29.947405 -3.256442 66.962379
v -30.152227 -3.669211 67.127678
v -30.164179 -4.036631 67.450966
v -29.980062 -4.260252 67.845612
v -29.649206 -4.280155 68.205879
v -30.078152 -3.396272 69.116592
v -29.746401 -3.039918 69.167633
v -29.532558 -2.632607 69.000237
v -29.493925 -2.283478 68.659248
v -29.640852 -2.086079 68.236053
v -29.933971 -2.093304 67.844025
v -30.294739 -2.303217 67.588226
v -30.626492 -2.659571 67.537186
v -30.840334 -3.066882 67.704582
v -30.878969 -3.416012 68.045563
v -30.732040 -3.613410 68.468765
v -30.438921 -3.606185 68.860794
v -30.976915 -2.693545 69.678726
v -30.663797 -2.323296 69.746002
v -30.447903 -1.915571 69.582283
v -30.387085 -1.579620 69.231438
v -30.497637 -1.405459 68.787483
v -30.749937 -1.439755 68.369362
v -31.076382 -1.673318 68.089127
v -31.389502 -2.043566 68.021851
v -31.605392 -2.451291 68.185570
v -31.666214 -2.787244 68.536407
v -31.555660 -2.961405 68.980370
v -31.303360 -2.927109 69.398483
v -31.952171 -2.015296 70.120918
v -31.666725 -1.626606 70.205147
v -31.456873 -1.212878 70.048798
v -31.378843 -0.884970 69.693779
v -31.453539 -0.730745 69.235207
v -31.660954 -0.791527 68.795959
v -31.945505 -1.051030 68.493736
v -32.230949 -1.439721 68.409508
v -32.440804 -1.853449 68.565849
v -32.518833 -2.181358 68.920876
v -32.444138 -2.335583 69.379440
v -32.236725 -2.274800 69.818695
v -32.999252 -1.393681 70.441414
v -32.752281 -0.983072 70.541718
v -32.557976 -0.558531 70.394531
v -32.468391 -0.233813 70.039307
v -32.507538 -0.095927 69.571220
v -32.664917 -0.181819 69.115692
v -32.898369 -0.468474 68.794785
v -33.145332 -0.879083 68.694481
v -33.339645 -1.303624 68.841660
v -33.429226 -1.628341 69.196884
v -33.390083 -1.766228 69.664978
v -33.232700 -1.680336 70.120506
v -34.112915 -0.860664 70.637840
v -33.916908 -0.426681 70.751389
v -33.749153 0.011956 70.613152
v -33.654610 0.337716 70.260178
v -33.658600 0.463310 69.787033
v -33.760056 0.355087 69.320503
v -33.931801 0.042044 68.985603
v -34.127808 -0.391938 68.872055
v -34.295555 -0.830576 69.010292
v -34.390106 -1.156336 69.363266
v -34.386116 -1.281931 69.836411
v -34.284660 -1.173707 70.302933
v -35.325211 -0.433555 70.708817
v -35.186413 0.020268 70.828949
v -35.041954 0.468660 70.695801
v -34.930534 0.791475 70.345047
v -34.882019 0.902215 69.870667
v -34.909401 0.771207 69.399773
v -35.005348 0.433555 69.058540
v -35.144146 -0.020268 68.938408
v -35.288609 -0.468660 69.071556
v -35.400024 -0.791475 69.422310
v -35.448540 -0.902215 69.896690
v -35.421158 -0.771207 70.367584
v -36.443420 -0.137859 70.567551
v -36.360565 0.330457 70.683594
v -36.216759 0.780208 70.554382
v -36.050529 1.090881 70.214523
v -35.906425 1.179234 69.755089
v -35.823051 1.021591 69.299179
v -35.822754 0.660194 68.968964
v -35.905609 0.191877 68.852913
v -36.049416 -0.257873 68.982132
v -36.215645 -0.568547 69.321983
v -36.359749 -0.656900 69.781418
v -36.443123 -0.499258 70.237328
v -37.418602 0.063890 70.151367
v -37.390007 0.542729 70.249077
v -37.237499 0.991813 70.127762
v -37.001953 1.290810 69.819908
v -36.746471 1.359604 69.408020
v -36.539520 1.179761 69.002464
v -36.436546 0.799471 68.711899
v -36.465141 0.320632 68.614182
v -36.617645 -0.128452 68.735504
v -36.853195 -0.427449 69.043350
v -37.108673 -0.496243 69.455238
v -37.315628 -0.316401 69.860802
v -38.211258 0.168204 69.530800
v -38.228401 0.652654 69.599113
v -38.074127 1.102763 69.483986
v -37.789780 1.397924 69.216255
v -37.451546 1.459050 68.867668
v -37.150055 1.269761 68.531616
v -36.966095 0.880778 68.298157
v -36.948959 0.396328 68.229836
v -37.103233 -0.053781 68.344971
v -37.387581 -0.348943 68.612694
v -37.725811 -0.410068 68.961288
v -38.027298 -0.220780 69.297333
v -38.850773 0.192877 68.789253
v -38.899529 0.678392 68.828636
v -38.749146 1.130188 68.714973
v -38.439926 1.427205 68.478722
v -38.054722 1.489860 68.183182
v -37.696747 1.301362 67.907539
v -37.461922 0.912221 67.725662
v -37.413166 0.426706 67.686279
v -37.563545 -0.025090 67.799950
v -37.872765 -0.322108 68.036201
v -38.257973 -0.384762 68.331741
v -38.615944 -0.196265 68.607376
v -39.392662 0.160495 67.988335
v -39.461510 0.644834 68.006493
v -39.318405 1.098083 67.889275
v -39.001705 1.398794 67.668083
v -38.596260 1.466392 67.402191
v -38.210716 1.282765 67.162842
v -37.948376 0.897115 67.014168
v -37.879532 0.412777 66.996002
v -38.022633 -0.040472 67.113228
v -38.339333 -0.341184 67.334419
v -38.744778 -0.408782 67.600311
v -39.130322 -0.225155 67.839661
v -39.891609 0.090278 67.170242
v -39.972816 0.572996 67.176727
v -39.839214 1.027100 67.051865
v -39.526600 1.330915 66.829102
v -39.118744 1.403033 66.568130
v -38.724922 1.224130 66.338882
v -38.450668 0.842143 66.202789
v -38.369461 0.359425 66.196304
v -38.503067 -0.094680 66.321167
v -38.815681 -0.398495 66.543930
v -39.223537 -0.470613 66.804901
v -39.617355 -0.291710 67.034149
v -40.392765 -0.002049 66.371307
v -40.480480 0.479555 66.375450
v -40.358570 0.933871 66.239845
v -40.059700 1.239165 66.000839
v -39.663956 1.313634 65.722466
v -39.277370 1.137324 65.479317
v -39.003532 0.757478 65.336548
v -38.915817 0.275875 65.332405
v -39.037727 -0.178441 65.468010
v -39.336597 -0.483736 65.707016
v -39.732346 -0.558205 65.985390
v -40.118931 -0.381895 66.228539
v -40.933281 -0.102810 65.626221
v -41.021461 0.378613 65.636658
v -40.914047 0.832612 65.488342
v -40.639824 1.137541 65.221001
v -40.272263 1.211692 64.906273
v -39.909855 1.035197 64.628487
v -39.649704 0.655349 64.462082
v -39.561523 0.173926 64.451645
v -39.668938 -0.280074 64.599968
v -39.943161 -0.585002 64.867310
v -40.310722 -0.659154 65.182037
v -40.673130 -0.482659 65.459816
v -41.546387 -0.200070 64.965332
v -41.627388 0.282133 64.989258
v -41.537899 0.735582 64.827927
v -41.301895 1.038777 64.524567
v -40.982620 1.110476 64.160454
v -40.665619 0.931469 63.833164
v -40.435829 0.549719 63.630390
v -40.354832 0.067516 63.606461
v -40.444321 -0.385933 63.767796
v -40.680321 -0.689128 64.071159
v -40.999599 -0.760828 64.435265
v -41.316601 -0.581820 64.762558
v -42.269073 -0.283854 64.411118
v -42.333672 0.199643 64.452477
v -42.265171 0.652778 64.280342
v -42.081928 0.954134 63.940845
v -41.833042 1.022963 63.524948
v -41.585201 0.840822 63.144089
v -41.404816 0.456516 62.900322
v -41.340218 -0.026982 62.858963
v -41.408714 -0.480117 63.031094
v -41.591957 -0.781473 63.370594
v -41.840843 -0.850302 63.786491
v -42.088684 -0.668161 64.167351
v -43.151451 -0.345200 63.982090
v -43.191200 0.139281 64.039986
v -43.144596 0.592802 63.861660
v -43.024132 0.893843 63.494896
v -42.862083 0.961740 63.037971
v -42.701870 0.778301 62.613312
v -42.586422 0.392677 62.334709
v -42.546677 -0.091803 62.276814
v -42.593277 -0.545324 62.455139
v -42.713745 -0.846365 62.821903
v -42.875793 -0.914263 63.278828
v -43.036003 -0.730824 63.703487
v -44.359150 -0.376506 63.682491
v -44.358570 0.107300 63.757214
v -44.295952 0.562356 63.587933
v -44.188072 0.866729 63.220005
v -44.063835 0.938862 62.752014
v -43.956535 0.759429 62.309361
v -43.894920 0.376507 62.010651
v -43.895500 -0.107300 61.935925
v -43.958115 -0.562356 62.105206
v -44.065994 -0.866729 62.473137
v -44.190231 -0.938862 62.941128
v -44.297531 -0.759429 63.383781
v -45.535835 -0.234864 63.313408
v -45.435799 0.228828 63.434383
v -45.215527 0.654692 63.335522
v -44.934040 0.928618 63.043320
v -44.666763 0.977208 62.636066
v -44.485313 0.787442 62.222885
v -44.438309 0.410167 61.914490
v -44.538345 -0.053525 61.793514
v -44.758617 -0.479390 61.892372
v -45.040104 -0.753316 62.184578
v -45.307381 -0.801906 62.591831
v -45.488831 -0.612139 63.005013
v -46.203735 0.359657 62.456841
v -46.011837 0.733497 62.707981
v -45.623150 0.999574 62.841320
v -45.141827 1.086595 62.821129
v -44.696835 0.971240 62.652821
v -44.407410 0.684421 62.381489
v -44.351101 0.302989 62.079842
v -44.542999 -0.070851 61.828701
v -44.931686 -0.336929 61.695362
v -45.413010 -0.423950 61.715549
v -45.858002 -0.308595 61.883862
v -46.147427 -0.021776 62.155190
v -45.908428 1.082609 61.547806
v -45.744640 1.373752 61.905663
v -45.404099 1.484927 62.239319
v -44.978058 1.386344 62.459370
v -44.580673 1.104420 62.506851
v -44.318417 0.714694 62.369045
v -44.261570 0.321594 62.082874
v -44.425362 0.030451 61.725018
v -44.765900 -0.080724 61.391365
v -45.191940 0.017858 61.171314
v -45.589329 0.299783 61.123829
v -45.851582 0.689508 61.261635
v -45.185089 1.666665 60.842258
v -45.051926 1.936029 61.228733
v -44.769997 2.000424 61.623730
v -44.414852 1.842595 61.921413
v -44.081650 1.504832 62.042015
v -43.859669 1.077639 61.953220
v -43.808392 0.675482 61.678825
v -43.941559 0.406118 61.292351
v -44.223484 0.341723 60.897354
v -44.578629 0.499552 60.599670
v -44.911835 0.837315 60.479069
v -45.133812 1.264508 60.567860
v -44.223370 2.239639 60.136208
v -44.101006 2.506980 60.527626
v -43.844284 2.560590 60.940994
v -43.521988 2.386104 61.265549
v -43.220482 2.030277 61.414326
v -43.020554 1.588451 61.347458
v -42.975773 1.179013 61.082867
v -43.098137 0.911673 60.691448
v -43.354858 0.858062 60.278080
v -43.677151 1.032548 59.953529
v -43.978657 1.388375 59.804752
v -44.178589 1.830201 59.871616
v -43.076103 2.827501 59.369499
v -42.953651 3.099312 59.757797
v -42.704391 3.153718 60.175606
v -42.395119 2.976140 60.510971
v -42.108700 2.614162 60.674030
v -41.921883 2.164774 60.621098
v -41.884720 1.748390 60.366348
v -42.007172 1.476580 59.978050
v -42.256432 1.422174 59.560242
v -42.565704 1.599751 59.224876
v -42.852123 1.961729 59.061813
v -43.038940 2.411117 59.114750
v -41.815281 3.415093 58.532448
v -41.685150 3.694828 58.912537
v -41.432037 3.755700 59.327122
v -41.123772 3.581398 59.665123
v -40.842949 3.218626 59.835964
v -40.664814 2.764589 59.793877
v -40.637100 2.340945 59.550133
v -40.767235 2.061210 59.170048
v -41.020344 2.000338 58.755459
v -41.328609 2.174639 58.417461
v -41.609436 2.537411 58.246616
v -41.787567 2.991448 58.288704
v -40.522800 3.977643 57.627399
v -40.377850 4.268111 57.993828
v -40.111248 4.339537 58.398148
v -39.794426 4.172781 58.732021
v -39.512283 3.812526 58.905983
v -39.340412 3.355302 58.873428
v -39.324871 2.923622 58.643074
v -39.469822 2.633153 58.276642
v -39.736423 2.561727 57.872322
v -40.053246 2.728483 57.538452
v -40.335388 3.088737 57.364487
v -40.507259 3.545962 57.397041
v -39.285225 4.487240 56.662041
v -39.117222 4.791451 57.006836
v -38.826775 4.877396 57.391426
v -38.491714 4.722046 57.712757
v -38.201820 4.367028 57.884731
v -38.034767 3.907468 57.861271
v -38.035316 3.466505 57.648659
v -38.203323 3.162294 57.303864
v -38.493767 3.076349 56.919273
v -38.828827 3.231699 56.597942
v -39.118721 3.586717 56.425968
v -39.285774 4.046277 56.449429
v -38.191784 4.914695 55.649723
v -37.990417 5.236189 55.959152
v -37.663658 5.341082 56.308258
v -37.299049 5.201270 56.603500
v -36.994297 4.854214 56.765766
v -36.831055 4.392908 56.751575
v -36.853062 3.940958 56.564735
v -37.054428 3.619465 56.255302
v -37.381187 3.514570 55.906197
v -37.745796 3.654383 55.610954
v -38.050549 4.001439 55.448689
v -38.213791 4.462745 55.462879
v -37.331360 5.231208 54.613159
v -37.085136 5.573472 54.861923
v -36.708179 5.701674 55.146736
v -36.301487 5.581462 55.391285
v -35.974037 5.245048 55.530041
v -35.813568 4.782571 55.525826
v -35.863075 4.317954 55.379768
v -36.109291 3.975689 55.131004
v -36.486252 3.847487 54.846191
v -36.892944 3.967699 54.601646
v -37.220398 4.304114 54.462887
v -37.380867 4.766590 54.467102
vt 0.000000 1.000000
vt 0.020833 1.000000
vt 0.020833 0.916667
vt 0.000000 0.916667
vt 0.000000 0.083333
vt 0.020833 0.083333
vt 0.020833 0.000000
vt 0.000000 0.000000
vt 0.000000 0.166667
vt 0.020833 0.166667
vt 0.000000 0.250000
vt 0.020833 0.250000
vt 0.000000 0.333333
vt 0.020833 0.333333
vt 0.000000 0.416667
vt 0.020833 0.416667
vt 0.000000 0.500000
vt 0.020833 0.500000
vt 0.000000 0.583333
vt 0.020833 0.583333
vt 0.000000 0.666667
vt 0.020833 0.666667
vt 0.000000 0.750000
vt 0.020833 0.750000
vt 0.000000 0.833333
vt 0.020833 0.833333
vt 0.041667 1.000000
vt 0.041667 0.916667
vt 0.041667 0.083333
vt 0.041667 0.000000
vt 0.041667 0.166667
vt 0.041667 0.250000
vt 0.041667 0.333333
vt 0.041667 0.416667
vt 0.041667 0.500000
vt 0.041667 0.583333
vt 0.041667 0.666667
vt 0.041667 0.750000
vt 0.041667 0.833333
vt 0.062500 1.000000
vt 0.062500 0.916667
vt 0.062500 0.083333
vt 0.062500 0.000000
vt 0.062500 0.166667
vt 0.062500 0.250000
vt 0.062500 0.333333
vt 0.062500 0.416667
vt 0.062500 0.500000
vt 0.062500 0.583333
vt 0.062500 0.666667
vt 0.062500 0.750000
vt 0.062500 0.833333
vt 0.083333 1.000000
vt 0.083333 0.916667
vt 0.083333 0.083333
vt 0.083333 0.000000
vt 0.083333 0.166667
vt 0.083333 0.250000
vt 0.083333 0.333333
vt 0.083333 0.416667
vt 0.083333 0.500000
vt 0.083333 0.583333
vt 0.083333 0.666667
vt 0.083333 0.750000
vt 0.083333 0.833333
vt 0.104167 1.000000
vt 0.104167 0.916667
vt 0.104167 0.083333
vt 0.104167 0.000000
vt 0.104167 0.166667
vt 0.104167 0.250000
vt 0.104167 0.333333
vt 0.104167 0.416667
vt 0.104167 0.500000
vt 0.104167 0.583333
vt 0.104167 0.666667
vt 0.104167 0.750000
vt 0.104167 0.833333
vt 0.125000 1.000000
vt 0.125000 0.916667
vt 0.125000 0.083333
vt 0.125000 0.000000
vt 0.125000 0.166667
vt 0.125000 0.250000
vt 0.125000 0.333333
vt 0.125000 0.416667
vt 0.125000 0.500000
vt 0.125000 0.583333
vt 0.125000 0.666667
vt 0.125000 0.750000
vt 0.125000 0.833333
vt 0.145833 1.000000
vt 0.145833 0.916667
vt 0.145833 0.083333
vt 0.145833 0.000000
vt 0.145833 0.166667
vt 0.145833 0.250000
vt 0.145833 0.333333
vt 0.145833 0.416667
vt 0.145833 0.500000
vt 0.145833 0.583333
vt 0.145833 0.666667
vt 0.145833 0.750000
vt 0.145833 0.833333
vt 0.166667 1.000000
vt 0.166667 0.916667
vt 0.166667 0.083333
vt 0.166667 0.000000
vt 0.166667 0.166667
vt 0.166667 0.250000
vt 0.166667 0.333333
vt 0.166667 0.416667
vt 0.166667 0.500000
vt 0.166667 0.583333
vt 0.166667 0.666667
vt 0.166667 0.750000
vt 0.166667 0.833333
vt 0.187500 1.000000
vt 0.187500 0.916667
vt 0.187500 0.083333
vt 0.187500 0.000000
vt 0.187500 0.166667
vt 0.187500 0.250000
vt 0.187500 0.333333
vt 0.187500 0.416667
vt 0.187500 0.500000
vt 0.187500 0.583333
vt 0.187500 0.666667
vt 0.187500 0.750000
vt 0.187500 0.833333
vt 0.208333 1.000000
vt 0.208333 0.916667
vt 0.208333 0.083333
vt 0.208333 0.000000
vt 0.208333 0.166667
vt 0.208333 0.250000
vt 0.208333 0.333333
vt 0.208333 0.416667
vt 0.208333 0.500000
vt 0.208333 0.583333
vt 0.208333 0.666667
vt 0.208333 0.750000
vt 0.208333 0.833333
vt 0.229167 1.000000
vt 0.229167 0.916667
vt 0.229167 0.083333
vt 0.229167 0.000000
vt 0.229167 0.166667
vt 0.229167 0.250000
vt 0.229167 0.333333
vt 0.229167 0.416667
vt 0.229167 0.500000
vt 0.229167 0.583333
vt 0.229167 0.666667
vt 0.229167 0.750000
vt 0.229167 0.833333
vt 0.250000 1.000000
vt 0.250000 0.916667
vt 0.250000 0.083333
vt 0.250000 0.000000
vt 0.250000 0.166667
vt 0.250000 0.250000
vt 0.250000 0.333333
vt 0.250000 0.416667
vt 0.250000 0.500000
vt 0.250000 0.583333
vt 0.250000 0.666667
vt 0.250000 0.750000
vt 0.250000 0.833333
vt 0.270833 1.000000
vt 0.270833 0.916667
vt 0.270833 0.083333
vt 0.270833 0.000000
vt 0.270833 0.166667
vt 0.270833 0.250000
vt 0.270833 0.333333
vt 0.270833 0.416667
vt 0.270833 0.500000
vt 0.270833 0.583333
vt 0.270833 0.666667
vt 0.270833 0.750000
vt 0.270833 0.833333
vt 0.291667 1.000000
vt 0.291667 0.916667
vt 0.291667 0.083333
vt 0.291667 0.000000
vt 0.291667 0.166667
vt 0.291667 0.250000
vt 0.291667 0.333333
vt 0.291667 0.416667
vt 0.291667 0.500000
vt 0.291667 0.583333
vt 0.291667 0.666667
vt 0.291667 0.750000
vt 0.291667 0.833333
vt 0.312500 1.000000
vt 0.312500 0.916667
vt 0.312500 0.083333
vt 0.312500 0.000000
vt 0.312500 0.166667
vt 0.312500 0.250000
vt 0.312500 0.333333
vt 0.312500 0.416667
vt 0.312500 0.500000
vt 0.312500 0.583333
vt 0.312500 0.666667
vt 0.312500 0.750000
vt 0.312500 0.833333
vt 0.333333 1.000000
vt 0.333333 0.916667
vt 0.333333 0.083333
vt 0.333333 0.000000
vt 0.333333 0.166667
vt 0.333333 0.250000
vt 0.333333 0.333333
vt 0.333333 0.416667
vt 0.333333 0.500000
vt 0.333333 0.583333
vt 0.333333 0.666667
vt 0.333333 0.750000
vt 0.333333 0.833333
vt 0.354167 1.000000
vt 0.354167 0.916667
vt 0.354167 0.083333
vt 0.354167 0.000000
vt 0.354167 0.166667
vt 0.354167 0.250000
vt 0.354167 0.333333
vt 0.354167 0.416667
vt 0.354167 0.500000
vt 0.354167 0.583333
vt 0.354167 0.666667
vt 0.354167 0.750000
vt 0.354167 0.833333
vt 0.375000 1.000000
vt 0.375000 0.916667
vt 0.375000 0.083333
vt 0.375000 0.000000
vt 0.375000 0.166667
vt 0.375000 0.250000
vt 0.375000 0.333333
vt 0.375000 0.416667
vt 0.375000 0.500000
vt 0.375000 0.583333
vt 0.375000 0.666667
vt 0.375000 0.750000
vt 0.375000 0.833333
vt 0.395833 1.000000
vt 0.395833 0.916667
vt 0.395833 0.083333
vt 0.395833 0.000000
vt 0.395833 0.166667
vt 0.395833 0.250000
vt 0.395833 0.333333
vt 0.395833 0.416667
vt 0.395833 0.500000
vt 0.395833 0.583333
vt 0.395833 0.666667
vt 0.395833 0.750000
vt 0.395833 0.833333
vt 0.416667 1.000000
vt 0.416667 0.916667
vt 0.416667 0.083333
vt 0.416667 0.000000
vt 0.416667 0.166667
vt 0.416667 0.250000
vt 0.416667 0.333333
vt 0.416667 0.416667
vt 0.416667 0.500000
vt 0.416667 0.583333
vt 0.416667 0.666667
vt 0.416667 0.750000
vt 0.416667 0.833333
vt 0.437500 1.000000
vt 0.437500 0.916667
vt 0.437500 0.083333
vt 0.437500 0.000000
vt 0.437500 0.166667
vt 0.437500 0.250000
vt 0.437500 0.333333
vt 0.437500 0.416667
vt 0.437500 0.500000
vt 0.437500 0.583333
vt 0.437500 0.666667
vt 0.437500 0.750000
vt 0.437500 0.833333
vt 0.458333 1.000000
vt 0.458333 0.916667
vt 0.458333 0.083333
vt 0.458333 0.000000
vt 0.458333 0.166667
vt 0.458333 0.250000
vt 0.458333 0.333333
vt 0.458333 0.416667
vt 0.458333 0.500000
vt 0.458333 0.583333
vt 0.458333 0.666667
vt 0.458333 0.750000
vt 0.458333 0.833333
vt 0.479167 1.000000
vt 0.479167 0.916667
vt 0.479167 0.083333
vt 0.479167 0.000000
vt 0.479167 0.166667
vt 0.479167 0.250000
vt 0.479167 0.333333
vt 0.479167 0.416667
vt 0.479167 0.500000
vt 0.479167 0.583333
vt 0.479167 0.666667
vt 0.479167 0.750000
vt 0.479167 0.833333
vt 0.500000 1.000000
vt 0.500000 0.916667
vt 0.500000 0.083333
vt 0.500000 0.000000
vt 0.500000 0.166667
vt 0.500000 0.250000
vt 0.500000 0.333333
vt 0.500000 0.416667
vt 0.500000 0.500000
vt 0.500000 0.583333
vt 0.500000 0.666667
vt 0.500000 0.750000
vt 0.500000 0.833333
vt 0.520833 1.000000
vt 0.520833 0.916667
vt 0.520833 0.083333
vt 0.520833 0.000000
vt 0.520833 0.166667
vt 0.520833 0.250000
vt 0.520833 0.333333
vt 0.520833 0.416667
vt 0.520833 0.500000
vt 0.520833 0.583333
vt 0.520833 0.666667
vt 0.520833 0.750000
vt 0.520833 0.833333
vt 0.541667 1.000000
vt 0.541667 0.916667
vt 0.541667 0.083333
vt 0.541667 0.000000
vt 0.541667 0.166667
vt 0.541667 0.250000
vt 0.541667 0.333333
vt 0.541667 0.416667
vt 0.541667 0.500000
vt 0.541667 0.583333
vt 0.541667 0.666667
vt 0.541667 0.750000
vt 0.541667 0.833333
vt 0.562500 1.000000
vt 0.562500 0.916667
vt 0.562500 0.083333
vt 0.562500 0.000000
vt 0.562500 0.166667
vt 0.562500 0.250000
vt 0.562500 0.333333
vt 0.562500 0.416667
vt 0.562500 0.500000
vt 0.562500 0.583333
vt 0.562500 0.666667
vt 0.562500 0.750000
vt 0.562500 0.833333
vt 0.583333 1.000000
vt 0.583333 0.916667
vt 0.583333 0.083333
vt 0.583333 0.000000
vt 0.583333 0.166667
vt 0.583333 0.250000
vt 0.583333 0.333333
vt 0.583333 0.416667
vt 0.583333 0.500000
vt 0.583333 0.583333
vt 0.583333 0.666667
vt 0.583333 0.750000
vt 0.583333 0.833333
vt 0.604167 1.000000
vt 0.604167 0.916667
vt 0.604167 0.083333
vt 0.604167 0.000000
vt 0.604167 0.166667
vt 0.604167 0.250000
vt 0.604167 0.333333
vt 0.604167 0.416667
vt 0.604167 0.500000
vt 0.604167 0.583333
vt 0.604167 0.666667
vt 0.604167 0.750000
vt 0.604167 0.833333
vt 0.625000 1.000000
vt 0.625000 0.916667
vt 0.625000 0.083333
vt 0.625000 0.000000
vt 0.625000 0.166667
vt 0.625000 0.250000
vt 0.625000 0.333333
vt 0.625000 0.416667
vt 0.625000 0.500000
vt 0.625000 0.583333
vt 0.625000 0.666667
vt 0.625000 0.750000
vt 0.625000 0.833333
vt 0.645833 1.000000
vt 0.645833 0.916667
vt 0.645833 0.083333
vt 0.645833 0.000000
vt 0.645833 0.166667
vt 0.645833 0.250000
vt 0.645833 0.333333
vt 0.645833 0.416667
vt 0.645833 0.500000
vt 0.645833 0.583333
vt 0.645833 0.666667
vt 0.645833 0.750000
vt 0.645833 0.833333
vt 0.666667 1.000000
vt 0.666667 0.916667
vt 0.666667 0.083333
vt 0.666667 0.000000
vt 0.666667 0.166667
vt 0.666667 0.250000
vt 0.666667 0.333333
vt 0.666667 0.416667
vt 0.666667 0.500000
vt 0.666667 0.583333
vt 0.666667 0.666667
vt 0.666667 0.750000
vt 0.666667 0.833333
vt 0.687500 1.000000
vt 0.687500 0.916667
vt 0.687500 0.083333
vt 0.687500 0.000000
vt 0.687500 0.166667
vt 0.687500 0.250000
vt 0.687500 0.333333
vt 0.687500 0.416667
vt 0.687500 0.500000
vt 0.687500 0.583333
vt 0.687500 0.666667
vt 0.687500 0.750000
vt 0.687500 0.833333
vt 0.708333 1.000000
vt 0.708333 0.916667
vt 0.708333 0.083333
vt 0.708333 0.000000
vt 0.708333 0.166667
vt 0.708333 0.250000
vt 0.708333 0.333333
vt 0.708333 0.416667
vt 0.708333 0.500000
vt 0.708333 0.583333
vt 0.708333 0.666667
vt 0.708333 0.750000
vt 0.708333 0.833333
vt 0.729167 1.000000
vt 0.729167 0.916667
vt 0.729167 0.083333
vt 0.729167 0.000000
vt 0.729167 0.166667
vt 0.729167 0.250000
vt 0.729167 0.333333
vt 0.729167 0.416667
vt 0.729167 0.500000
vt 0.729167 0.583333
vt 0.729167 0.666667
vt 0.729167 0.750000
vt 0.729167 0.833333
vt 0.750000 1.000000
vt 0.750000 0.916667
vt 0.750000 0.083333
vt 0.750000 0.000000
vt 0.750000 0.166667
vt 0.750000 0.250000
vt 0.750000 0.333333
vt 0.750000 0.416667
vt 0.750000 0.500000
vt 0.750000 0.583333
vt 0.750000 0.666667
vt 0.750000 0.750000
vt 0.750000 0.833333
vt 0.770833 1.000000
vt 0.770833 0.916667
vt 0.770833 0.083333
vt 0.770833 0.000000
vt 0.770833 0.166667
vt 0.770833 0.250000
vt 0.770833 0.333333
vt 0.770833 0.416667
vt 0.770833 0.500000
vt 0.770833 0.583333
vt 0.770833 0.666667
vt 0.770833 0.750000
vt 0.770833 0.833333
vt 0.791667 1.000000
vt 0.791667 0.916667
vt 0.791667 0.083333
vt 0.791667 0.000000
vt 0.791667 0.166667
vt 0.791667 0.250000
vt 0.791667 0.333333
vt 0.791667 0.416667
vt 0.791667 0.500000
vt 0.791667 0.583333
vt 0.791667 0.666667
vt 0.791667 0.750000
vt 0.791667 0.833333
vt 0.812500 1.000000
vt 0.812500 0.916667
vt 0.812500 0.083333
vt 0.812500 0.000000
vt 0.812500 0.166667
vt 0.812500 0.250000
vt 0.812500 0.333333
vt 0.812500 0.416667
vt 0.812500 0.500000
vt 0.812500 0.583333
vt 0.812500 0.666667
vt 0.812500 0.750000
vt 0.812500 0.833333
vt 0.833333 1.000000
vt 0.833333 0.916667
vt 0.833333 0.083333
vt 0.833333 0.000000
vt 0.833333 0.166667
vt 0.833333 0.250000
vt 0.833333 0.333333
vt 0.833333 0.416667
vt 0.833333 0.500000
vt 0.833333 0.583333
vt 0.833333 0.666667
vt 0.833333 0.750000
vt 0.833333 0.833333
vt 0.854167 1.000000
vt 0.854167 0.916667
vt 0.854167 0.083333
vt 0.854167 0.000000
vt 0.854167 0.166667
vt 0.854167 0.250000
vt 0.854167 0.333333
vt 0.854167 0.416667
vt 0.854167 0.500000
vt 0.854167 0.583333
vt 0.854167 0.666667
vt 0.854167 0.750000
vt 0.854167 0.833333
vt 0.875000 1.000000
vt 0.875000 0.916667
vt 0.875000 0.083333
vt 0.875000 0.000000
vt 0.875000 0.166667
vt 0.875000 0.250000
vt 0.875000 0.333333
vt 0.875000 0.416667
vt 0.875000 0.500000
vt 0.875000 0.583333
vt 0.875000 0.666667
vt 0.875000 0.750000
vt 0.875000 0.833333
vt 0.895833 1.000000
vt 0.895833 0.916667
vt 0.895833 0.083333
vt 0.895833 0.000000
vt 0.895833 0.166667
vt 0.895833 0.250000
vt 0.895833 0.333333
vt 0.895833 0.416667
vt 0.895833 0.500000
vt 0.895833 0.583333
vt 0.895833 0.666667
vt 0.895833 0.750000
vt 0.895833 0.833333
vt 0.916667 1.000000
vt 0.916667 0.916667
vt 0.916667 0.083333
vt 0.916667 0.000000
vt 0.916667 0.166667
vt 0.916667 0.250000
vt 0.916667 0.333333
vt 0.916667 0.416667
vt 0.916667 0.500000
vt 0.916667 0.583333
vt 0.916667 0.666667
vt 0.916667 0.750000
vt 0.916667 0.833333
vt 0.937500 1.000000
vt 0.937500 0.916667
vt 0.937500 0.083333
vt 0.937500 0.000000
vt 0.937500 0.166667
vt 0.937500 0.250000
vt 0.937500 0.333333
vt 0.937500 0.416667
vt 0.937500 0.500000
vt 0.937500 0.583333
vt 0.937500 0.666667
vt 0.937500 0.750000
vt 0.937500 0.833333
vt 0.958333 1.000000
vt 0.958333 0.916667
vt 0.958333 0.083333
vt 0.958333 0.000000
vt 0.958333 0.166667
vt 0.958333 0.250000
vt 0.958333 0.333333
vt 0.958333 0.416667
vt 0.958333 0.500000
vt 0.958333 0.583333
vt 0.958333 0.666667
vt 0.958333 0.750000
vt 0.958333 0.833333
vt 0.979167 1.000000
vt 0.979167 0.916667
vt 0.979167 0.083333
vt 0.979167 0.000000
vt 0.979167 0.166667
vt 0.979167 0.250000
vt 0.979167 0.333333
vt 0.979167 0.416667
vt 0.979167 0.500000
vt 0.979167 0.583333
vt 0.979167 0.666667
vt 0.979167 0.750000
vt 0.979167 0.833333
vt 1.000000 1.000000
vt 1.000000 0.916667
vt 1.000000 0.083333
vt 1.000000 0.000000
vt 1.000000 0.166667
vt 1.000000 0.250000
vt 1.000000 0.333333
vt 1.000000 0.416667
vt 1.000000 0.500000
vt 1.000000 0.583333
vt 1.000000 0.666667
vt 1.000000 0.750000
vt 1.000000 0.833333
vt 0.000000 1.000000
vt 0.020833 1.000000
vt 0.020833 0.916667
vt 0.000000 0.916667
vt 0.000000 0.083333
vt 0.020833 0.083333
vt 0.020833 0.000000
vt 0.000000 0.000000
vt 0.000000 0.166667
vt 0.020833 0.166667
vt 0.000000 0.250000
vt 0.020833 0.250000
vt 0.000000 0.333333
vt 0.020833 0.333333
vt 0.000000 0.416667
vt 0.020833 0.416667
vt 0.000000 0.500000
vt 0.020833 0.500000
vt 0.000000 0.583333
vt 0.020833 0.583333
vt 0.000000 0.666667
vt 0.020833 0.666667
vt 0.000000 0.750000
vt 0.020833 0.750000
vt 0.000000 0.833333
vt 0.020833 0.833333
vt 0.041667 1.000000
vt 0.041667 0.916667
vt 0.041667 0.083333
vt 0.041667 0.000000
vt 0.041667 0.166667
vt 0.041667 0.250000
vt 0.041667 0.333333
vt 0.041667 0.416667
vt 0.041667 0.500000
vt 0.041667 0.583333
vt 0.041667 0.666667
vt 0.041667 0.750000
vt 0.041667 0.833333
vt 0.062500 1.000000
vt 0.062500 0.916667
vt 0.062500 0.083333
vt 0.062500 0.000000
vt 0.062500 0.166667
vt 0.062500 0.250000
vt 0.062500 0.333333
vt 0.062500 0.416667
vt 0.062500 0.500000
vt 0.062500 0.583333
vt 0.062500 0.666667
vt 0.062500 0.750000
vt 0.062500 0.833333
vt 0.083333 1.000000
vt 0.083333 0.916667
vt 0.083333 0.083333
vt 0.083333 0.000000
vt 0.083333 0.166667
vt 0.083333 0.250000
vt 0.083333 0.333333
vt 0.083333 0.416667
vt 0.083333 0.500000
vt 0.083333 0.583333
vt 0.083333 0.666667
vt 0.083333 0.750000
vt 0.083333 0.833333
vt 0.104167 1.000000
vt 0.104167 0.916667
vt 0.104167 0.083333
vt 0.104167 0.000000
vt 0.104167 0.166667
vt 0.104167 0.250000
vt 0.104167 0.333333
vt 0.104167 0.416667
vt 0.104167 0.500000
vt 0.104167 0.583333
vt 0.104167 0.666667
vt 0.104167 0.750000
vt 0.104167 0.833333
vt 0.125000 1.000000
vt 0.125000 0.916667
vt 0.125000 0.083333
vt 0.125000 0.000000
vt 0.125000 0.166667
vt 0.125000 0.250000
vt 0.125000 0.333333
vt 0.125000 0.416667
vt 0.125000 0.500000
vt 0.125000 0.583333
vt 0.125000 0.666667
vt 0.125000 0.750000
vt 0.125000 0.833333
vt 0.145833 1.000000
vt 0.145833 0.916667
vt 0.145833 0.083333
vt 0.145833 0.000000
vt 0.145833 0.166667
vt 0.145833 0.250000
vt 0.145833 0.333333
vt 0.145833 0.416667
vt 0.145833 0.500000
vt 0.145833 0.583333
vt 0.145833 0.666667
vt 0.145833 0.750000
vt 0.145833 0.833333
vt 0.166667 1.000000
vt 0.166667 0.916667
vt 0.166667 0.083333
vt 0.166667 0.000000
vt 0.166667 0.166667
vt 0.166667 0.250000
vt 0.166667 0.333333
vt 0.166667 0.416667
vt 0.166667 0.500000
vt 0.166667 0.583333
vt 0.166667 0.666667
vt 0.166667 0.750000
vt 0.166667 0.833333
vt 0.187500 1.000000
vt 0.187500 0.916667
vt 0.187500 0.083333
vt 0.187500 0.000000
vt 0.187500 0.166667
vt 0.187500 0.250000
vt 0.187500 0.333333
vt 0.187500 0.416667
vt 0.187500 0.500000
vt 0.187500 0.583333
vt 0.187500 0.666667
vt 0.187500 0.750000
vt 0.187500 0.833333
vt 0.208333 1.000000
vt 0.208333 0.916667
vt 0.208333 0.083333
vt 0.208333 0.000000
vt 0.208333 0.166667
vt 0.208333 0.250000
vt 0.208333 0.333333
vt 0.208333 0.416667
vt 0.208333 0.500000
vt 0.208333 0.583333
vt 0.208333 0.666667
vt 0.208333 0.750000
vt 0.208333 0.833333
vt 0.229167 1.000000
vt 0.229167 0.916667
vt 0.229167 0.083333
vt 0.229167 0.000000
vt 0.229167 0.166667
vt 0.229167 0.250000
vt 0.229167 0.333333
vt 0.229167 0.416667
vt 0.229167 0.500000
vt 0.229167 0.583333
vt 0.229167 0.666667
vt 0.229167 0.750000
vt 0.229167 0.833333
vt 0.250000 1.000000
vt 0.250000 0.916667
vt 0.250000 0.083333
vt 0.250000 0.000000
vt 0.250000 0.166667
vt 0.250000 0.250000
vt 0.250000 0.333333
vt 0.250000 0.416667
vt 0.250000 0.500000
vt 0.250000 0.583333
vt 0.250000 0.666667
vt 0.250000 0.750000
vt 0.250000 0.833333
vt 0.270833 1.000000
vt 0.270833 0.916667
vt 0.270833 0.083333
vt 0.270833 0.000000
vt 0.270833 0.166667
vt 0.270833 0.250000
vt 0.270833 0.333333
vt 0.270833 0.416667
vt 0.270833 0.500000
vt 0.270833 0.583333
vt 0.270833 0.666667
vt 0.270833 0.750000
vt 0.270833 0.833333
vt 0.291667 1.000000
vt 0.291667 0.916667
vt 0.291667 0.083333
vt 0.291667 0.000000
vt 0.291667 0.166667
vt 0.291667 0.250000
vt 0.291667 0.333333
vt 0.291667 0.416667
vt 0.291667 0.500000
vt 0.291667 0.583333
vt 0.291667 0.666667
vt 0.291667 0.750000
vt 0.291667 0.833333
vt 0.312500 1.000000
vt 0.312500 0.916667
vt 0.312500 0.083333
vt 0.312500 0.000000
vt 0.312500 0.166667
vt 0.312500 0.250000
vt 0.312500 0.333333
vt 0.312500 0.416667
vt 0.312500 0.500000
vt 0.312500 0.583333
vt 0.312500 0.666667
vt 0.312500 0.750000
vt 0.312500 0.833333
vt 0.333333 1.000000
vt 0.333333 0.916667
vt 0.333333 0.083333
vt 0.333333 0.000000
vt 0.333333 0.166667
vt 0.333333 0.250000
vt 0.333333 0.333333
vt 0.333333 0.416667
vt 0.333333 0.500000
vt 0.333333 0.583333
vt 0.333333 0.666667
vt 0.333333 0.750000
vt 0.333333 0.833333
vt 0.354167 1.000000
vt 0.354167 0.916667
vt 0.354167 0.083333
vt 0.354167 0.000000
vt 0.354167 0.166667
vt 0.354167 0.250000
vt 0.354167 0.333333
vt 0.354167 0.416667
vt 0.354167 0.500000
vt 0.354167 0.583333
vt 0.354167 0.666667
vt 0.354167 0.750000
vt 0.354167 0.833333
vt 0.375000 1.000000
vt 0.375000 0.916667
vt 0.375000 0.083333
vt 0.375000 0.000000
vt 0.375000 0.166667
vt 0.375000 0.250000
vt 0.375000 0.333333
vt 0.375000 0.416667
vt 0.375000 0.500000
vt 0.375000 0.583333
vt 0.375000 0.666667
vt 0.375000 0.750000
vt 0.375000 0.833333
vt 0.395833 1.000000
vt 0.395833 0.916667
vt 0.395833 0.083333
vt 0.395833 0.000000
vt 0.395833 0.166667
vt 0.395833 0.250000
vt 0.395833 0.333333
vt 0.395833 0.416667
vt 0.395833 0.500000
vt 0.395833 0.583333
vt 0.395833 0.666667
vt 0.395833 0.750000
vt 0.395833 0.833333
vt 0.416667 1.000000
vt 0.416667 0.916667
vt 0.416667 0.083333
vt 0.416667 0.000000
vt 0.416667 0.166667
vt 0.416667 0.250000
vt 0.416667 0.333333
vt 0.416667 0.416667
vt 0.416667 0.500000
vt 0.416667 0.583333
vt 0.416667 0.666667
vt 0.416667 0.750000
vt 0.416667 0.833333
vt 0.437500 1.000000
vt 0.437500 0.916667
vt 0.437500 0.083333
vt 0.437500 0.000000
vt 0.437500 0.166667
vt 0.437500 0.250000
vt 0.437500 0.333333
vt 0.437500 0.416667
vt 0.437500 0.500000
vt 0.437500 0.583333
vt 0.437500 0.666667
vt 0.437500 0.750000
vt 0.437500 0.833333
vt 0.458333 1.000000
vt 0.458333 0.916667
vt 0.458333 0.083333
vt 0.458333 0.000000
vt 0.458333 0.166667
vt 0.458333 0.250000
vt 0.458333 0.333333
vt 0.458333 0.416667
vt 0.458333 0.500000
vt 0.458333 0.583333
vt 0.458333 0.666667
vt 0.458333 0.750000
vt 0.458333 0.833333
vt 0.479167 1.000000
vt 0.479167 0.916667
vt 0.479167 0.083333
vt 0.479167 0.000000
vt 0.479167 0.166667
vt 0.479167 0.250000
vt 0.479167 0.333333
vt 0.479167 0.416667
vt 0.479167 0.500000
vt 0.479167 0.583333
vt 0.479167 0.666667
vt 0.479167 0.750000
vt 0.479167 0.833333
vt 0.500000 1.000000
vt 0.500000 0.916667
vt 0.500000 0.083333
vt 0.500000 0.000000
vt 0.500000 0.166667
vt 0.500000 0.250000
vt 0.500000 0.333333
vt 0.500000 0.416667
vt 0.500000 0.500000
vt 0.500000 0.583333
vt 0.500000 0.666667
vt 0.500000 0.750000
vt 0.500000 0.833333
vt 0.520833 1.000000
vt 0.520833 0.916667
vt 0.520833 0.083333
vt 0.520833 0.000000
vt 0.520833 0.166667
vt 0.520833 0.250000
vt 0.520833 0.333333
vt 0.520833 0.416667
vt 0.520833 0.500000
vt 0.520833 0.583333
vt 0.520833 0.666667
vt 0.520833 0.750000
vt 0.520833 0.833333
vt 0.541667 1.000000
vt 0.541667 0.916667
vt 0.541667 0.083333
vt 0.541667 0.000000
vt 0.541667 0.166667
vt 0.541667 0.250000
vt 0.541667 0.333333
vt 0.541667 0.416667
vt 0.541667 0.500000
vt 0.541667 0.583333
vt 0.541667 0.666667
vt 0.541667 0.750000
vt 0.541667 0.833333
vt 0.562500 1.000000
vt 0.562500 0.916667
vt 0.562500 0.083333
vt 0.562500 0.000000
vt 0.562500 0.166667
vt 0.562500 0.250000
vt 0.562500 0.333333
vt 0.562500 0.416667
vt 0.562500 0.500000
vt 0.562500 0.583333
vt 0.562500 0.666667
vt 0.562500 0.750000
vt 0.562500 0.833333
vt 0.583333 1.000000
vt 0.583333 0.916667
vt 0.583333 0.083333
vt 0.583333 0.000000
vt 0.583333 0.166667
vt 0.583333 0.250000
vt 0.583333 0.333333
vt 0.583333 0.416667
vt 0.583333 0.500000
vt 0.583333 0.583333
vt 0.583333 0.666667
vt 0.583333 0.750000
vt 0.583333 0.833333
vt 0.604167 1.000000
vt 0.604167 0.916667
vt 0.604167 0.083333
vt 0.604167 0.000000
vt 0.604167 0.166667
vt 0.604167 0.250000
vt 0.604167 0.333333
vt 0.604167 0.416667
vt 0.604167 0.500000
vt 0.604167 0.583333
vt 0.604167 0.666667
vt 0.604167 0.750000
vt 0.604167 0.833333
vt 0.625000 1.000000
vt 0.625000 0.916667
vt 0.625000 0.083333
vt 0.625000 0.000000
vt 0.625000 0.166667
vt 0.625000 0.250000
vt 0.625000 0.333333
vt 0.625000 0.416667
vt 0.625000 0.500000
vt 0.625000 0.583333
vt 0.625000 0.666667
vt 0.625000 0.750000
vt 0.625000 0.833333
vt 0.645833 1.000000
vt 0.645833 0.916667
vt 0.645833 0.083333
vt 0.645833 0.000000
vt 0.645833 0.166667
vt 0.645833 0.250000
vt 0.645833 0.333333
vt 0.645833 0.416667
vt 0.645833 0.500000
vt 0.645833 0.583333
vt 0.645833 0.666667
vt 0.645833 0.750000
vt 0.645833 0.833333
vt 0.666667 1.000000
vt 0.666667 0.916667
vt 0.666667 0.083333
vt 0.666667 0.000000
vt 0.666667 0.166667
vt 0.666667 0.250000
vt 0.666667 0.333333
vt 0.666667 0.416667
vt 0.666667 0.500000
vt 0.666667 0.583333
vt 0.666667 0.666667
vt 0.666667 0.750000
vt 0.666667 0.833333
vt 0.687500 1.000000
vt 0.687500 0.916667
vt 0.687500 0.083333
vt 0.687500 0.000000
vt 0.687500 0.166667
vt 0.687500 0.250000
vt 0.687500 0.333333
vt 0.687500 0.416667
vt 0.687500 0.500000
vt 0.687500 0.583333
vt 0.687500 0.666667
vt 0.687500 0.750000
vt 0.687500 0.833333
vt 0.708333 1.000000
vt 0.708333 0.916667
vt 0.708333 0.083333
vt 0.708333 0.000000
vt 0.708333 0.166667
vt 0.708333 0.250000
vt 0.708333 0.333333
vt 0.708333 0.416667
vt 0.708333 0.500000
vt 0.708333 0.583333
vt 0.708333 0.666667
vt 0.708333 0.750000
vt 0.708333 0.833333
vt 0.729167 1.000000
vt 0.729167 0.916667
vt 0.729167 0.083333
vt 0.729167 0.000000
vt 0.729167 0.166667
vt 0.729167 0.250000
vt 0.729167 0.333333
vt 0.729167 0.416667
vt 0.729167 0.500000
vt 0.729167 0.583333
vt 0.729167 0.666667
vt 0.729167 0.750000
vt 0.729167 0.833333
vt 0.750000 1.000000
vt 0.750000 0.916667
vt 0.750000 0.083333
vt 0.750000 0.000000
vt 0.750000 0.166667
vt 0.750000 0.250000
vt 0.750000 0.333333
vt 0.750000 0.416667
vt 0.750000 0.500000
vt 0.750000 0.583333
vt 0.750000 0.666667
vt 0.750000 0.750000
vt 0.750000 0.833333
vt 0.770833 1.000000
vt 0.770833 0.916667
vt 0.770833 0.083333
vt 0.770833 0.000000
vt 0.770833 0.166667
vt 0.770833 0.250000
vt 0.770833 0.333333
vt 0.770833 0.416667
vt 0.770833 0.500000
vt 0.770833 0.583333
vt 0.770833 0.666667
vt 0.770833 0.750000
vt 0.770833 0.833333
vt 0.791667 1.000000
vt 0.791667 0.916667
vt 0.791667 0.083333
vt 0.791667 0.000000
vt 0.791667 0.166667
vt 0.791667 0.250000
vt 0.791667 0.333333
vt 0.791667 0.416667
vt 0.791667 0.500000
vt 0.791667 0.583333
vt 0.791667 0.666667
vt 0.791667 0.750000
vt 0.791667 0.833333
vt 0.812500 1.000000
vt 0.812500 0.916667
vt 0.812500 0.083333
vt 0.812500 0.000000
vt 0.812500 0.166667
vt 0.812500 0.250000
vt 0.812500 0.333333
vt 0.812500 0.416667
vt 0.812500 0.500000
vt 0.812500 0.583333
vt 0.812500 0.666667
vt 0.812500 0.750000
vt 0.812500 0.833333
vt 0.833333 1.000000
vt 0.833333 0.916667
vt 0.833333 0.083333
vt 0.833333 0.000000
vt 0.833333 0.166667
vt 0.833333 0.250000
vt 0.833333 0.333333
vt 0.833333 0.416667
vt 0.833333 0.500000
vt 0.833333 0.583333
vt 0.833333 0.666667
vt 0.833333 0.750000
vt 0.833333 0.833333
vt 0.854167 1.000000
vt 0.854167 0.916667
vt 0.854167 0.083333
vt 0.854167 0.000000
vt 0.854167 0.166667
vt 0.854167 0.250000
vt 0.854167 0.333333
vt 0.854167 0.416667
vt 0.854167 0.500000
vt 0.854167 0.583333
vt 0.854167 0.666667
vt 0.854167 0.750000
vt 0.854167 0.833333
vt 0.875000 1.000000
vt 0.875000 0.916667
vt 0.875000 0.083333
vt 0.875000 0.000000
vt 0.875000 0.166667
vt 0.875000 0.250000
vt 0.875000 0.333333
vt 0.875000 0.416667
vt 0.875000 0.500000
vt 0.875000 0.583333
vt 0.875000 0.666667
vt 0.875000 0.750000
vt 0.875000 0.833333
vt 0.895833 1.000000
vt 0.895833 0.916667
vt 0.895833 0.083333
vt 0.895833 0.000000
vt 0.895833 0.166667
vt 0.895833 0.250000
vt 0.895833 0.333333
vt 0.895833 0.416667
vt 0.895833 0.500000
vt 0.895833 0.583333
vt 0.895833 0.666667
vt 0.895833 0.750000
vt 0.895833 0.833333
vt 0.916667 1.000000
vt 0.916667 0.916667
vt 0.916667 0.083333
vt 0.916667 0.000000
vt 0.916667 0.166667
vt 0.916667 0.250000
vt 0.916667 0.333333
vt 0.916667 0.416667
vt 0.916667 0.500000
vt 0.916667 0.583333
vt 0.916667 0.666667
vt 0.916667 0.750000
vt 0.916667 0.833333
vt 0.937500 1.000000
vt 0.937500 0.916667
vt 0.937500 0.083333
vt 0.937500 0.000000
vt 0.937500 0.166667
vt 0.937500 0.250000
vt 0.937500 0.333333
vt 0.937500 0.416667
vt 0.937500 0.500000
vt 0.937500 0.583333
vt 0.937500 0.666667
vt 0.937500 0.750000
vt 0.937500 0.833333
vt 0.958333 1.000000
vt 0.958333 0.916667
vt 0.958333 0.083333
vt 0.958333 0.000000
vt 0.958333 0.166667
vt 0.958333 0.250000
vt 0.958333 0.333333
vt 0.958333 0.416667
vt 0.958333 0.500000
vt 0.958333 0.583333
vt 0.958333 0.666667
vt 0.958333 0.750000
vt 0.958333 0.833333
vt 0.979167 1.000000
vt 0.979167 0.916667
vt 0.979167 0.083333
vt 0.979167 0.000000
vt 0.979167 0.166667
vt 0.979167 0.250000
vt 0.979167 0.333333
vt 0.979167 0.416667
vt 0.979167 0.500000
vt 0.979167 0.583333
vt 0.979167 0.666667
vt 0.979167 0.750000
vt 0.979167 0.833333
vt 1.000000 1.000000
vt 1.000000 0.916667
vt 1.000000 0.083333
vt 1.000000 0.000000
vt 1.000000 0.166667
vt 1.000000 0.250000
vt 1.000000 0.333333
vt 1.000000 0.416667
vt 1.000000 0.500000
vt 1.000000 0.583333
vt 1.000000 0.666667
vt 1.000000 0.750000
vt 1.000000 0.833333
vn 0.7690 0.4920 0.4082
vn 0.6404 0.4737 0.6045
vn 0.7808 -0.0100 0.6246
vn 0.8621 -0.0043 0.5066
vn 0.4750 0.8565 0.2020
vn 0.3388 0.8363 0.4310
vn 0.0572 0.9966 -0.0582
vn -0.0489 0.9878 0.1477
vn -0.3770 0.8749 -0.3038
vn -0.4271 0.8870 -0.1753
vn -0.7135 0.5213 -0.4681
vn -0.7001 0.5507 -0.4545
vn -0.8622 0.0293 -0.5057
vn -0.7899 0.0570 -0.6105
vn -0.7826 -0.4706 -0.4075
vn -0.6592 -0.4607 -0.5943
vn -0.4924 -0.8469 -0.2007
vn -0.3361 -0.8482 -0.4093
vn -0.0644 -0.9961 0.0608
vn 0.0826 -0.9904 -0.1108
vn 0.3842 -0.8706 0.3072
vn 0.4700 -0.8557 0.2165
vn 0.7241 -0.5044 0.4704
vn 0.7216 -0.4947 0.4843
vn 0.3251 0.3372 0.8835
vn 0.5430 -0.1113 0.8323
vn 0.0262 0.7002 0.7134
vn -0.2799 0.8884 0.3639
vn -0.5172 0.8520 -0.0808
vn -0.6227 0.5925 -0.5111
vn -0.5604 0.1661 -0.8114
vn -0.3361 -0.3173 -0.8867
vn -0.0106 -0.7125 -0.7016
vn 0.3143 -0.8960 -0.3137
vn 0.5442 -0.8248 0.1530
vn 0.6246 -0.5349 0.5690
vn -0.0217 0.0925 0.9955
vn 0.2843 -0.2982 0.9112
vn -0.3216 0.4584 0.8285
vn -0.5413 0.7093 0.4515
vn -0.6238 0.7802 -0.0453
vn -0.5404 0.6472 -0.5376
vn -0.3039 0.3377 -0.8908
vn 0.0233 -0.0688 -0.9973
vn 0.3433 -0.4590 -0.8194
vn 0.5623 -0.7187 -0.4090
vn 0.6242 -0.7734 0.1104
vn 0.5204 -0.6158 0.5916
vn -0.2583 -0.1332 0.9568
vn 0.1129 -0.4700 0.8754
vn -0.5623 0.2366 0.7923
vn -0.7227 0.5463 0.4232
vn -0.6955 0.7161 -0.0593
vn -0.4811 0.6977 -0.5308
vn -0.1315 0.4908 -0.8613
vn 0.2574 0.1480 -0.9549
vn 0.5744 -0.2373 -0.7834
vn 0.7304 -0.5571 -0.3950
vn 0.6856 -0.7210 0.1003
vn 0.4579 -0.6866 0.5647
vn -0.3868 -0.2888 0.8758
vn 0.0230 -0.5869 0.8093
vn -0.6952 0.0839 0.7139
vn -0.8228 0.4353 0.3652
vn -0.7342 0.6740 -0.0814
vn -0.4484 0.7346 -0.5091
vn -0.0388 0.5972 -0.8011
vn 0.3833 0.2960 -0.8749
vn 0.7005 -0.0872 -0.7083
vn 0.8246 -0.4462 -0.3477
vn 0.7237 -0.6819 0.1064
vn 0.4291 -0.7319 0.5293
vn -0.4581 -0.3949 0.7963
vn -0.0255 -0.6657 0.7458
vn -0.7700 -0.0208 0.6377
vn -0.8798 0.3592 0.3112
vn -0.7572 0.6456 -0.0989
vn -0.4314 0.7610 -0.4845
vn 0.0126 0.6715 -0.7409
vn 0.4547 0.3989 -0.7963
vn 0.7730 0.0170 -0.6342
vn 0.8798 -0.3692 -0.2993
vn 0.7477 -0.6539 0.1157
vn 0.4154 -0.7613 0.4978
vn -0.5025 -0.4751 0.7223
vn -0.0551 -0.7249 0.6866
vn -0.8171 -0.1005 0.5676
vn -0.9166 0.3011 0.2630
vn -0.7732 0.6241 -0.1123
vn -0.4223 0.7815 -0.4591
vn 0.0439 0.7288 -0.6833
vn 0.4995 0.4779 -0.7225
vn 0.8195 0.0965 -0.5649
vn 0.9160 -0.3107 -0.2538
vn 0.7643 -0.6325 0.1251
vn 0.4082 -0.7833 0.4689
vn -0.5339 -0.5436 0.6476
vn -0.0759 -0.7754 0.6269
vn -0.8508 -0.1687 0.4976
vn -0.9435 0.2511 0.2160
vn -0.7860 0.6056 -0.1238
vn -0.4176 0.7995 -0.4318
vn 0.0649 0.7783 -0.6245
vn 0.5311 0.5457 -0.6481
vn 0.8531 0.1643 -0.4952
vn 0.9426 -0.2612 -0.2079
vn 0.7769 -0.6149 0.1348
vn 0.4035 -0.8022 0.4400
vn -0.5585 -0.6089 0.5633
vn -0.0923 -0.8237 0.5595
vn -0.8773 -0.2340 0.4190
vn -0.9653 0.2031 0.1639
vn -0.7975 0.5878 -0.1355
vn -0.4155 0.8168 -0.4001
vn 0.0802 0.8261 -0.5578
vn 0.5556 0.6107 -0.5642
vn 0.8798 0.2286 -0.4167
vn 0.9640 -0.2152 -0.1560
vn 0.7870 -0.5993 0.1461
vn 0.3997 -0.8211 0.4075
vn -0.5780 -0.6767 0.4560
vn -0.1057 -0.8743 0.4738
vn -0.8983 -0.3021 0.3188
vn -0.9834 0.1526 0.0977
vn -0.8085 0.5689 -0.1504
vn -0.4162 0.8350 -0.3598
vn 0.0907 0.8762 -0.4732
vn 0.5745 0.6784 -0.4579
vn 0.9015 0.2947 -0.3170
vn 0.9815 -0.1688 -0.0896
vn 0.7950 -0.5848 0.1609
vn 0.3962 -0.8418 0.3666
vn -0.5879 -0.7497 0.3038
vn -0.1127 -0.9290 0.3524
vn -0.9098 -0.3755 0.1764
vn -0.9952 0.0977 0.0026
vn -0.8187 0.5476 -0.1730
vn -0.4219 0.8541 -0.3041
vn 0.0922 0.9307 -0.3540
vn 0.5836 0.7519 -0.3067
vn 0.9145 0.3650 -0.1743
vn 0.9926 -0.1214 0.0058
vn 0.7997 -0.5718 0.1827
vn 0.3941 -0.8656 0.3088
vn -0.5725 -0.8136 0.1012
vn -0.0980 -0.9778 0.1850
vn -0.8985 -0.4388 -0.0088
vn -0.9918 0.0514 -0.1170
vn -0.8244 0.5312 -0.1953
vn -0.4346 0.8728 -0.2220
vn 0.0773 0.9791 -0.1882
vn 0.5708 0.8147 -0.1017
vn 0.9058 0.4235 0.0131
vn 0.9889 -0.0828 0.1235
vn 0.8025 -0.5623 0.1992
vn 0.4039 -0.8877 0.2211
vn -0.5271 -0.8422 -0.1129
vn -0.0556 -0.9984 0.0001
vn -0.8618 -0.4675 -0.1968
vn -0.9728 0.0306 -0.2296
vn -0.8273 0.5243 -0.2018
vn -0.4578 0.8810 -0.1192
vn 0.0396 0.9992 -0.0030
vn 0.5278 0.8415 0.1145
vn 0.8697 0.4512 0.2001
vn 0.9712 -0.0612 0.2302
vn 0.8089 -0.5535 0.1980
vn 0.4322 -0.8946 0.1136
vn -0.4632 -0.8312 -0.3075
vn 0.0023 -0.9858 -0.1680
vn -0.8082 -0.4605 -0.3670
vn -0.9431 0.0317 -0.3309
vn -0.8297 0.5185 -0.2067
vn -0.4928 0.8697 -0.0258
vn -0.0192 0.9863 0.1635
vn 0.4618 0.8316 0.3085
vn 0.8154 0.4469 0.3679
vn 0.9434 -0.0592 0.3262
vn 0.8145 -0.5458 0.1966
vn 0.4690 -0.8831 0.0158
vn -0.3860 -0.7913 -0.4741
vn 0.0692 -0.9499 -0.3048
vn -0.7402 -0.4265 -0.5197
vn -0.9017 0.0508 -0.4294
vn -0.8258 0.5171 -0.2249
vn -0.5285 0.8479 0.0415
vn -0.0859 0.9505 0.2986
vn 0.3823 0.7927 0.4748
vn 0.7457 0.4164 0.5200
vn 0.9034 -0.0731 0.4225
vn 0.8146 -0.5402 0.2111
vn 0.5081 -0.8595 -0.0550
vn -0.3039 -0.7362 -0.6047
vn 0.1364 -0.9042 -0.4046
vn -0.6641 -0.3756 -0.6464
vn -0.8508 0.0840 -0.5188
vn -0.8136 0.5233 -0.2533
vn -0.5590 0.8251 0.0816
vn -0.1520 0.9053 0.3966
vn 0.2983 0.7386 0.6044
vn 0.6676 0.3691 0.6465
vn 0.8533 -0.1009 0.5115
vn 0.8061 -0.5416 0.2383
vn 0.5426 -0.8344 -0.0970
vn -0.2233 -0.6774 -0.7008
vn 0.1973 -0.8600 -0.4706
vn -0.5845 -0.3172 -0.7468
vn -0.7925 0.1266 -0.5965
vn -0.7919 0.5383 -0.2882
vn -0.5804 0.8083 0.0986
vn -0.2115 0.8618 0.4609
vn 0.2164 0.6812 0.6993
vn 0.5861 0.3140 0.7469
vn 0.7953 -0.1387 0.5901
vn 0.7874 -0.5523 0.2736
vn 0.5674 -0.8154 -0.1147
vn -0.1477 -0.6224 -0.7686
vn 0.2483 -0.8236 -0.5098
vn -0.5039 -0.2576 -0.8244
vn -0.7275 0.1749 -0.6634
vn -0.7596 0.5622 -0.3267
vn -0.5900 0.8014 0.0982
vn -0.2612 0.8264 0.4988
vn 0.1397 0.6276 0.7658
vn 0.5036 0.2574 0.8247
vn 0.7301 -0.1831 0.6584
vn 0.7573 -0.5729 0.3135
vn 0.5799 -0.8065 -0.1145
vn -0.0783 -0.5745 -0.8147
vn 0.2876 -0.7980 -0.5296
vn -0.4225 -0.1998 -0.8840
vn -0.6552 0.2271 -0.7205
vn -0.7154 0.5948 -0.3666
vn -0.5860 0.8057 0.0857
vn -0.2994 0.8018 0.5171
vn 0.0693 0.5814 0.8106
vn 0.4204 0.2024 0.8845
vn 0.6571 -0.2321 0.7171
vn 0.7145 -0.6029 0.3549
vn 0.5783 -0.8094 -0.1020
vn -0.0153 -0.5349 -0.8447
vn 0.3140 -0.7838 -0.5357
vn -0.3394 -0.1453 -0.9293
vn -0.5735 0.2821 -0.7690
vn -0.6568 0.6355 -0.4060
vn -0.5665 0.8215 0.0656
vn -0.3247 0.7890 0.5215
vn 0.0055 0.5440 0.8390
vn 0.3356 0.1506 0.9299
vn 0.5747 -0.2844 0.7673
vn 0.6570 -0.6416 0.3958
vn 0.5607 -0.8239 -0.0819
vn 0.0415 -0.5040 -0.8627
vn 0.3262 -0.7809 -0.5327
vn -0.2530 -0.0947 -0.9628
vn -0.4801 0.3388 -0.8091
vn -0.5809 0.6831 -0.4426
vn -0.5287 0.8478 0.0416
vn -0.3357 0.7876 0.5166
vn -0.0516 0.5158 0.8552
vn 0.2477 0.1031 0.9633
vn 0.4804 -0.3385 0.8091
vn 0.5819 -0.6878 0.4340
vn 0.5247 -0.8492 -0.0582
vn 0.0918 -0.4818 -0.8714
vn 0.3223 -0.7880 -0.5245
vn -0.1617 -0.0491 -0.9856
vn -0.3719 0.3953 -0.8399
vn -0.4842 0.7356 -0.4738
vn -0.4694 0.8828 0.0177
vn -0.3301 0.7966 0.5063
vn -0.1017 0.4967 0.8619
vn 0.1555 0.0611 0.9859
vn 0.3713 -0.3925 0.8415
vn 0.4857 -0.7391 0.4667
vn 0.4672 -0.8834 -0.0346
vn 0.1352 -0.4673 -0.8737
vn 0.2998 -0.8026 -0.5156
vn -0.0643 -0.0100 -0.9979
vn -0.2463 0.4481 -0.8594
vn -0.3637 0.7885 -0.4959
vn -0.3858 0.9226 -0.0014
vn -0.3055 0.8132 0.4953
vn -0.1428 0.4862 0.8621
vn 0.0593 0.0266 0.9979
vn 0.2459 -0.4423 0.8625
vn 0.3654 -0.7912 0.4904
vn 0.3847 -0.9229 -0.0157
vn 0.2117 -0.4469 -0.8691
vn 0.2949 -0.8072 -0.5113
vn 0.0732 0.0282 -0.9969
vn -0.0845 0.4946 -0.8650
vn -0.2206 0.8329 -0.5076
vn -0.2987 0.9542 -0.0152
vn -0.2964 0.8230 0.4845
vn -0.2125 0.4694 0.8570
vn -0.0702 -0.0141 0.9974
vn 0.0905 -0.4957 0.8637
vn 0.2260 -0.8409 0.4917
vn 0.3004 -0.9537 -0.0136
vn 0.3704 -0.4099 -0.8335
vn 0.3551 -0.7927 -0.4956
vn 0.2896 0.0770 -0.9540
vn 0.1341 0.5432 -0.8288
vn -0.0564 0.8702 -0.4895
vn -0.2330 0.9723 -0.0201
vn -0.3484 0.8168 0.4598
vn -0.3692 0.4368 0.8203
vn -0.2871 -0.0687 0.9554
vn -0.1249 -0.5560 0.8217
vn 0.0708 -0.8852 0.4598
vn 0.2462 -0.9689 -0.0237
vn 0.5567 -0.3763 -0.7406
vn 0.4393 -0.7786 -0.4480
vn 0.5293 0.1212 -0.8397
vn 0.3659 0.5867 -0.7224
vn 0.1076 0.9020 -0.4181
vn -0.1807 0.9835 -0.0027
vn -0.4246 0.8037 0.4167
vn -0.5565 0.4030 0.7266
vn -0.5352 -0.1131 0.8371
vn -0.3631 -0.5989 0.7138
vn -0.0902 -0.9154 0.3922
vn 0.2040 -0.9784 -0.0345
vn 0.6912 -0.3659 -0.6231
vn 0.4917 -0.7779 -0.3912
vn 0.7092 0.1393 -0.6911
vn 0.5433 0.6076 -0.5794
vn 0.2358 0.9188 -0.3165
vn -0.1355 0.9903 0.0307
vn -0.4747 0.7980 0.3712
vn -0.6890 0.3877 0.6122
vn -0.7157 -0.1314 0.6859
vn -0.5436 -0.6153 0.5708
vn -0.2213 -0.9283 0.2988
vn 0.1588 -0.9858 -0.0541
vn 0.7632 -0.3727 -0.5278
vn 0.5105 -0.7853 -0.3504
vn 0.8135 0.1365 -0.5653
vn 0.6502 0.6091 -0.4541
vn 0.3160 0.9221 -0.2232
vn -0.1031 0.9924 0.0673
vn -0.4972 0.7981 0.3403
vn -0.7598 0.3876 0.5218
vn -0.8171 -0.1295 0.5618
vn -0.6510 -0.6121 0.4489
vn -0.3070 -0.9273 0.2139
vn 0.1191 -0.9897 -0.0790
vn 0.7898 -0.3851 -0.4772
vn 0.5070 -0.7941 -0.3350
vn 0.8614 0.1255 -0.4921
vn 0.7042 0.6021 -0.3761
vn 0.3602 0.9190 -0.1602
vn -0.0801 0.9919 0.0985
vn -0.5000 0.8002 0.3312
vn -0.7871 0.3934 0.4751
vn -0.8628 -0.1198 0.4911
vn -0.7056 -0.6015 0.3747
vn -0.3574 -0.9207 0.1571
vn 0.0871 -0.9909 -0.1028
vn 0.7872 -0.3961 -0.4727
vn 0.4900 -0.8012 -0.3435
vn 0.8725 0.1150 -0.4748
vn 0.7238 0.5948 -0.3497
vn 0.3815 0.9150 -0.1310
vn -0.0623 0.9905 0.1226
vn -0.4894 0.8015 0.3435
vn -0.7859 0.3987 0.4726
vn -0.8727 -0.1108 0.4755
vn -0.7261 -0.5911 0.3512
vn -0.3845 -0.9135 0.1325
vn 0.0608 -0.9907 -0.1218
vn 0.7609 -0.4028 -0.5087
vn 0.4616 -0.8055 -0.3715
vn 0.8542 0.1092 -0.5083
vn 0.7163 0.5912 -0.3706
vn 0.3855 0.9130 -0.1332
vn -0.0477 0.9890 0.1397
vn -0.4670 0.8008 0.3749
vn -0.7613 0.4002 0.5102
vn -0.8535 -0.1062 0.5101
vn -0.7195 -0.5848 0.3746
vn -0.3937 -0.9086 0.1390
vn 0.0384 -0.9902 -0.1341
vn 0.7078 -0.4046 -0.5790
vn 0.4198 -0.8072 -0.4147
vn 0.8031 0.1090 -0.5857
vn 0.6791 0.5928 -0.4328
vn 0.3710 0.9142 -0.1629
vn -0.0356 0.9880 0.1502
vn -0.4304 0.7977 0.4224
vn -0.7097 0.3970 0.5820
vn -0.8016 -0.1074 0.5881
vn -0.6828 -0.5838 0.4393
vn -0.3833 -0.9071 0.1740
vn 0.0198 -0.9901 -0.1386
vn 0.6203 -0.4027 -0.6730
vn 0.3615 -0.8072 -0.4667
vn 0.7097 0.1136 -0.6952
vn 0.6036 0.5987 -0.5265
vn 0.3327 0.9183 -0.2144
vn -0.0262 0.9877 0.1541
vn -0.3753 0.7931 0.4797
vn -0.6235 0.3904 0.6774
vn -0.7078 -0.1133 0.6973
vn -0.6073 -0.5874 0.5349
vn -0.3472 -0.9087 0.2315
vn 0.0066 -0.9908 -0.1347
vn 0.4945 -0.3997 -0.7718
vn 0.2860 -0.8067 -0.5171
vn 0.5676 0.1193 -0.8146
vn 0.4834 0.6055 -0.6322
vn 0.2666 0.9232 -0.2768
vn -0.0207 0.9883 0.1512
vn -0.3000 0.7892 0.5359
vn -0.4984 0.3838 0.7773
vn -0.5663 -0.1202 0.8154
vn -0.4870 -0.5928 0.6414
vn -0.2802 -0.9121 0.2992
vn 0.0019 -0.9922 -0.1241
vn 0.3392 -0.4005 -0.8512
vn 0.2001 -0.8080 -0.5541
vn 0.3854 0.1204 -0.9148
vn 0.3254 0.6083 -0.7239
vn 0.1762 0.9258 -0.3344
vn -0.0200 0.9896 0.1421
vn -0.2102 0.7895 0.5766
vn -0.3446 0.3831 0.8570
vn -0.3885 -0.1223 0.9133
vn -0.3308 -0.5957 0.7319
vn -0.1864 -0.9145 0.3590
vn 0.0076 -0.9938 -0.1104
vn 0.3071 -0.4067 -0.8604
vn 0.2271 -0.8021 -0.5523
vn 0.3051 0.0969 -0.9474
vn 0.2230 0.5831 -0.7812
vn 0.0887 0.9161 -0.3909
vn -0.0524 0.9919 0.1152
vn -0.1686 0.7966 0.5805
vn -0.2497 0.3974 0.8830
vn -0.2741 -0.1098 0.9554
vn -0.2146 -0.5961 0.7736
vn -0.0795 -0.9195 0.3850
vn 0.0852 -0.9913 -0.0999
vn 0.6444 -0.3391 -0.6854
vn 0.5804 -0.7211 -0.3783
vn 0.5504 0.1265 -0.8252
vn 0.3179 0.5646 -0.7616
vn 0.0082 0.8737 -0.4864
vn 0.5229 0.8367 0.1626
vn 0.6618 0.4773 0.5780
vn 0.6390 0.3369 0.6915
vn 0.1160 -0.1711 0.9784
vn -0.2365 -0.6305 0.7392
vn 0.0721 -0.9040 0.4215
vn 0.3738 -0.9272 0.0220
vn 0.9876 0.0127 -0.1562
vn 0.9163 -0.3734 0.1445
vn 0.8175 0.3953 -0.4188
vn 0.4484 0.6810 -0.5789
vn -0.0234 0.7987 -0.6013
vn -0.3312 0.6617 -0.6727
vn 0.2973 -0.5736 -0.7633
vn 0.2987 -0.6375 -0.7101
vn -0.4045 -0.8914 0.2042
vn -0.3014 -0.7382 0.6035
vn 0.1761 -0.7991 0.5748
vn 0.6214 -0.6680 0.4094
vn 0.8740 0.3763 0.3074
vn 0.8027 -0.0224 0.5959
vn 0.7268 0.6844 -0.0580
vn 0.3898 0.8215 -0.4161
vn -0.0555 0.7260 -0.6854
vn -0.4435 0.3482 -0.8258
vn -0.5433 -0.1930 -0.8170
vn -0.5739 -0.5878 -0.5701
vn -0.6138 -0.7857 -0.0765
vn -0.3386 -0.8385 0.4269
vn 0.1117 -0.7142 0.6909
vn 0.5289 -0.4176 0.7388
vn 0.7089 0.5204 0.4760
vn 0.6417 0.1012 0.7602
vn 0.5903 0.8043 0.0674
vn 0.3156 0.8774 -0.3612
vn -0.0436 0.7153 -0.6974
vn -0.3900 0.3571 -0.8487
vn -0.6290 -0.0993 -0.7710
vn -0.6982 -0.5280 -0.4835
vn -0.5791 -0.8128 -0.0630
vn -0.3012 -0.8768 0.3747
vn 0.0603 -0.7043 0.7073
vn 0.4054 -0.3457 0.8462
vn 0.6342 0.5610 0.5320
vn 0.5737 0.1305 0.8085
vn 0.5262 0.8426 0.1144
vn 0.2783 0.9005 -0.3340
vn -0.0441 0.7183 -0.6943
vn -0.3551 0.3431 -0.8696
vn -0.5710 -0.1252 -0.8113
vn -0.6331 -0.5603 -0.5341
vn -0.5243 -0.8441 -0.1123
vn -0.2738 -0.8997 0.3397
vn 0.0503 -0.7129 0.6994
vn 0.3604 -0.3355 0.8704
vn 0.6026 0.5719 0.5565
vn 0.5506 0.1326 0.8241
vn 0.4938 0.8581 0.1407
vn 0.2532 0.9155 -0.3125
vn -0.0549 0.7288 -0.6825
vn -0.3486 0.3471 -0.8706
vn -0.5492 -0.1278 -0.8258
vn -0.6027 -0.5690 -0.5594
vn -0.4942 -0.8576 -0.1422
vn -0.2525 -0.9154 0.3134
vn 0.0570 -0.7266 0.6846
vn 0.3511 -0.3427 0.8713
vn 0.5949 0.5701 0.5666
vn 0.5535 0.1223 0.8238
vn 0.4769 0.8646 0.1580
vn 0.2317 0.9278 -0.2922
vn -0.0752 0.7437 -0.6643
vn -0.3620 0.3614 -0.8592
vn -0.5524 -0.1175 -0.8252
vn -0.5954 -0.5656 -0.5706
vn -0.4789 -0.8627 -0.1626
vn -0.2335 -0.9282 0.2896
vn 0.0749 -0.7438 0.6642
vn 0.3632 -0.3589 0.8598
vn 0.6052 0.5605 0.5654
vn 0.5774 0.1034 0.8098
vn 0.4702 0.8661 0.1695
vn 0.2097 0.9395 -0.2708
vn -0.1062 0.7626 -0.6381
vn -0.3937 0.3832 -0.8356
vn -0.5766 -0.0981 -0.8111
vn -0.6062 -0.5539 -0.5707
vn -0.4739 -0.8625 -0.1772
vn -0.2141 -0.9402 0.2647
vn 0.1037 -0.7645 0.6361
vn 0.3938 -0.3821 0.8360
vn 0.6328 0.5444 0.5505
vn 0.6234 0.0767 0.7781
vn 0.4715 0.8642 0.1752
vn 0.1843 0.9517 -0.2455
vn -0.1511 0.7859 -0.5996
vn -0.4460 0.4124 -0.7944
vn -0.6229 -0.0700 -0.7792
vn -0.6350 -0.5347 -0.5575
vn -0.4780 -0.8582 -0.1867
vn -0.1925 -0.9526 0.2356
vn 0.1457 -0.7898 0.5957
vn 0.4449 -0.4126 0.7949
vn 0.6804 0.5221 0.5142
vn 0.6958 0.0414 0.7171
vn 0.4806 0.8596 0.1731
vn 0.1525 0.9652 -0.2123
vn -0.2148 0.8144 -0.5391
vn -0.5243 0.4499 -0.7229
vn -0.6961 -0.0323 -0.7172
vn -0.6850 -0.5071 -0.5229
vn -0.4925 -0.8495 -0.1890
vn -0.1672 -0.9658 0.1978
vn 0.2044 -0.8209 0.5332
vn 0.5211 -0.4515 0.7242
vn 0.7493 0.4990 0.4353
vn 0.8012 0.0020 0.5984
vn 0.4938 0.8556 0.1553
vn 0.1091 0.9804 -0.1638
vn -0.3016 0.8467 -0.4383
vn -0.6326 0.4924 -0.5978
vn -0.7989 0.0098 -0.6013
vn -0.7571 -0.4760 -0.4474
vn -0.5162 -0.8383 -0.1750
vn -0.1363 -0.9799 0.1454
vn 0.2841 -0.8575 0.4288
vn 0.6300 -0.4977 0.5962
vn -0.7885 0.4920 -0.3691
vn -0.6700 0.4737 -0.5716
vn -0.8112 -0.0100 -0.5846
vn -0.8865 -0.0043 -0.4628
vn -0.4845 0.8565 -0.1779
vn -0.3600 0.8363 -0.4135
vn -0.0542 0.9966 0.0609
vn 0.0414 0.9878 -0.1499
vn 0.3918 0.8749 0.2845
vn 0.4353 0.8870 0.1537
vn 0.7361 0.5213 0.4317
vn 0.7220 0.5507 0.4188
vn 0.8865 0.0293 0.4618
vn 0.8195 0.0570 0.5701
vn 0.8020 -0.4706 0.3677
vn 0.6882 -0.4607 0.5605
vn 0.5019 -0.8469 0.1757
vn 0.3562 -0.8482 0.3920
vn 0.0613 -0.9961 -0.0639
vn -0.0769 -0.9904 0.1147
vn -0.3992 -0.8706 -0.2875
vn -0.4802 -0.8557 -0.1926
vn -0.7467 -0.5044 -0.4335
vn -0.7450 -0.4947 -0.4475
vn -0.3690 0.3372 -0.8661
vn -0.5841 -0.1113 -0.8040
vn -0.0620 0.7002 -0.7112
vn 0.2612 0.8884 -0.3775
vn 0.5206 0.8520 0.0548
vn 0.6475 0.5925 0.4792
vn 0.6004 0.1661 0.7823
vn 0.3802 -0.3173 0.8688
vn 0.0457 -0.7125 0.7002
vn -0.2981 -0.8960 0.3291
vn -0.5512 -0.8248 -0.1255
vn -0.6523 -0.5349 -0.5369
vn -0.0282 0.0925 -0.9953
vn -0.3296 -0.2982 -0.8957
vn 0.2796 0.4584 -0.8436
vn 0.5180 0.7093 -0.4781
vn 0.6253 0.7802 0.0140
vn 0.5667 0.6472 0.5098
vn 0.3482 0.3377 0.8744
vn 0.0267 -0.0688 0.9973
vn -0.3018 -0.4590 0.8356
vn -0.5411 -0.7187 0.4367
vn -0.6289 -0.7734 -0.0790
vn -0.5494 -0.6158 -0.5647
vn 0.2100 -0.1332 -0.9686
vn -0.1567 -0.4700 -0.8686
vn 0.5219 0.2366 -0.8195
vn 0.7006 0.5463 -0.4589
vn 0.6976 0.7161 0.0244
vn 0.5071 0.6977 0.5060
vn 0.1745 0.4908 0.8536
vn -0.2091 0.1480 0.9666
vn -0.5343 -0.2373 0.8112
vn -0.7097 -0.5571 0.4312
vn -0.6897 -0.7210 -0.0658
vn -0.4856 -0.6866 -0.5410
vn 0.3424 -0.2888 -0.8940
vn -0.0636 -0.5869 -0.8071
vn 0.6585 0.0839 -0.7478
vn 0.8035 0.4353 -0.4060
vn 0.7374 0.6740 0.0445
vn 0.4734 0.7346 0.4860
vn 0.0790 0.5972 0.7982
vn -0.3390 0.2960 0.8930
vn -0.6641 -0.0872 0.7425
vn -0.8061 -0.4462 0.3886
vn -0.7281 -0.6819 -0.0699
vn -0.4551 -0.7319 -0.5072
vn 0.4176 -0.3949 -0.8183
vn -0.0119 -0.6657 -0.7461
vn 0.7370 -0.0208 -0.6756
vn 0.8631 0.3592 -0.3549
vn 0.7612 0.6456 0.0608
vn 0.4552 0.7610 0.4622
vn 0.0245 0.6715 0.7406
vn -0.4142 0.3989 0.8181
vn -0.7402 0.0170 0.6721
vn -0.8637 -0.3692 0.3430
vn -0.7526 -0.6539 -0.0780
vn -0.4399 -0.7613 -0.4763
vn 0.4657 -0.4751 -0.7465
vn 0.0206 -0.7249 -0.6885
vn 0.7876 -0.1005 -0.6079
vn 0.9022 0.3011 -0.3086
vn 0.7778 0.6241 0.0734
vn 0.4448 0.7815 0.4373
vn -0.0096 0.7288 0.6847
vn -0.4627 0.4779 0.7467
vn -0.7901 0.0965 0.6053
vn -0.9021 -0.3107 0.2994
vn -0.7696 -0.6325 -0.0866
vn -0.4312 -0.7833 -0.4478
vn 0.5007 -0.5436 -0.6735
vn 0.0443 -0.7754 -0.6299
vn 0.8248 -0.1688 -0.5396
vn 0.9315 0.2511 -0.2631
vn 0.7913 0.6056 0.0841
vn 0.4387 0.7995 0.4103
vn -0.0335 0.7783 0.6269
vn -0.4979 0.5457 0.6739
vn -0.8271 0.1643 0.5374
vn -0.9310 -0.2612 0.2549
vn -0.7827 -0.6149 -0.0957
vn -0.4250 -0.8022 -0.4192
vn 0.5295 -0.6089 -0.5906
vn 0.0641 -0.8237 -0.5634
vn 0.8552 -0.2340 -0.4624
vn 0.9559 0.2031 -0.2121
vn 0.8033 0.5878 0.0953
vn 0.4351 0.8168 0.3787
vn -0.0521 0.8261 0.5611
vn -0.5266 0.6107 0.5914
vn -0.8578 0.2286 0.4603
vn -0.9550 -0.2152 0.2041
vn -0.7934 -0.5993 -0.1064
vn -0.4196 -0.8211 -0.3869
vn 0.5544 -0.6767 -0.4844
vn 0.0818 -0.8743 -0.4785
vn 0.8812 -0.3021 -0.3635
vn 0.9773 0.1526 -0.1469
vn 0.8150 0.5689 0.1096
vn 0.4337 0.8350 0.3385
vn -0.0669 0.8762 0.4772
vn -0.5509 0.6784 0.4861
vn -0.8844 0.2947 0.3618
vn -0.9758 -0.1688 0.1387
vn -0.8021 -0.5848 -0.1208
vn -0.4141 -0.8418 -0.3463
vn 0.5719 -0.7497 -0.3329
vn 0.0949 -0.9290 -0.3576
vn 0.8999 -0.3755 -0.2218
vn 0.9938 0.0977 -0.0526
vn 0.8263 0.5476 0.1317
vn 0.4366 0.8541 0.2826
vn -0.0743 0.9307 0.3582
vn -0.5675 0.7519 0.3356
vn -0.9046 0.3650 0.2200
vn -0.9916 -0.1214 0.0440
vn -0.8079 -0.5718 -0.1424
vn -0.4091 -0.8656 -0.2887
vn 0.5667 -0.8136 -0.1298
vn 0.0886 -0.9778 -0.1897
vn 0.8979 -0.4388 -0.0363
vn 0.9964 0.0514 0.0671
vn 0.8332 0.5312 0.1537
vn 0.4452 0.8728 0.1999
vn -0.0678 0.9791 0.1918
vn -0.5650 0.8147 0.1302
vn -0.9053 0.4235 0.0323
vn -0.9938 -0.0828 -0.0738
vn -0.8115 -0.5623 -0.1587
vn -0.4144 -0.8877 -0.2006
vn 0.5321 -0.8422 0.0864
vn 0.0555 -0.9984 -0.0029
vn 0.8706 -0.4675 0.1533
vn 0.9831 0.0306 0.1805
vn 0.8363 0.5243 0.1601
vn 0.4632 0.8810 0.0961
vn -0.0394 0.9992 0.0049
vn -0.5329 0.8416 -0.0879
vn -0.8786 0.4512 -0.1562
vn -0.9815 -0.0612 -0.1812
vn -0.8178 -0.5535 -0.1572
vn -0.4373 -0.8946 -0.0918
vn 0.4781 -0.8312 0.2839
vn 0.0061 -0.9858 0.1679
vn 0.8256 -0.4605 0.3261
vn 0.9585 0.0317 0.2831
vn 0.8390 0.5185 0.1648
vn 0.4935 0.8697 0.0010
vn 0.0110 0.9863 -0.1643
vn -0.4767 0.8316 -0.2849
vn -0.8328 0.4469 -0.3266
vn -0.9586 -0.0592 -0.2785
vn -0.8233 -0.5458 -0.1556
vn -0.4692 -0.8831 0.0077
vn 0.4093 -0.7913 0.4541
vn -0.0538 -0.9499 0.3079
vn 0.7654 -0.4265 0.4819
vn 0.9221 0.0508 0.3836
vn 0.8361 0.5171 0.1832
vn 0.5258 0.8479 -0.0680
vn 0.0708 0.9505 -0.3026
vn -0.4056 0.7927 -0.4550
vn -0.7709 0.4165 -0.4819
vn -0.9235 -0.0731 -0.3766
vn -0.8242 -0.5402 -0.1700
vn -0.5047 -0.8595 0.0804
vn 0.3338 -0.7361 0.5887
vn -0.1160 -0.9042 0.4109
vn 0.6957 -0.3756 0.6123
vn 0.8757 0.0840 0.4754
vn 0.8253 0.5233 0.2122
vn 0.5542 0.8251 -0.1095
vn 0.1319 0.9053 -0.4037
vn -0.3283 0.7386 -0.5887
vn -0.6992 0.3691 -0.6122
vn -0.8779 -0.1009 -0.4680
vn -0.8171 -0.5416 -0.1975
vn -0.5370 -0.8344 0.1241
vn 0.2582 -0.6774 0.6887
vn -0.1735 -0.8600 0.4799
vn 0.6212 -0.3172 0.7165
vn 0.8214 0.1266 0.5560
vn 0.8054 0.5383 0.2481
vn 0.5747 0.8083 -0.1275
vn 0.1881 0.8618 -0.4709
vn -0.2512 0.6812 -0.6876
vn -0.6228 0.3140 -0.7165
vn -0.8239 -0.1387 -0.5495
vn -0.8002 -0.5523 -0.2338
vn -0.5609 -0.8154 0.1431
vn 0.1861 -0.6224 0.7602
vn -0.2224 -0.8236 0.5217
vn 0.5446 -0.2576 0.7981
vn 0.7599 0.1749 0.6260
vn 0.7751 0.5622 0.2882
vn 0.5843 0.8014 -0.1276
vn 0.2358 0.8264 -0.5112
vn -0.1779 0.6276 -0.7579
vn -0.5443 0.2574 -0.7984
vn -0.7622 -0.1831 -0.6209
vn -0.7721 -0.5729 -0.2751
vn -0.5735 -0.8065 0.1435
vn 0.1191 -0.5745 0.8098
vn -0.2607 -0.7980 0.5434
vn 0.4663 -0.1998 0.8617
vn 0.6905 0.2271 0.6867
vn 0.7328 0.5948 0.3303
vn 0.5810 0.8057 -0.1150
vn 0.2730 0.8018 -0.5314
vn -0.1099 0.5814 -0.8061
vn -0.4642 0.2024 -0.8623
vn -0.6923 -0.2321 -0.6833
vn -0.7314 -0.6029 -0.3186
vn -0.5725 -0.8094 0.1309
vn 0.0576 -0.5349 0.8429
vn -0.2868 -0.7838 0.5508
vn 0.3856 -0.1453 0.9112
vn 0.6114 0.2821 0.7393
vn 0.6763 0.6355 0.3725
vn 0.5625 0.8215 -0.0939
vn 0.2981 0.7890 -0.5372
vn -0.0476 0.5440 -0.8377
vn -0.3818 0.1506 -0.9119
vn -0.6125 -0.2844 -0.7375
vn -0.6760 -0.6416 -0.3623
vn -0.5559 -0.8239 0.1100
vn 0.0018 -0.5040 0.8636
vn -0.2991 -0.7809 0.5484
vn 0.3009 -0.0946 0.9489
vn 0.5200 0.3388 0.7841
vn 0.6023 0.6831 0.4129
vn 0.5259 0.8478 -0.0680
vn 0.3094 0.7876 -0.5328
vn 0.0087 0.5158 -0.8567
vn -0.2957 0.1031 -0.9497
vn -0.5204 -0.3385 -0.7840
vn -0.6029 -0.6878 -0.4042
vn -0.5212 -0.8492 0.0844
vn -0.0480 -0.4818 0.8749
vn -0.2956 -0.7880 0.5400
vn 0.2110 -0.0491 0.9762
vn 0.4135 0.3953 0.8202
vn 0.5074 0.7356 0.4489
vn 0.4679 0.8828 -0.0412
vn 0.3043 0.7966 -0.5223
vn 0.0584 0.4967 -0.8659
vn -0.2047 0.0611 -0.9769
vn -0.4131 -0.3925 -0.8218
vn -0.5085 -0.7391 -0.4417
vn -0.4649 -0.8834 0.0580
vn -0.0912 -0.4673 0.8794
vn -0.2736 -0.8026 0.5300
vn 0.1142 -0.0100 0.9934
vn 0.2890 0.4481 0.8459
vn 0.3881 0.7885 0.4770
vn 0.3854 0.9226 -0.0179
vn 0.2803 0.8132 -0.5100
vn 0.0994 0.4862 -0.8681
vn -0.1093 0.0266 -0.9936
vn -0.2889 -0.4423 -0.8491
vn -0.3895 -0.7912 -0.4715
vn -0.3835 -0.9229 0.0350
vn -0.1679 -0.4469 0.8787
vn -0.2689 -0.8072 0.5255
vn -0.0231 0.0282 0.9993
vn 0.1278 0.4946 0.8596
vn 0.2458 0.8329 0.4959
vn 0.2991 0.9542 0.0002
vn 0.2717 0.8230 -0.4988
vn 0.1693 0.4694 -0.8666
vn 0.0201 -0.0141 -0.9997
vn -0.1338 -0.4957 -0.8581
vn -0.2504 -0.8409 -0.4798
vn -0.2994 -0.9537 0.0286
vn -0.3281 -0.4099 0.8511
vn -0.3298 -0.7927 0.5127
vn -0.2413 0.0770 0.9673
vn -0.0923 0.5432 0.8345
vn 0.0809 0.8702 0.4860
vn 0.2337 0.9723 0.0084
vn 0.3249 0.8168 -0.4767
vn 0.3276 0.4368 -0.8378
vn 0.2388 -0.0687 -0.9686
vn 0.0835 -0.5560 -0.8270
vn -0.0938 -0.8852 -0.4556
vn -0.2447 -0.9689 0.0360
vn -0.5188 -0.3763 0.7676
vn -0.4163 -0.7786 0.4695
vn -0.4865 0.1212 0.8652
vn -0.3292 0.5867 0.7398
vn -0.0865 0.9020 0.4230
vn 0.1806 0.9835 -0.0063
vn 0.4032 0.8037 -0.4375
vn 0.5194 0.4030 -0.7535
vn 0.4925 -0.1131 -0.8629
vn 0.3268 -0.5989 -0.7311
vn 0.0704 -0.9154 -0.3962
vn -0.2020 -0.9784 0.0446
vn -0.6591 -0.3659 0.6570
vn -0.4715 -0.7779 0.4154
vn -0.6736 0.1393 0.7258
vn -0.5135 0.6076 0.6059
vn -0.2197 0.9188 0.3279
vn 0.1338 0.9903 -0.0374
vn 0.4555 0.7980 -0.3945
vn 0.6575 0.3877 -0.6460
vn 0.6804 -0.1314 -0.7209
vn 0.5143 -0.6153 -0.5973
vn 0.2060 -0.9283 -0.3095
vn -0.1559 -0.9858 0.0620
vn -0.7358 -0.3727 0.5654
vn -0.4922 -0.7853 0.3755
vn -0.7841 0.1365 0.6054
vn -0.6266 0.6091 0.4861
vn -0.3044 0.9221 0.2387
vn 0.0996 0.9924 -0.0723
vn 0.4795 0.7981 -0.3648
vn 0.7327 0.3876 -0.5593
vn 0.7879 -0.1295 -0.6020
vn 0.6277 -0.6121 -0.4809
vn 0.2959 -0.9273 -0.2290
vn -0.1150 -0.9897 0.0849
vn -0.7649 -0.3851 0.5163
vn -0.4896 -0.7941 0.3600
vn -0.8357 0.1255 0.5347
vn -0.6845 0.6021 0.4110
vn -0.3517 0.9190 0.1780
vn 0.0750 0.9919 -0.1024
vn 0.4828 0.8002 -0.3558
vn 0.7622 0.3934 -0.5139
vn 0.8371 -0.1199 -0.5337
vn 0.6859 -0.6015 -0.4096
vn 0.3490 -0.9207 -0.1748
vn -0.0818 -0.9909 0.1071
vn -0.7625 -0.3961 0.5116
vn -0.4722 -0.8012 0.3676
vn -0.8476 0.1150 0.5180
vn -0.7053 0.5948 0.3856
vn -0.3745 0.9150 0.1500
vn 0.0561 0.9905 -0.1255
vn 0.4716 0.8015 -0.3676
vn 0.7612 0.3987 -0.5115
vn 0.8477 -0.1108 -0.5187
vn 0.7075 -0.5911 -0.3871
vn 0.3774 -0.9135 -0.1517
vn -0.0546 -0.9907 0.1247
vn -0.7344 -0.4028 0.5463
vn -0.4424 -0.8055 0.3942
vn -0.8276 0.1092 0.5506
vn -0.6968 0.5912 0.4060
vn -0.3784 0.9130 0.1523
vn 0.0407 0.9890 -0.1419
vn 0.4476 0.8008 -0.3979
vn 0.7347 0.4002 -0.5477
vn 0.8268 -0.1062 -0.5523
vn 0.6998 -0.5848 -0.4102
vn 0.3862 -0.9086 -0.1586
vn -0.0316 -0.9902 0.1358
vn -0.6778 -0.4046 0.6138
vn -0.3985 -0.8072 0.4353
vn -0.7727 0.1090 0.6253
vn -0.6566 0.5928 0.4664
vn -0.3623 0.9142 0.1813
vn 0.0280 0.9880 -0.1518
vn 0.4087 0.7977 -0.4434
vn 0.6796 0.3970 -0.6168
vn 0.7711 -0.1074 -0.6275
vn 0.6599 -0.5838 -0.4730
vn 0.3741 -0.9071 -0.1930
vn -0.0128 -0.9901 0.1393
vn -0.5858 -0.4027 0.7033
vn -0.3376 -0.8072 0.4842
vn -0.6740 0.1136 0.7299
vn -0.5765 0.5987 0.5561
vn -0.3216 0.9183 0.2308
vn 0.0184 0.9877 -0.1552
vn 0.3508 0.7931 -0.4979
vn 0.5887 0.3904 -0.7078
vn 0.6719 -0.1133 -0.7319
vn 0.5797 -0.5874 -0.5647
vn 0.3351 -0.9087 -0.2487
vn 0.0001 -0.9908 0.1348
vn -0.4552 -0.3997 0.7956
vn -0.2597 -0.8067 0.5308
vn -0.5260 0.1193 0.8420
vn -0.4511 0.6055 0.6556
vn -0.2524 0.9232 0.2898
vn 0.0131 0.9883 -0.1521
vn 0.2727 0.7892 -0.5502
vn 0.4588 0.3838 -0.8014
vn 0.5246 -0.1202 -0.8428
vn 0.4542 -0.5928 -0.6650
vn 0.2648 -0.9121 -0.3129
vn 0.0043 -0.9922 0.1240
vn -0.2961 -0.4005 0.8671
vn -0.1721 -0.8080 0.5635
vn -0.3391 0.1204 0.9330
vn -0.2886 0.6083 0.7393
vn -0.1592 0.9258 0.3428
vn 0.0128 0.9896 -0.1429
vn 0.1810 0.7895 -0.5864
vn 0.3012 0.3831 -0.8732
vn 0.3422 -0.1223 -0.9316
vn 0.2937 -0.5957 -0.7476
vn 0.1681 -0.9145 -0.3679
vn -0.0020 -0.9938 0.1106
vn -0.2636 -0.4067 0.8747
vn -0.1991 -0.8021 0.5629
vn -0.2572 0.0969 0.9615
vn -0.1835 0.5831 0.7914
vn -0.0690 0.9161 0.3949
vn 0.0465 0.9919 -0.1177
vn 0.1393 0.7966 -0.5882
vn 0.2051 0.3974 -0.8944
vn 0.2258 -0.1099 -0.9679
vn 0.1755 -0.5961 -0.7834
vn 0.0601 -0.9195 -0.3885
vn -0.0801 -0.9913 0.1040
vn -0.6092 -0.3391 0.7168
vn -0.5607 -0.7211 0.4070
vn -0.5083 0.1266 0.8518
vn -0.2793 0.5646 0.7766
vn 0.0161 0.8737 0.4862
vn -0.5304 0.8367 -0.1362
vn -0.6899 0.4774 -0.5441
vn -0.6729 0.3369 -0.6585
vn -0.1650 -0.1711 -0.9713
vn 0.1991 -0.6305 -0.7502
vn -0.0932 -0.9040 -0.4173
vn -0.3744 -0.9272 -0.0033
vn -0.9785 0.0127 0.2055
vn -0.9224 -0.3734 -0.0983
vn -0.7954 0.3953 0.4593
vn -0.4188 0.6810 0.6007
vn 0.0535 0.7987 0.5994
vn 0.3645 0.6617 0.6552
vn -0.2586 -0.5736 0.7772
vn -0.2627 -0.6375 0.7242
vn 0.3937 -0.8914 -0.2242
vn 0.2707 -0.7382 -0.6178
vn -0.2047 -0.7991 -0.5653
vn -0.6411 -0.6680 -0.3777
vn -0.8883 0.3763 -0.2632
vn -0.8316 -0.0224 -0.5549
vn -0.7230 0.6844 0.0944
vn -0.3685 0.8215 0.4352
vn 0.0898 0.7260 0.6818
vn 0.4844 0.3482 0.8025
vn 0.5836 -0.1930 0.7888
vn 0.6018 -0.5878 0.5406
vn 0.6169 -0.7857 0.0456
vn 0.3167 -0.8385 -0.4434
vn -0.1462 -0.7142 -0.6844
vn -0.5652 -0.4176 -0.7114
vn -0.7319 0.5204 -0.4398
vn -0.6790 0.1012 -0.7270
vn -0.5929 0.8043 -0.0378
vn -0.2971 0.8774 0.3765
vn 0.0786 0.7153 0.6944
vn 0.4321 0.3571 0.8281
vn 0.6669 -0.0993 0.7384
vn 0.7215 -0.5280 0.4479
vn 0.5816 -0.8128 0.0338
vn 0.2821 -0.8768 -0.3894
vn -0.0957 -0.7043 -0.7034
vn -0.4473 -0.3457 -0.8248
vn -0.6601 0.5610 -0.4995
vn -0.6136 0.1305 -0.7787
vn -0.5313 0.8426 -0.0879
vn -0.2612 0.9005 0.3475
vn 0.0789 0.7183 0.6912
vn 0.3983 0.3431 0.8506
vn 0.6110 -0.1252 0.7817
vn 0.6591 -0.5603 0.5017
vn 0.5293 -0.8441 0.0858
vn 0.2564 -0.8997 -0.3530
vn -0.0853 -0.7129 -0.6960
vn -0.4036 -0.3355 -0.8512
vn -0.6298 0.5719 -0.5256
vn -0.5913 0.1326 -0.7955
vn -0.5002 0.8581 -0.1157
vn -0.2372 0.9155 0.3248
vn 0.0891 0.7288 0.6789
vn 0.3918 0.3471 0.8520
vn 0.5899 -0.1278 0.7972
vn 0.6300 -0.5690 0.5285
vn 0.5007 -0.8576 0.1173
vn 0.2365 -0.9154 -0.3257
vn -0.0913 -0.7266 -0.6809
vn -0.3944 -0.3427 -0.8526
vn -0.6226 0.5701 -0.5360
vn -0.5941 0.1223 -0.7950
vn -0.4843 0.8646 -0.1339
vn -0.2167 0.9278 0.3035
vn 0.1084 0.7437 0.6597
vn 0.4046 0.3614 0.8400
vn 0.5931 -0.1175 0.7965
vn 0.6232 -0.5656 0.5400
vn 0.4864 -0.8627 0.1384
vn 0.2187 -0.9282 -0.3009
vn -0.1081 -0.7438 -0.6596
vn -0.4058 -0.3589 -0.8405
vn -0.6327 0.5605 -0.5343
vn -0.6173 0.1034 -0.7798
vn -0.4781 0.8661 -0.1457
vn -0.1959 0.9395 0.2810
vn 0.1381 0.7625 0.6320
vn 0.4351 0.3832 0.8148
vn 0.6165 -0.0981 0.7812
vn 0.6341 -0.5539 0.5396
vn 0.4822 -0.8625 0.1532
vn 0.2006 -0.9402 -0.2751
vn -0.1355 -0.7645 -0.6301
vn -0.4353 -0.3821 -0.8152
vn -0.6597 0.5444 -0.5181
vn -0.6617 0.0767 -0.7458
vn -0.4797 0.8642 -0.1514
vn -0.1718 0.9517 0.2545
vn 0.1810 0.7859 0.5913
vn 0.4853 0.4124 0.7710
vn 0.6612 -0.0700 0.7469
vn 0.6622 -0.5347 0.5250
vn 0.4868 -0.8582 0.1625
vn 0.1804 -0.9526 -0.2450
vn -0.1754 -0.7898 -0.5877
vn -0.4842 -0.4126 -0.7715
vn -0.7054 0.5221 -0.4794
vn -0.7309 0.0414 -0.6813
vn -0.4887 0.8596 -0.1487
vn -0.1417 0.9652 0.2196
vn 0.2415 0.8144 0.5276
vn 0.5599 0.4499 0.6957
vn 0.7312 -0.0323 0.6814
vn 0.7104 -0.5071 0.4879
vn 0.5013 -0.8495 0.1641
vn 0.1571 -0.9659 -0.2059
vn -0.2309 -0.8209 -0.5223
vn -0.5568 -0.4515 -0.6972
vn -0.7702 0.4990 -0.3972
vn -0.8302 0.0020 -0.5575
vn -0.5010 0.8556 -0.1304
vn -0.1007 0.9804 0.1691
vn 0.3233 0.8467 0.4226
vn 0.6618 0.4924 0.5653
vn 0.8281 0.0098 0.5605
vn 0.7786 -0.4760 0.4089
vn 0.5243 -0.8383 0.1489
vn 0.1289 -0.9799 -0.1521
vn -0.3053 -0.8575 -0.4140
vn -0.6591 -0.4977 -0.5638
s 1
f 1/1/1 13/2/2 24/3/3 12/4/4
f 2/5/5 14/6/6 13/7/2 1/8/1
f 3/9/7 15/10/8 14/6/6 2/5/5
f 4/11/9 16/12/10 15/10/8 3/9/7
f 5/13/11 17/14/12 16/12/10 4/11/9
f 6/15/13 18/16/14 17/14/12 5/13/11
f 7/17/15 19/18/16 18/16/14 6/15/13
f 8/19/17 20/20/18 19/18/16 7/17/15
f 9/21/19 21/22/20 20/20/18 8/19/17
f 10/23/21 22/24/22 21/22/20 9/21/19
f 11/25/23 23/26/24 22/24/22 10/23/21
f 12/4/4 24/3/3 23/26/24 11/25/23
f 13/2/2 25/27/25 36/28/26 24/3/3
f 14/6/6 26/29/27 25/30/25 13/7/2
f 15/10/8 27/31/28 26/29/27 14/6/6
f 16/12/10 28/32/29 27/31/28 15/10/8
f 17/14/12 29/33/30 28/32/29 16/12/10
f 18/16/14 30/34/31 29/33/30 17/14/12
f 19/18/16 31/35/32 30/34/31 18/16/14
f 20/20/18 32/36/33 31/35/32 19/18/16
f 21/22/20 33/37/34 32/36/33 20/20/18
f 22/24/22 34/38/35 33/37/34 21/22/20
f 23/26/24 35/39/36 34/38/35 22/24/22
f 24/3/3 36/28/26 35/39/36 23/26/24
f 25/27/25 37/40/37 48/41/38 36/28/26
f 26/29/27 38/42/39 37/43/37 25/30/25
f 27/31/28 39/44/40 38/42/39 26/29/27
f 28/32/29 40/45/41 39/44/40 27/31/28
f 29/33/30 41/46/42 40/45/41 28/32/29
f 30/34/31 42/47/43 41/46/42 29/33/30
f 31/35/32 43/48/44 42/47/43 30/34/31
f 32/36/33 44/49/45 43/48/44 31/35/32
f 33/37/34 45/50/46 44/49/45 32/36/33
f 34/38/35 46/51/47 45/50/46 33/37/34
f 35/39/36 47/52/48 46/51/47 34/38/35
f 36/28/26 48/41/38 47/52/48 35/39/36
f 37/40/37 49/53/49 60/54/50 48/41/38
f 38/42/39 50/55/51 49/56/49 37/43/37
f 39/44/40 51/57/52 50/55/51 38/42/39
f 40/45/41 52/58/53 51/57/52 39/44/40
f 41/46/42 53/59/54 52/58/53 40/45/41
f 42/47/43 54/60/55 53/59/54 41/46/42
f 43/48/44 55/61/56 54/60/55 42/47/43
f 44/49/45 56/62/57 55/61/56 43/48/44
f 45/50/46 57/63/58 56/62/57 44/49/45
f 46/51/47 58/64/59 57/63/58 45/50/46
f 47/52/48 59/65/60 58/64/59 46/51/47
f 48/41/38 60/54/50 59/65/60 47/52/48
f 49/53/49 61/66/61 72/67/62 60/54/50
f 50/55/51 62/68/63 61/69/61 49/56/49
f 51/57/52 63/70/64 62/68/63 50/55/51
f 52/58/53 64/71/65 63/70/64 51/57/52
f 53/59/54 65/72/66 64/71/65 52/58/53
f 54/60/55 66/73/67 65/72/66 53/59/54
f 55/61/56 67/74/68 66/73/67 54/60/55
f 56/62/57 68/75/69 67/74/68 55/61/56
f 57/63/58 69/76/70 68/75/69 56/62/57
f 58/64/59 70/77/71 69/76/70 57/63/58
f 59/65/60 71/78/72 70/77/71 58/64/59
f 60/54/50 72/67/62 71/78/72 59/65/60
f 61/66/61 73/79/73 84/80/74 72/67/62
f 62/68/63 74/81/75 73/82/73 61/69/61
f 63/70/64 75/83/76 74/81/75 62/68/63
f 64/71/65 76/84/77 75/83/76 63/70/64
f 65/72/66 77/85/78 76/84/77 64/71/65
f 66/73/67 78/86/79 77/85/78 65/72/66
f 67/74/68 79/87/80 78/86/79 66/73/67
f 68/75/69 80/88/81 79/87/80 67/74/68
f 69/76/70 81/89/82 80/88/81 68/75/69
f 70/77/71 82/90/83 81/89/82 69/76/70
f 71/78/72 83/91/84 82/90/83 70/77/71
f 72/67/62 84/80/74 83/91/84 71/78/72
f 73/79/73 85/92/85 96/93/86 84/80/74
f 74/81/75 86/94/87 85/95/85 73/82/73
f 75/83/76 87/96/88 86/94/87 74/81/75
f 76/84/77 88/97/89 87/96/88 75/83/76
f 77/85/78 89/98/90 88/97/89 76/84/77
f 78/86/79 90/99/91 89/98/90 77/85/78
f 79/87/80 91/100/92 90/99/91 78/86/79
f 80/88/81 92/101/93 91/100/92 79/87/80
f 81/89/82 93/102/94 92/101/93 80/88/81
f 82/90/83 94/103/95 93/102/94 81/89/82
f 83/91/84 95/104/96 94/103/95 82/90/83
f 84/80/74 96/93/86 95/104/96 83/91/84
f 85/92/85 97/105/97 108/106/98 96/93/86
f 86/94/87 98/107/99 97/108/97 85/95/85
f 87/96/88 99/109/100 98/107/99 86/94/87
f 88/97/89 100/110/101 99/109/100 87/96/88
f 89/98/90 101/111/102 100/110/101 88/97/89
f 90/99/91 102/112/103 101/111/102 89/98/90
f 91/100/92 103/113/104 102/112/103 90/99/91
f 92/101/93 104/114/105 103/113/104 91/100/92
f 93/102/94 105/115/106 104/114/105 92/101/93
f 94/103/95 106/116/107 105/115/106 93/102/94
f 95/104/96 107/117/108 106/116/107 94/103/95
f 96/93/86 108/106/98 107/117/108 95/104/96
f 97/105/97 109/118/109 120/119/110 108/106/98
f 98/107/99 110/120/111 109/121/109 97/108/97
f 99/109/100 111/122/112 110/120/111 98/107/99
f 100/110/101 112/123/113 111/122/112 99/109/100
f 101/111/102 113/124/114 112/123/113 100/110/101
f 102/112/103 114/125/115 113/124/114 101/111/102
f 103/113/104 115/126/116 114/125/115 102/112/103
f 104/114/105 116/127/117 115/126/116 103/113/104
f 105/115/106 117/128/118 116/127/117 104/114/105
f 106/116/107 118/129/119 117/128/118 105/115/106
f 107/117/108 119/130/120 118/129/119 106/116/107
f 108/106/98 120/119/110 119/130/120 107/117/108
f 109/118/109 121/131/121 132/132/122 120/119/110
f 110/120/111 122/133/123 121/134/121 109/121/109
f 111/122/112 123/135/124 122/133/123 110/120/111
f 112/123/113 124/136/125 123/135/124 111/122/112
f 113/124/114 125/137/126 124/136/125 112/123/113
f 114/125/115 126/138/127 125/137/126 113/124/114
f 115/126/116 127/139/128 126/138/127 114/125/115
f 116/127/117 128/140/129 127/139/128 115/126/116
f 117/128/118 129/141/130 128/140/129 116/127/117
f 118/129/119 130/142/131 129/141/130 117/128/118
f 119/130/120 131/143/132 130/142/131 118/129/119
f 120/119/110 132/132/122 131/143/132 119/130/120
f 121/131/121 133/144/133 144/145/134 132/132/122
f 122/133/123 134/146/135 133/147/133 121/134/121
f 123/135/124 135/148/136 134/146/135 122/133/123
f 124/136/125 136/149/137 135/148/136 123/135/124
f 125/137/126 137/150/138 136/149/137 124/136/125
f 126/138/127 138/151/139 137/150/138 125/137/126
f 127/139/128 139/152/140 138/151/139 126/138/127
f 128/140/129 140/153/141 139/152/140 127/139/128
f 129/141/130 141/154/142 140/153/141 128/140/129
f 130/142/131 142/155/143 141/154/142 129/141/130
f 131/143/132 143/156/144 142/155/143 130/142/131
f 132/132/122 144/145/134 143/156/144 131/143/132
f 133/144/133 145/157/145 156/158/146 144/145/134
f 134/146/135 146/159/147 145/160/145 133/147/133
f 135/148/136 147/161/148 146/159/147 134/146/135
f 136/149/137 148/162/149 147/161/148 135/148/136
f 137/150/138 149/163/150 148/162/149 136/149/137
f 138/151/139 150/164/151 149/163/150 137/150/138
f 139/152/140 151/165/152 150/164/151 138/151/139
f 140/153/141 152/166/153 151/165/152 139/152/140
f 141/154/142 153/167/154 152/166/153 140/153/141
f 142/155/143 154/168/155 153/167/154 141/154/142
f 143/156/144 155/169/156 154/168/155 142/155/143
f 144/145/134 156/158/146 155/169/156 143/156/144
f 145/157/145 157/170/157 168/171/158 156/158/146
f 146/159/147 158/172/159 157/173/157 145/160/145
f 147/161/148 159/174/160 158/172/159 146/159/147
f 148/162/149 160/175/161 159/174/160 147/161/148
f 149/163/150 161/176/162 160/175/161 148/162/149
f 150/164/151 162/177/163 161/176/162 149/163/150
f 151/165/152 163/178/164 162/177/163 150/164/151
f 152/166/153 164/179/165 163/178/164 151/165/152
f 153/167/154 165/180/166 164/179/165 152/166/153
f 154/168/155 166/181/167 165/180/166 153/167/154
f 155/169/156 167/182/168 166/181/167 154/168/155
f 156/158/146 168/171/158 167/182/168 155/169/156
f 157/170/157 169/183/169 180/184/170 168/171/158
f 158/172/159 170/185/171 169/186/169 157/173/157
f 159/174/160 171/187/172 170/185/171 158/172/159
f 160/175/161 172/188/173 171/187/172 159/174/160
f 161/176/162 173/189/174 172/188/173 160/175/161
f 162/177/163 174/190/175 173/189/174 161/176/162
f 163/178/164 175/191/176 174/190/175 162/177/163
f 164/179/165 176/192/177 175/191/176 163/178/164
f 165/180/166 177/193/178 176/192/177 164/179/165
f 166/181/167 178/194/179 177/193/178 165/180/166
f 167/182/168 179/195/180 178/194/179 166/181/167
f 168/171/158 180/184/170 179/195/180 167/182/168
f 169/183/169 181/196/181 192/197/182 180/184/170
f 170/185/171 182/198/183 181/199/181 169/186/169
f 171/187/172 183/200/184 182/198/183 170/185/171
f 172/188/173 184/201/185 183/200/184 171/187/172
f 173/189/174 185/202/186 184/201/185 172/188/173
f 174/190/175 186/203/187 185/202/186 173/189/174
f 175/191/176 187/204/188 186/203/187 174/190/175
f 176/192/177 188/205/189 187/204/188 175/191/176
f 177/193/178 189/206/190 188/205/189 176/192/177
f 178/194/179 190/207/191 189/206/190 177/193/178
f 179/195/180 191/208/192 190/207/191 178/194/179
f 180/184/170 192/197/182 191/208/192 179/195/180
f 181/196/181 193/209/193 204/210/194 192/197/182
f 182/198/183 194/211/195 193/212/193 181/199/181
f 183/200/184 195/213/196 194/211/195 182/198/183
f 184/201/185 196/214/197 195/213/196 183/200/184
f 185/202/186 197/215/198 196/214/197 184/201/185
f 186/203/187 198/216/199 197/215/198 185/202/186
f 187/204/188 199/217/200 198/216/199 186/203/187
f 188/205/189 200/218/201 199/217/200 187/204/188
f 189/206/190 201/219/202 200/218/201 188/205/189
f 190/207/191 202/220/203 201/219/202 189/206/190
f 191/208/192 203/221/204 202/220/203 190/207/191
f 192/197/182 204/210/194 203/221/204 191/208/192
f 193/209/193 205/222/205 216/223/206 204/210/194
f 194/211/195 206/224/207 205/225/205 193/212/193
f 195/213/196 207/226/208 206/224/207 194/211/195
f 196/214/197 208/227/209 207/226/208 195/213/196
f 197/215/198 209/228/210 208/227/209 196/214/197
f 198/216/199 210/229/211 209/228/210 197/215/198
f 199/217/200 211/230/212 210/229/211 198/216/199
f 200/218/201 212/231/213 211/230/212 199/217/200
f 201/219/202 213/232/214 212/231/213 200/218/201
f 202/220/203 214/233/215 213/232/214 201/219/202
f 203/221/204 215/234/216 214/233/215 202/220/203
f 204/210/194 216/223/206 215/234/216 203/221/204
f 205/222/205 217/235/217 228/236/218 216/223/206
f 206/224/207 218/237/219 217/238/217 205/225/205
f 207/226/208 219/239/220 218/237/219 206/224/207
f 208/227/209 220/240/221 219/239/220 207/226/208
f 209/228/210 221/241/222 220/240/221 208/227/209
f 210/229/211 222/242/223 221/241/222 209/228/210
f 211/230/212 223/243/224 222/242/223 210/229/211
f 212/231/213 224/244/225 223/243/224 211/230/212
f 213/232/214 225/245/226 224/244/225 212/231/213
f 214/233/215 226/246/227 225/245/226 213/232/214
f 215/234/216 227/247/228 226/246/227 214/233/215
f 216/223/206 228/236/218 227/247/228 215/234/216
f 217/235/217 229/248/229 240/249/230 228/236/218
f 218/237/219 230/250/231 229/251/229 217/238/217
f 219/239/220 231/252/232 230/250/231 218/237/219
f 220/240/221 232/253/233 231/252/232 219/239/220
f 221/241/222 233/254/234 232/253/233 220/240/221
f 222/242/223 234/255/235 233/254/234 221/241/222
f 223/243/224 235/256/236 234/255/235 222/242/223
f 224/244/225 236/257/237 235/256/236 223/243/224
f 225/245/226 237/258/238 236/257/237 224/244/225
f 226/246/227 238/259/239 237/258/238 225/245/226
f 227/247/228 239/260/240 238/259/239 226/246/227
f 228/236/218 240/249/230 239/260/240 227/247/228
f 229/248/229 241/261/241 252/262/242 240/249/230
f 230/250/231 242/263/243 241/264/241 229/251/229
f 231/252/232 243/265/244 242/263/243 230/250/231
f 232/253/233 244/266/245 243/265/244 231/252/232
f 233/254/234 245/267/246 244/266/245 232/253/233
f 234/255/235 246/268/247 245/267/246 233/254/234
f 235/256/236 247/269/248 246/268/247 234/255/235
f 236/257/237 248/270/249 247/269/248 235/256/236
f 237/258/238 249/271/250 248/270/249 236/257/237
f 238/259/239 250/272/251 249/271/250 237/258/238
f 239/260/240 251/273/252 250/272/251 238/259/239
f 240/249/230 252/262/242 251/273/252 239/260/240
f 241/261/241 253/274/253 264/275/254 252/262/242
f 242/263/243 254/276/255 253/277/253 241/264/241
f 243/265/244 255/278/256 254/276/255 242/263/243
f 244/266/245 256/279/257 255/278/256 243/265/244
f 245/267/246 257/280/258 256/279/257 244/266/245
f 246/268/247 258/281/259 257/280/258 245/267/246
f 247/269/248 259/282/260 258/281/259 246/268/247
f 248/270/249 260/283/261 259/282/260 247/269/248
f 249/271/250 261/284/262 260/283/261 248/270/249
f 250/272/251 262/285/263 261/284/262 249/271/250
f 251/273/252 263/286/264 262/285/263 250/272/251
f 252/262/242 264/275/254 263/286/264 251/273/252
f 253/274/253 265/287/265 276/288/266 264/275/254
f 254/276/255 266/289/267 265/290/265 253/277/253
f 255/278/256 267/291/268 266/289/267 254/276/255
f 256/279/257 268/292/269 267/291/268 255/278/256
f 257/280/258 269/293/270 268/292/269 256/279/257
f 258/281/259 270/294/271 269/293/270 257/280/258
f 259/282/260 271/295/272 270/294/271 258/281/259
f 260/283/261 272/296/273 271/295/272 259/282/260
f 261/284/262 273/297/274 272/296/273 260/283/261
f 262/285/263 274/298/275 273/297/274 261/284/262
f 263/286/264 275/299/276 274/298/275 262/285/263
f 264/275/254 276/288/266 275/299/276 263/286/264
f 265/287/265 277/300/277 288/301/278 276/288/266
f 266/289/267 278/302/279 277/303/277 265/290/265
f 267/291/268 279/304/280 278/302/279 266/289/267
f 268/292/269 280/305/281 279/304/280 267/291/268
f 269/293/270 281/306/282 280/305/281 268/292/269
f 270/294/271 282/307/283 281/306/282 269/293/270
f 271/295/272 283/308/284 282/307/283 270/294/271
f 272/296/273 284/309/285 283/308/284 271/295/272
f 273/297/274 285/310/286 284/309/285 272/296/273
f 274/298/275 286/311/287 285/310/286 273/297/274
f 275/299/276 287/312/288 286/311/287 274/298/275
f 276/288/266 288/301/278 287/312/288 275/299/276
f 277/300/277 289/313/289 300/314/290 288/301/278
f 278/302/279 290/315/291 289/316/289 277/303/277
f 279/304/280 291/317/292 290/315/291 278/302/279
f 280/305/281 292/318/293 291/317/292 279/304/280
f 281/306/282 293/319/294 292/318/293 280/305/281
f 282/307/283 294/320/295 293/319/294 281/306/282
f 283/308/284 295/321/296 294/320/295 282/307/283
f 284/309/285 296/322/297 295/321/296 283/308/284
f 285/310/286 297/323/298 296/322/297 284/309/285
f 286/311/287 298/324/299 297/323/298 285/310/286
f 287/312/288 299/325/300 298/324/299 286/311/287
f 288/301/278 300/314/290 299/325/300 287/312/288
f 289/313/289 301/326/301 312/327/302 300/314/290
f 290/315/291 302/328/303 301/329/301 289/316/289
f 291/317/292 303/330/304 302/328/303 290/315/291
f 292/318/293 304/331/305 303/330/304 291/317/292
f 293/319/294 305/332/306 304/331/305 292/318/293
f 294/320/295 306/333/307 305/332/306 293/319/294
f 295/321/296 307/334/308 306/333/307 294/320/295
f 296/322/297 308/335/309 307/334/308 295/321/296
f 297/323/298 309/336/310 308/335/309 296/322/297
f 298/324/299 310/337/311 309/336/310 297/323/298
f 299/325/300 311/338/312 310/337/311 298/324/299
f 300/314/290 312/327/302 311/338/312 299/325/300
f 301/326/301 313/339/313 324/340/314 312/327/302
f 302/328/303 314/341/315 313/342/313 301/329/301
f 303/330/304 315/343/316 314/341/315 302/328/303
f 304/331/305 316/344/317 315/343/316 303/330/304
f 305/332/306 317/345/318 316/344/317 304/331/305
f 306/333/307 318/346/319 317/345/318 305/332/306
f 307/334/308 319/347/320 318/346/319 306/333/307
f 308/335/309 320/348/321 319/347/320 307/334/308
f 309/336/310 321/349/322 320/348/321 308/335/309
f 310/337/311 322/350/323 321/349/322 309/336/310
f 311/338/312 323/351/324 322/350/323 310/337/311
f 312/327/302 324/340/314 323/351/324 311/338/312
f 313/339/313 325/352/325 336/353/326 324/340/314
f 314/341/315 326/354/327 325/355/325 313/342/313
f 315/343/316 327/356/328 326/354/327 314/341/315
f 316/344/317 328/357/329 327/356/328 315/343/316
f 317/345/318 329/358/330 328/357/329 316/344/317
f 318/346/319 330/359/331 329/358/330 317/345/318
f 319/347/320 331/360/332 330/359/331 318/346/319
f 320/348/321 332/361/333 331/360/332 319/347/320
f 321/349/322 333/362/334 332/361/333 320/348/321
f 322/350/323 334/363/335 333/362/334 321/349/322
f 323/351/324 335/364/336 334/363/335 322/350/323
f 324/340/314 336/353/326 335/364/336 323/351/324
f 325/352/325 337/365/337 348/366/338 336/353/326
f 326/354/327 338/367/339 337/368/337 325/355/325
f 327/356/328 339/369/340 338/367/339 326/354/327
f 328/357/329 340/370/341 339/369/340 327/356/328
f 329/358/330 341/371/342 340/370/341 328/357/329
f 330/359/331 342/372/343 341/371/342 329/358/330
f 331/360/332 343/373/344 342/372/343 330/359/331
f 332/361/333 344/374/345 343/373/344 331/360/332
f 333/362/334 345/375/346 344/374/345 332/361/333
f 334/363/335 346/376/347 345/375/346 333/362/334
f 335/364/336 347/377/348 346/376/347 334/363/335
f 336/353/326 348/366/338 347/377/348 335/364/336
f 337/365/337 349/378/349 360/379/350 348/366/338
f 338/367/339 350/380/351 349/381/349 337/368/337
f 339/369/340 351/382/352 350/380/351 338/367/339
f 340/370/341 352/383/353 351/382/352 339/369/340
f 341/371/342 353/384/354 352/383/353 340/370/341
f 342/372/343 354/385/355 353/384/354 341/371/342
f 343/373/344 355/386/356 354/385/355 342/372/343
f 344/374/345 356/387/357 355/386/356 343/373/344
f 345/375/346 357/388/358 356/387/357 344/374/345
f 346/376/347 358/389/359 357/388/358 345/375/346
f 347/377/348 359/390/360 358/389/359 346/376/347
f 348/366/338 360/379/350 359/390/360 347/377/348
f 349/378/349 361/391/361 372/392/362 360/379/350
f 350/380/351 362/393/363 361/394/361 349/381/349
f 351/382/352 363/395/364 362/393/363 350/380/351
f 352/383/353 364/396/365 363/395/364 351/382/352
f 353/384/354 365/397/366 364/396/365 352/383/353
f 354/385/355 366/398/367 365/397/366 353/384/354
f 355/386/356 367/399/368 366/398/367 354/385/355
f 356/387/357 368/400/369 367/399/368 355/386/356
f 357/388/358 369/401/370 368/400/369 356/387/357
f 358/389/359 370/402/371 369/401/370 357/388/358
f 359/390/360 371/403/372 370/402/371 358/389/359
f 360/379/350 372/392/362 371/403/372 359/390/360
f 361/391/361 373/404/373 384/405/374 372/392/362
f 362/393/363 374/406/375 373/407/373 361/394/361
f 363/395/364 375/408/376 374/406/375 362/393/363
f 364/396/365 376/409/377 375/408/376 363/395/364
f 365/397/366 377/410/378 376/409/377 364/396/365
f 366/398/367 378/411/379 377/410/378 365/397/366
f 367/399/368 379/412/380 378/411/379 366/398/367
f 368/400/369 380/413/381 379/412/380 367/399/368
f 369/401/370 381/414/382 380/413/381 368/400/369
f 370/402/371 382/415/383 381/414/382 369/401/370
f 371/403/372 383/416/384 382/415/383 370/402/371
f 372/392/362 384/405/374 383/416/384 371/403/372
f 373/404/373 385/417/385 396/418/386 384/405/374
f 374/406/375 386/419/387 385/420/385 373/407/373
f 375/408/376 387/421/388 386/419/387 374/406/375
f 376/409/377 388/422/389 387/421/388 375/408/376
f 377/410/378 389/423/390 388/422/389 376/409/377
f 378/411/379 390/424/391 389/423/390 377/410/378
f 379/412/380 391/425/392 390/424/391 378/411/379
f 380/413/381 392/426/393 391/425/392 379/412/380
f 381/414/382 393/427/394 392/426/393 380/413/381
f 382/415/383 394/428/395 393/427/394 381/414/382
f 383/416/384 395/429/396 394/428/395 382/415/383
f 384/405/374 396/418/386 395/429/396 383/416/384
f 385/417/385 397/430/397 408/431/398 396/418/386
f 386/419/387 398/432/399 397/433/397 385/420/385
f 387/421/388 399/434/400 398/432/399 386/419/387
f 388/422/389 400/435/401 399/434/400 387/421/388
f 389/423/390 401/436/402 400/435/401 388/422/389
f 390/424/391 402/437/403 401/436/402 389/423/390
f 391/425/392 403/438/404 402/437/403 390/424/391
f 392/426/393 404/439/405 403/438/404 391/425/392
f 393/427/394 405/440/406 404/439/405 392/426/393
f 394/428/395 406/441/407 405/440/406 393/427/394
f 395/429/396 407/442/408 406/441/407 394/428/395
f 396/418/386 408/431/398 407/442/408 395/429/396
f 397/430/397 409/443/409 420/444/410 408/431/398
f 398/432/399 410/445/411 409/446/409 397/433/397
f 399/434/400 411/447/412 410/445/411 398/432/399
f 400/435/401 412/448/413 411/447/412 399/434/400
f 401/436/402 413/449/414 412/448/413 400/435/401
f 402/437/403 414/450/415 413/449/414 401/436/402
f 403/438/404 415/451/416 414/450/415 402/437/403
f 404/439/405 416/452/417 415/451/416 403/438/404
f 405/440/406 417/453/418 416/452/417 404/439/405
f 406/441/407 418/454/419 417/453/418 405/440/406
f 407/442/408 419/455/420 418/454/419 406/441/407
f 408/431/398 420/444/410 419/455/420 407/442/408
f 409/443/409 421/456/421 432/457/422 420/444/410
f 410/445/411 422/458/423 421/459/421 409/446/409
f 411/447/412 423/460/424 422/458/423 410/445/411
f 412/448/413 424/461/425 423/460/424 411/447/412
f 413/449/414 425/462/426 424/461/425 412/448/413
f 414/450/415 426/463/427 425/462/426 413/449/414
f 415/451/416 427/464/428 426/463/427 414/450/415
f 416/452/417 428/465/429 427/464/428 415/451/416
f 417/453/418 429/466/430 428/465/429 416/452/417
f 418/454/419 430/467/431 429/466/430 417/453/418
f 419/455/420 431/468/432 430/467/431 418/454/419
f 420/444/410 432/457/422 431/468/432 419/455/420
f 421/456/421 433/469/433 444/470/434 432/457/422
f 422/458/423 434/471/435 433/472/433 421/459/421
f 423/460/424 435/473/436 434/471/435 422/458/423
f 424/461/425 436/474/437 435/473/436 423/460/424
f 425/462/426 437/475/438 436/474/437 424/461/425
f 426/463/427 438/476/439 437/475/438 425/462/426
f 427/464/428 439/477/440 438/476/439 426/463/427
f 428/465/429 440/478/441 439/477/440 427/464/428
f 429/466/430 441/479/442 440/478/441 428/465/429
f 430/467/431 442/480/443 441/479/442 429/466/430
f 431/468/432 443/481/444 442/480/443 430/467/431
f 432/457/422 444/470/434 443/481/444 431/468/432
f 433/469/433 445/482/445 456/483/446 444/470/434
f 434/471/435 446/484/447 445/485/445 433/472/433
f 435/473/436 447/486/448 446/484/447 434/471/435
f 436/474/437 448/487/449 447/486/448 435/473/436
f 437/475/438 449/488/450 448/487/449 436/474/437
f 438/476/439 450/489/451 449/488/450 437/475/438
f 439/477/440 451/490/452 450/489/451 438/476/439
f 440/478/441 452/491/453 451/490/452 439/477/440
f 441/479/442 453/492/454 452/491/453 440/478/441
f 442/480/443 454/493/455 453/492/454 441/479/442
f 443/481/444 455/494/456 454/493/455 442/480/443
f 444/470/434 456/483/446 455/494/456 443/481/444
f 445/482/445 457/495/457 468/496/458 456/483/446
f 446/484/447 458/497/459 457/498/457 445/485/445
f 447/486/448 459/499/460 458/497/459 446/484/447
f 448/487/449 460/500/461 459/499/460 447/486/448
f 449/488/450 461/501/462 460/500/461 448/487/449
f 450/489/451 462/502/463 461/501/462 449/488/450
f 451/490/452 463/503/464 462/502/463 450/489/451
f 452/491/453 464/504/465 463/503/464 451/490/452
f 453/492/454 465/505/466 464/504/465 452/491/453
f 454/493/455 466/506/467 465/505/466 453/492/454
f 455/494/456 467/507/468 466/506/467 454/493/455
f 456/483/446 468/496/458 467/507/468 455/494/456
f 457/495/457 469/508/469 480/509/470 468/496/458
f 458/497/459 470/510/471 469/511/469 457/498/457
f 459/499/460 471/512/472 470/510/471 458/497/459
f 460/500/461 472/513/473 471/512/472 459/499/460
f 461/501/462 473/514/474 472/513/473 460/500/461
f 462/502/463 474/515/475 473/514/474 461/501/462
f 463/503/464 475/516/476 474/515/475 462/502/463
f 464/504/465 476/517/477 475/516/476 463/503/464
f 465/505/466 477/518/478 476/517/477 464/504/465
f 466/506/467 478/519/479 477/518/478 465/505/466
f 467/507/468 479/520/480 478/519/479 466/506/467
f 468/496/458 480/509/470 479/520/480 467/507/468
f 469/508/469 481/521/481 492/522/482 480/509/470
f 470/510/471 482/523/483 481/524/481 469/511/469
f 471/512/472 483/525/484 482/523/483 470/510/471
f 472/513/473 484/526/485 483/525/484 471/512/472
f 473/514/474 485/527/486 484/526/485 472/513/473
f 474/515/475 486/528/487 485/527/486 473/514/474
f 475/516/476 487/529/488 486/528/487 474/515/475
f 476/517/477 488/530/489 487/529/488 475/516/476
f 477/518/478 489/531/490 488/530/489 476/517/477
f 478/519/479 490/532/491 489/531/490 477/518/478
f 479/520/480 491/533/492 490/532/491 478/519/479
f 480/509/470 492/522/482 491/533/492 479/520/480
f 481/521/481 493/534/493 504/535/494 492/522/482
f 482/523/483 494/536/495 493/537/493 481/524/481
f 483/525/484 495/538/496 494/536/495 482/523/483
f 484/526/485 496/539/497 495/538/496 483/525/484
f 485/527/486 497/540/498 496/539/497 484/526/485
f 486/528/487 498/541/499 497/540/498 485/527/486
f 487/529/488 499/542/500 498/541/499 486/528/487
f 488/530/489 500/543/501 499/542/500 487/529/488
f 489/531/490 501/544/502 500/543/501 488/530/489
f 490/532/491 502/545/503 501/544/502 489/531/490
f 491/533/492 503/546/504 502/545/503 490/532/491
f 492/522/482 504/535/494 503/546/504 491/533/492
f 493/534/493 505/547/505 516/548/506 504/535/494
f 494/536/495 506/549/507 505/550/505 493/537/493
f 495/538/496 507/551/508 506/549/507 494/536/495
f 496/539/497 508/552/509 507/551/508 495/538/496
f 497/540/498 509/553/510 508/552/509 496/539/497
f 498/541/499 510/554/511 509/553/510 497/540/498
f 499/542/500 511/555/512 510/554/511 498/541/499
f 500/543/501 512/556/513 511/555/512 499/542/500
f 501/544/502 513/557/514 512/556/513 500/543/501
f 502/545/503 514/558/515 513/557/514 501/544/502
f 503/546/504 515/559/516 514/558/515 502/545/503
f 504/535/494 516/548/506 515/559/516 503/546/504
f 505/547/505 517/560/517 528/561/518 516/548/506
f 506/549/507 518/562/519 517/563/517 505/550/505
f 507/551/508 519/564/520 518/562/519 506/549/507
f 508/552/509 520/565/521 519/564/520 507/551/508
f 509/553/510 521/566/522 520/565/521 508/552/509
f 510/554/511 522/567/523 521/566/522 509/553/510
f 511/555/512 523/568/524 522/567/523 510/554/511
f 512/556/513 524/569/525 523/568/524 511/555/512
f 513/557/514 525/570/526 524/569/525 512/556/513
f 514/558/515 526/571/527 525/570/526 513/557/514
f 515/559/516 527/572/528 526/571/527 514/558/515
f 516/548/506 528/561/518 527/572/528 515/559/516
f 517/560/517 529/573/529 540/574/530 528/561/518
f 518/562/519 530/575/531 529/576/529 517/563/517
f 519/564/520 531/577/532 530/575/531 518/562/519
f 520/565/521 532/578/533 531/577/532 519/564/520
f 521/566/522 533/579/534 532/578/533 520/565/521
f 522/567/523 534/580/535 533/579/534 521/566/522
f 523/568/524 535/581/536 534/580/535 522/567/523
f 524/569/525 536/582/537 535/581/536 523/568/524
f 525/570/526 537/583/538 536/582/537 524/569/525
f 526/571/527 538/584/539 537/583/538 525/570/526
f 527/572/528 539/585/540 538/584/539 526/571/527
f 528/561/518 540/574/530 539/585/540 527/572/528
f 529/573/529 541/586/541 552/587/542 540/574/530
f 530/575/531 542/588/543 541/589/541 529/576/529
f 531/577/532 543/590/544 542/588/543 530/575/531
f 532/578/533 544/591/545 543/590/544 531/577/532
f 533/579/534 545/592/546 544/591/545 532/578/533
f 534/580/535 546/593/547 545/592/546 533/579/534
f 535/581/536 547/594/548 546/593/547 534/580/535
f 536/582/537 548/595/549 547/594/548 535/581/536
f 537/583/538 549/596/550 548/595/549 536/582/537
f 538/584/539 550/597/551 549/596/550 537/583/538
f 539/585/540 551/598/552 550/597/551 538/584/539
f 540/574/530 552/587/542 551/598/552 539/585/540
f 541/586/541 553/599/553 564/600/554 552/587/542
f 542/588/543 554/601/555 553/602/553 541/589/541
f 543/590/544 555/603/556 554/601/555 542/588/543
f 544/591/545 556/604/557 555/603/556 543/590/544
f 545/592/546 557/605/558 556/604/557 544/591/545
f 546/593/547 558/606/559 557/605/558 545/592/546
f 547/594/548 559/607/560 558/606/559 546/593/547
f 548/595/549 560/608/561 559/607/560 547/594/548
f 549/596/550 561/609/562 560/608/561 548/595/549
f 550/597/551 562/610/563 561/609/562 549/596/550
f 551/598/552 563/611/564 562/610/563 550/597/551
f 552/587/542 564/600/554 563/611/564 551/598/552
f 553/599/553 565/612/565 576/613/566 564/600/554
f 554/601/555 566/614/567 565/615/565 553/602/553
f 555/603/556 567/616/568 566/614/567 554/601/555
f 556/604/557 568/617/569 567/616/568 555/603/556
f 557/605/558 569/618/570 568/617/569 556/604/557
f 558/606/559 570/619/571 569/618/570 557/605/558
f 559/607/560 571/620/572 570/619/571 558/606/559
f 560/608/561 572/621/573 571/620/572 559/607/560
f 561/609/562 573/622/574 572/621/573 560/608/561
f 562/610/563 574/623/575 573/622/574 561/609/562
f 563/611/564 575/624/576 574/623/575 562/610/563
f 564/600/554 576/613/566 575/624/576 563/611/564
f 565/612/565 1/625/1 12/626/4 576/613/566
f 566/614/567 2/627/5 1/628/1 565/615/565
f 567/616/568 3/629/7 2/627/5 566/614/567
f 568/617/569 4/630/9 3/629/7 567/616/568
f 569/618/570 5/631/11 4/630/9 568/617/569
f 570/619/571 6/632/13 5/631/11 569/618/570
f 571/620/572 7/633/15 6/632/13 570/619/571
f 572/621/573 8/634/17 7/633/15 571/620/572
f 573/622/574 9/635/19 8/634/17 572/621/573
f 574/623/575 10/636/21 9/635/19 573/622/574
f 575/624/576 11/637/23 10/636/21 574/623/575
f 576/613/566 12/626/4 11/637/23 575/624/576
f 577/638/577 589/639/578 600/640/579 588/641/580
f 578/642/581 590/643/582 589/644/578 577/645/577
f 579/646/583 591/647/584 590/643/582 578/642/581
f 580/648/585 592/649/586 591/647/584 579/646/583
f 581/650/587 593/651/588 592/649/586 580/648/585
f 582/652/589 594/653/590 593/651/588 581/650/587
f 583/654/591 595/655/592 594/653/590 582/652/589
f 584/656/593 596/657/594 595/655/592 583/654/591
f 585/658/595 597/659/596 596/657/594 584/656/593
f 586/660/597 598/661/598 597/659/596 585/658/595
f 587/662/599 599/663/600 598/661/598 586/660/597
f 588/641/580 600/640/579 599/663/600 587/662/599
f 589/639/578 601/664/601 612/665/602 600/640/579
f 590/643/582 602/666/603 601/667/601 589/644/578
f 591/647/584 603/668/604 602/666/603 590/643/582
f 592/649/586 604/669/605 603/668/604 591/647/584
f 593/651/588 605/670/606 604/669/605 592/649/586
f 594/653/590 606/671/607 605/670/606 593/651/588
f 595/655/592 607/672/608 606/671/607 594/653/590
f 596/657/594 608/673/609 607/672/608 595/655/592
f 597/659/596 609/674/610 608/673/609 596/657/594
f 598/661/598 610/675/611 609/674/610 597/659/596
f 599/663/600 611/676/612 610/675/611 598/661/598
f 600/640/579 612/665/602 611/676/612 599/663/600
f 601/664/601 613/677/613 624/678/614 612/665/602
f 602/666/603 614/679/615 613/680/613 601/667/601
f 603/668/604 615/681/616 614/679/615 602/666/603
f 604/669/605 616/682/617 615/681/616 603/668/604
f 605/670/606 617/683/618 616/682/617 604/669/605
f 606/671/607 618/684/619 617/683/618 605/670/606
f 607/672/608 619/685/620 618/684/619 606/671/607
f 608/673/609 620/686/621 619/685/620 607/672/608
f 609/674/610 621/687/622 620/686/621 608/673/609
f 610/675/611 622/688/623 621/687/622 609/674/610
f 611/676/612 623/689/624 622/688/623 610/675/611
f 612/665/602 624/678/614 623/689/624 611/676/612
f 613/677/613 625/690/625 636/691/626 624/678/614
f 614/679/615 626/692/627 625/693/625 613/680/613
f 615/681/616 627/694/628 626/692/627 614/679/615
f 616/682/617 628/695/629 627/694/628 615/681/616
f 617/683/618 629/696/630 628/695/629 616/682/617
f 618/684/619 630/697/631 629/696/630 617/683/618
f 619/685/620 631/698/632 630/697/631 618/684/619
f 620/686/621 632/699/633 631/698/632 619/685/620
f 621/687/622 633/700/634 632/699/633 620/686/621
f 622/688/623 634/701/635 633/700/634 621/687/622
f 623/689/624 635/702/636 634/701/635 622/688/623
f 624/678/614 636/691/626 635/702/636 623/689/624
f 625/690/625 637/703/637 648/704/638 636/691/626
f 626/692/627 638/705/639 637/706/637 625/693/625
f 627/694/628 639/707/640 638/705/639 626/692/627
f 628/695/629 640/708/641 639/707/640 627/694/628
f 629/696/630 641/709/642 640/708/641 628/695/629
f 630/697/631 642/710/643 641/709/642 629/696/630
f 631/698/632 643/711/644 642/710/643 630/697/631
f 632/699/633 644/712/645 643/711/644 631/698/632
f 633/700/634 645/713/646 644/712/645 632/699/633
f 634/701/635 646/714/647 645/713/646 633/700/634
f 635/702/636 647/715/648 646/714/647 634/701/635
f 636/691/626 648/704/638 647/715/648 635/702/636
f 637/703/637 649/716/649 660/717/650 648/704/638
f 638/705/639 650/718/651 649/719/649 637/706/637
f 639/707/640 651/720/652 650/718/651 638/705/639
f 640/708/641 652/721/653 651/720/652 639/707/640
f 641/709/642 653/722/654 652/721/653 640/708/641
f 642/710/643 654/723/655 653/722/654 641/709/642
f 643/711/644 655/724/656 654/723/655 642/710/643
f 644/712/645 656/725/657 655/724/656 643/711/644
f 645/713/646 657/726/658 656/725/657 644/712/645
f 646/714/647 658/727/659 657/726/658 645/713/646
f 647/715/648 659/728/660 658/727/659 646/714/647
f 648/704/638 660/717/650 659/728/660 647/715/648
f 649/716/649 661/729/661 672/730/662 660/717/650
f 650/718/651 662/731/663 661/732/661 649/719/649
f 651/720/652 663/733/664 662/731/663 650/718/651
f 652/721/653 664/734/665 663/733/664 651/720/652
f 653/722/654 665/735/666 664/734/665 652/721/653
f 654/723/655 666/736/667 665/735/666 653/722/654
f 655/724/656 667/737/668 666/736/667 654/723/655
f 656/725/657 668/738/669 667/737/668 655/724/656
f 657/726/658 669/739/670 668/738/669 656/725/657
f 658/727/659 670/740/671 669/739/670 657/726/658
f 659/728/660 671/741/672 670/740/671 658/727/659
f 660/717/650 672/730/662 671/741/672 659/728/660
f 661/729/661 673/742/673 684/743/674 672/730/662
f 662/731/663 674/744/675 673/745/673 661/732/661
f 663/733/664 675/746/676 674/744/675 662/731/663
f 664/734/665 676/747/677 675/746/676 663/733/664
f 665/735/666 677/748/678 676/747/677 664/734/665
f 666/736/667 678/749/679 677/748/678 665/735/666
f 667/737/668 679/750/680 678/749/679 666/736/667
f 668/738/669 680/751/681 679/750/680 667/737/668
f 669/739/670 681/752/682 680/751/681 668/738/669
f 670/740/671 682/753/683 681/752/682 669/739/670
f 671/741/672 683/754/684 682/753/683 670/740/671
f 672/730/662 684/743/674 683/754/684 671/741/672
f 673/742/673 685/755/685 696/756/686 684/743/674
f 674/744/675 686/757/687 685/758/685 673/745/673
f 675/746/676 687/759/688 686/757/687 674/744/675
f 676/747/677 688/760/689 687/759/688 675/746/676
f 677/748/678 689/761/690 688/760/689 676/747/677
f 678/749/679 690/762/691 689/761/690 677/748/678
f 679/750/680 691/763/692 690/762/691 678/749/679
f 680/751/681 692/764/693 691/763/692 679/750/680
f 681/752/682 693/765/694 692/764/693 680/751/681
f 682/753/683 694/766/695 693/765/694 681/752/682
f 683/754/684 695/767/696 694/766/695 682/753/683
f 684/743/674 696/756/686 695/767/696 683/754/684
f 685/755/685 697/768/697 708/769/698 696/756/686
f 686/757/687 698/770/699 697/771/697 685/758/685
f 687/759/688 699/772/700 698/770/699 686/757/687
f 688/760/689 700/773/701 699/772/700 687/759/688
f 689/761/690 701/774/702 700/773/701 688/760/689
f 690/762/691 702/775/703 701/774/702 689/761/690
f 691/763/692 703/776/704 702/775/703 690/762/691
f 692/764/693 704/777/705 703/776/704 691/763/692
f 693/765/694 705/778/706 704/777/705 692/764/693
f 694/766/695 706/779/707 705/778/706 693/765/694
f 695/767/696 707/780/708 706/779/707 694/766/695
f 696/756/686 708/769/698 707/780/708 695/767/696
f 697/768/697 709/781/709 720/782/710 708/769/698
f 698/770/699 710/783/711 709/784/709 697/771/697
f 699/772/700 711/785/712 710/783/711 698/770/699
f 700/773/701 712/786/713 711/785/712 699/772/700
f 701/774/702 713/787/714 712/786/713 700/773/701
f 702/775/703 714/788/715 713/787/714 701/774/702
f 703/776/704 715/789/716 714/788/715 702/775/703
f 704/777/705 716/790/717 715/789/716 703/776/704
f 705/778/706 717/791/718 716/790/717 704/777/705
f 706/779/707 718/792/719 717/791/718 705/778/706
f 707/780/708 719/793/720 718/792/719 706/779/707
f 708/769/698 720/782/710 719/793/720 707/780/708
f 709/781/709 721/794/721 732/795/722 720/782/710
f 710/783/711 722/796/723 721/797/721 709/784/709
f 711/785/712 723/798/724 722/796/723 710/783/711
f 712/786/713 724/799/725 723/798/724 711/785/712
f 713/787/714 725/800/726 724/799/725 712/786/713
f 714/788/715 726/801/727 725/800/726 713/787/714
f 715/789/716 727/802/728 726/801/727 714/788/715
f 716/790/717 728/803/729 727/802/728 715/789/716
f 717/791/718 729/804/730 728/803/729 716/790/717
f 718/792/719 730/805/731 729/804/730 717/791/718
f 719/793/720 731/806/732 730/805/731 718/792/719
f 720/782/710 732/795/722 731/806/732 719/793/720
f 721/794/721 733/807/733 744/808/734 732/795/722
f 722/796/723 734/809/735 733/810/733 721/797/721
f 723/798/724 735/811/736 734/809/735 722/796/723
f 724/799/725 736/812/737 735/811/736 723/798/724
f 725/800/726 737/813/738 736/812/737 724/799/725
f 726/801/727 738/814/739 737/813/738 725/800/726
f 727/802/728 739/815/740 738/814/739 726/801/727
f 728/803/729 740/816/741 739/815/740 727/802/728
f 729/804/730 741/817/742 740/816/741 728/803/729
f 730/805/731 742/818/743 741/817/742 729/804/730
f 731/806/732 743/819/744 742/818/743 730/805/731
f 732/795/722 744/808/734 743/819/744 731/806/732
f 733/807/733 745/820/745 756/821/746 744/808/734
f 734/809/735 746/822/747 745/823/745 733/810/733
f 735/811/736 747/824/748 746/822/747 734/809/735
f 736/812/737 748/825/749 747/824/748 735/811/736
f 737/813/738 749/826/750 748/825/749 736/812/737
f 738/814/739 750/827/751 749/826/750 737/813/738
f 739/815/740 751/828/752 750/827/751 738/814/739
f 740/816/741 752/829/753 751/828/752 739/815/740
f 741/817/742 753/830/754 752/829/753 740/816/741
f 742/818/743 754/831/755 753/830/754 741/817/742
f 743/819/744 755/832/756 754/831/755 742/818/743
f 744/808/734 756/821/746 755/832/756 743/819/744
f 745/820/745 757/833/757 768/834/758 756/821/746
f 746/822/747 758/835/759 757/836/757 745/823/745
f 747/824/748 759/837/760 758/835/759 746/822/747
f 748/825/749 760/838/761 759/837/760 747/824/748
f 749/826/750 761/839/762 760/838/761 748/825/749
f 750/827/751 762/840/763 761/839/762 749/826/750
f 751/828/752 763/841/764 762/840/763 750/827/751
f 752/829/753 764/842/765 763/841/764 751/828/752
f 753/830/754 765/843/766 764/842/765 752/829/753
f 754/831/755 766/844/767 765/843/766 753/830/754
f 755/832/756 767/845/768 766/844/767 754/831/755
f 756/821/746 768/834/758 767/845/768 755/832/756
f 757/833/757 769/846/769 780/847/770 768/834/758
f 758/835/759 770/848/771 769/849/769 757/836/757
f 759/837/760 771/850/772 770/848/771 758/835/759
f 760/838/761 772/851/773 771/850/772 759/837/760
f 761/839/762 773/852/774 772/851/773 760/838/761
f 762/840/763 774/853/775 773/852/774 761/839/762
f 763/841/764 775/854/776 774/853/775 762/840/763
f 764/842/765 776/855/777 775/854/776 763/841/764
f 765/843/766 777/856/778 776/855/777 764/842/765
f 766/844/767 778/857/779 777/856/778 765/843/766
f 767/845/768 779/858/780 778/857/779 766/844/767
f 768/834/758 780/847/770 779/858/780 767/845/768
f 769/846/769 781/859/781 792/860/782 780/847/770
f 770/848/771 782/861/783 781/862/781 769/849/769
f 771/850/772 783/863/784 782/861/783 770/848/771
f 772/851/773 784/864/785 783/863/784 771/850/772
f 773/852/774 785/865/786 784/864/785 772/851/773
f 774/853/775 786/866/787 785/865/786 773/852/774
f 775/854/776 787/867/788 786/866/787 774/853/775
f 776/855/777 788/868/789 787/867/788 775/854/776
f 777/856/778 789/869/790 788/868/789 776/855/777
f 778/857/779 790/870/791 789/869/790 777/856/778
f 779/858/780 791/871/792 790/870/791 778/857/779
f 780/847/770 792/860/782 791/871/792 779/858/780
f 781/859/781 793/872/793 804/873/794 792/860/782
f 782/861/783 794/874/795 793/875/793 781/862/781
f 783/863/784 795/876/796 794/874/795 782/861/783
f 784/864/785 796/877/797 795/876/796 783/863/784
f 785/865/786 797/878/798 796/877/797 784/864/785
f 786/866/787 798/879/799 797/878/798 785/865/786
f 787/867/788 799/880/800 798/879/799 786/866/787
f 788/868/789 800/881/801 799/880/800 787/867/788
f 789/869/790 801/882/802 800/881/801 788/868/789
f 790/870/791 802/883/803 801/882/802 789/869/790
f 791/871/792 803/884/804 802/883/803 790/870/791
f 792/860/782 804/873/794 803/884/804 791/871/792
f 793/872/793 805/885/805 816/886/806 804/873/794
f 794/874/795 806/887/807 805/888/805 793/875/793
f 795/876/796 807/889/808 806/887/807 794/874/795
f 796/877/797 808/890/809 807/889/808 795/876/796
f 797/878/798 809/891/810 808/890/809 796/877/797
f 798/879/799 810/892/811 809/891/810 797/878/798
f 799/880/800 811/893/812 810/892/811 798/879/799
f 800/881/801 812/894/813 811/893/812 799/880/800
f 801/882/802 813/895/814 812/894/813 800/881/801
f 802/883/803 814/896/815 813/895/814 801/882/802
f 803/884/804 815/897/816 814/896/815 802/883/803
f 804/873/794 816/886/806 815/897/816 803/884/804
f 805/885/805 817/898/817 828/899/818 816/886/806
f 806/887/807 818/900/819 817/901/817 805/888/805
f 807/889/808 819/902/820 818/900/819 806/887/807
f 808/890/809 820/903/821 819/902/820 807/889/808
f 809/891/810 821/904/822 820/903/821 808/890/809
f 810/892/811 822/905/823 821/904/822 809/891/810
f 811/893/812 823/906/824 822/905/823 810/892/811
f 812/894/813 824/907/825 823/906/824 811/893/812
f 813/895/814 825/908/826 824/907/825 812/894/813
f 814/896/815 826/909/827 825/908/826 813/895/814
f 815/897/816 827/910/828 826/909/827 814/896/815
f 816/886/806 828/899/818 827/910/828 815/897/816
f 817/898/817 829/911/829 840/912/830 828/899/818
f 818/900/819 830/913/831 829/914/829 817/901/817
f 819/902/820 831/915/832 830/913/831 818/900/819
f 820/903/821 832/916/833 831/915/832 819/902/820
f 821/904/822 833/917/834 832/916/833 820/903/821
f 822/905/823 834/918/835 833/917/834 821/904/822
f 823/906/824 835/919/836 834/918/835 822/905/823
f 824/907/825 836/920/837 835/919/836 823/906/824
f 825/908/826 837/921/838 836/920/837 824/907/825
f 826/909/827 838/922/839 837/921/838 825/908/826
f 827/910/828 839/923/840 838/922/839 826/909/827
f 828/899/818 840/912/830 839/923/840 827/910/828
f 829/911/829 841/924/841 852/925/842 840/912/830
f 830/913/831 842/926/843 841/927/841 829/914/829
f 831/915/832 843/928/844 842/926/843 830/913/831
f 832/916/833 844/929/845 843/928/844 831/915/832
f 833/917/834 845/930/846 844/929/845 832/916/833
f 834/918/835 846/931/847 845/930/846 833/917/834
f 835/919/836 847/932/848 846/931/847 834/918/835
f 836/920/837 848/933/849 847/932/848 835/919/836
f 837/921/838 849/934/850 848/933/849 836/920/837
f 838/922/839 850/935/851 849/934/850 837/921/838
f 839/923/840 851/936/852 850/935/851 838/922/839
f 840/912/830 852/925/842 851/936/852 839/923/840
f 841/924/841 853/937/853 864/938/854 852/925/842
f 842/926/843 854/939/855 853/940/853 841/927/841
f 843/928/844 855/941/856 854/939/855 842/926/843
f 844/929/845 856/942/857 855/941/856 843/928/844
f 845/930/846 857/943/858 856/942/857 844/929/845
f 846/931/847 858/944/859 857/943/858 845/930/846
f 847/932/848 859/945/860 858/944/859 846/931/847
f 848/933/849 860/946/861 859/945/860 847/932/848
f 849/934/850 861/947/862 860/946/861 848/933/849
f 850/935/851 862/948/863 861/947/862 849/934/850
f 851/936/852 863/949/864 862/948/863 850/935/851
f 852/925/842 864/938/854 863/949/864 851/936/852
f 853/937/853 865/950/865 876/951/866 864/938/854
f 854/939/855 866/952/867 865/953/865 853/940/853
f 855/941/856 867/954/868 866/952/867 854/939/855
f 856/942/857 868/955/869 867/954/868 855/941/856
f 857/943/858 869/956/870 868/955/869 856/942/857
f 858/944/859 870/957/871 869/956/870 857/943/858
f 859/945/860 871/958/872 870/957/871 858/944/859
f 860/946/861 872/959/873 871/958/872 859/945/860
f 861/947/862 873/960/874 872/959/873 860/946/861
f 862/948/863 874/961/875 873/960/874 861/947/862
f 863/949/864 875/962/876 874/961/875 862/948/863
f 864/938/854 876/951/866 875/962/876 863/949/864
f 865/950/865 877/963/877 888/964/878 876/951/866
f 866/952/867 878/965/879 877/966/877 865/953/865
f 867/954/868 879/967/880 878/965/879 866/952/867
f 868/955/869 880/968/881 879/967/880 867/954/868
f 869/956/870 881/969/882 880/968/881 868/955/869
f 870/957/871 882/970/883 881/969/882 869/956/870
f 871/958/872 883/971/884 882/970/883 870/957/871
f 872/959/873 884/972/885 883/971/884 871/958/872
f 873/960/874 885/973/886 884/972/885 872/959/873
f 874/961/875 886/974/887 885/973/886 873/960/874
f 875/962/876 887/975/888 886/974/887 874/961/875
f 876/951/866 888/964/878 887/975/888 875/962/876
f 877/963/877 889/976/889 900/977/890 888/964/878
f 878/965/879 890/978/891 889/979/889 877/966/877
f 879/967/880 891/980/892 890/978/891 878/965/879
f 880/968/881 892/981/893 891/980/892 879/967/880
f 881/969/882 893/982/894 892/981/893 880/968/881
f 882/970/883 894/983/895 893/982/894 881/969/882
f 883/971/884 895/984/896 894/983/895 882/970/883
f 884/972/885 896/985/897 895/984/896 883/971/884
f 885/973/886 897/986/898 896/985/897 884/972/885
f 886/974/887 898/987/899 897/986/898 885/973/886
f 887/975/888 899/988/900 898/987/899 886/974/887
f 888/964/878 900/977/890 899/988/900 887/975/888
f 889/976/889 901/989/901 912/990/902 900/977/890
f 890/978/891 902/991/903 901/992/901 889/979/889
f 891/980/892 903/993/904 902/991/903 890/978/891
f 892/981/893 904/994/905 903/993/904 891/980/892
f 893/982/894 905/995/906 904/994/905 892/981/893
f 894/983/895 906/996/907 905/995/906 893/982/894
f 895/984/896 907/997/908 906/996/907 894/983/895
f 896/985/897 908/998/909 907/997/908 895/984/896
f 897/986/898 909/999/910 908/998/909 896/985/897
f 898/987/899 910/1000/911 909/999/910 897/986/898
f 899/988/900 911/1001/912 910/1000/911 898/987/899
f 900/977/890 912/990/902 911/1001/912 899/988/900
f 901/989/901 913/1002/913 924/1003/914 912/990/902
f 902/991/903 914/1004/915 913/1005/913 901/992/901
f 903/993/904 915/1006/916 914/1004/915 902/991/903
f 904/994/905 916/1007/917 915/1006/916 903/993/904
f 905/995/906 917/1008/918 916/1007/917 904/994/905
f 906/996/907 918/1009/919 917/1008/918 905/995/906
f 907/997/908 919/1010/920 918/1009/919 906/996/907
f 908/998/909 920/1011/921 919/1010/920 907/997/908
f 909/999/910 921/1012/922 920/1011/921 908/998/909
f 910/1000/911 922/1013/923 921/1012/922 909/999/910
f 911/1001/912 923/1014/924 922/1013/923 910/1000/911
f 912/990/902 924/1003/914 923/1014/924 911/1001/912
f 913/1002/913 925/1015/925 936/1016/926 924/1003/914
f 914/1004/915 926/1017/927 925/1018/925 913/1005/913
f 915/1006/916 927/1019/928 926/1017/927 914/1004/915
f 916/1007/917 928/1020/929 927/1019/928 915/1006/916
f 917/1008/918 929/1021/930 928/1020/929 916/1007/917
f 918/1009/919 930/1022/931 929/1021/930 917/1008/918
f 919/1010/920 931/1023/932 930/1022/931 918/1009/919
f 920/1011/921 932/1024/933 931/1023/932 919/1010/920
f 921/1012/922 933/1025/934 932/1024/933 920/1011/921
f 922/1013/923 934/1026/935 933/1025/934 921/1012/922
f 923/1014/924 935/1027/936 934/1026/935 922/1013/923
f 924/1003/914 936/1016/926 935/1027/936 923/1014/924
f 925/1015/925 937/1028/937 948/1029/938 936/1016/926
f 926/1017/927 938/1030/939 937/1031/937 925/1018/925
f 927/1019/928 939/1032/940 938/1030/939 926/1017/927
f 928/1020/929 940/1033/941 939/1032/940 927/1019/928
f 929/1021/930 941/1034/942 940/1033/941 928/1020/929
f 930/1022/931 942/1035/943 941/1034/942 929/1021/930
f 931/1023/932 943/1036/944 942/1035/943 930/1022/931
f 932/1024/933 944/1037/945 943/1036/944 931/1023/932
f 933/1025/934 945/1038/946 944/1037/945 932/1024/933
f 934/1026/935 946/1039/947 945/1038/946 933/1025/934
f 935/1027/936 947/1040/948 946/1039/947 934/1026/935
f 936/1016/926 948/1029/938 947/1040/948 935/1027/936
f 937/1028/937 949/1041/949 960/1042/950 948/1029/938
f 938/1030/939 950/1043/951 949/1044/949 937/1031/937
f 939/1032/940 951/1045/952 950/1043/951 938/1030/939
f 940/1033/941 952/1046/953 951/1045/952 939/1032/940
f 941/1034/942 953/1047/954 952/1046/953 940/1033/941
f 942/1035/943 954/1048/955 953/1047/954 941/1034/942
f 943/1036/944 955/1049/956 954/1048/955 942/1035/943
f 944/1037/945 956/1050/957 955/1049/956 943/1036/944
f 945/1038/946 957/1051/958 956/1050/957 944/1037/945
f 946/1039/947 958/1052/959 957/1051/958 945/1038/946
f 947/1040/948 959/1053/960 958/1052/959 946/1039/947
f 948/1029/938 960/1042/950 959/1053/960 947/1040/948
f 949/1041/949 961/1054/961 972/1055/962 960/1042/950
f 950/1043/951 962/1056/963 961/1057/961 949/1044/949
f 951/1045/952 963/1058/964 962/1056/963 950/1043/951
f 952/1046/953 964/1059/965 963/1058/964 951/1045/952
f 953/1047/954 965/1060/966 964/1059/965 952/1046/953
f 954/1048/955 966/1061/967 965/1060/966 953/1047/954
f 955/1049/956 967/1062/968 966/1061/967 954/1048/955
f 956/1050/957 968/1063/969 967/1062/968 955/1049/956
f 957/1051/958 969/1064/970 968/1063/969 956/1050/957
f 958/1052/959 970/1065/971 969/1064/970 957/1051/958
f 959/1053/960 971/1066/972 970/1065/971 958/1052/959
f 960/1042/950 972/1055/962 971/1066/972 959/1053/960
f 961/1054/961 973/1067/973 984/1068/974 972/1055/962
f 962/1056/963 974/1069/975 973/1070/973 961/1057/961
f 963/1058/964 975/1071/976 974/1069/975 962/1056/963
f 964/1059/965 976/1072/977 975/1071/976 963/1058/964
f 965/1060/966 977/1073/978 976/1072/977 964/1059/965
f 966/1061/967 978/1074/979 977/1073/978 965/1060/966
f 967/1062/968 979/1075/980 978/1074/979 966/1061/967
f 968/1063/969 980/1076/981 979/1075/980 967/1062/968
f 969/1064/970 981/1077/982 980/1076/981 968/1063/969
f 970/1065/971 982/1078/983 981/1077/982 969/1064/970
f 971/1066/972 983/1079/984 982/1078/983 970/1065/971
f 972/1055/962 984/1068/974 983/1079/984 971/1066/972
f 973/1067/973 985/1080/985 996/1081/986 984/1068/974
f 974/1069/975 986/1082/987 985/1083/985 973/1070/973
f 975/1071/976 987/1084/988 986/1082/987 974/1069/975
f 976/1072/977 988/1085/989 987/1084/988 975/1071/976
f 977/1073/978 989/1086/990 988/1085/989 976/1072/977
f 978/1074/979 990/1087/991 989/1086/990 977/1073/978
f 979/1075/980 991/1088/992 990/1087/991 978/1074/979
f 980/1076/981 992/1089/993 991/1088/992 979/1075/980
f 981/1077/982 993/1090/994 992/1089/993 980/1076/981
f 982/1078/983 994/1091/995 993/1090/994 981/1077/982
f 983/1079/984 995/1092/996 994/1091/995 982/1078/983
f 984/1068/974 996/1081/986 995/1092/996 983/1079/984
f 985/1080/985 997/1093/997 1008/1094/998 996/1081/986
f 986/1082/987 998/1095/999 997/1096/997 985/1083/985
f 987/1084/988 999/1097/1000 998/1095/999 986/1082/987
f 988/1085/989 1000/1098/1001 999/1097/1000 987/1084/988
f 989/1086/990 1001/1099/1002 1000/1098/1001 988/1085/989
f 990/1087/991 1002/1100/1003 1001/1099/1002 989/1086/990
f 991/1088/992 1003/1101/1004 1002/1100/1003 990/1087/991
f 992/1089/993 1004/1102/1005 1003/1101/1004 991/1088/992
f 993/1090/994 1005/1103/1006 1004/1102/1005 992/1089/993
f 994/1091/995 1006/1104/1007 1005/1103/1006 993/1090/994
f 995/1092/996 1007/1105/1008 1006/1104/1007 994/1091/995
f 996/1081/986 1008/1094/998 1007/1105/1008 995/1092/996
f 997/1093/997 1009/1106/1009 1020/1107/1010 1008/1094/998
f 998/1095/999 1010/1108/1011 1009/1109/1009 997/1096/997
f 999/1097/1000 1011/1110/1012 1010/1108/1011 998/1095/999
f 1000/1098/1001 1012/1111/1013 1011/1110/1012 999/1097/1000
f 1001/1099/1002 1013/1112/1014 1012/1111/1013 1000/1098/1001
f 1002/1100/1003 1014/1113/1015 1013/1112/1014 1001/1099/1002
f 1003/1101/1004 1015/1114/1016 1014/1113/1015 1002/1100/1003
f 1004/1102/1005 1016/1115/1017 1015/1114/1016 1003/1101/1004
f 1005/1103/1006 1017/1116/1018 1016/1115/1017 1004/1102/1005
f 1006/1104/1007 1018/1117/1019 1017/1116/1018 1005/1103/1006
f 1007/1105/1008 1019/1118/1020 1018/1117/1019 1006/1104/1007
f 1008/1094/998 1020/1107/1010 1019/1118/1020 1007/1105/1008
f 1009/1106/1009 1021/1119/1021 1032/1120/1022 1020/1107/1010
f 1010/1108/1011 1022/1121/1023 1021/1122/1021 1009/1109/1009
f 1011/1110/1012 1023/1123/1024 1022/1121/1023 1010/1108/1011
f 1012/1111/1013 1024/1124/1025 1023/1123/1024 1011/1110/1012
f 1013/1112/1014 1025/1125/1026 1024/1124/1025 1012/1111/1013
f 1014/1113/1015 1026/1126/1027 1025/1125/1026 1013/1112/1014
f 1015/1114/1016 1027/1127/1028 1026/1126/1027 1014/1113/1015
f 1016/1115/1017 1028/1128/1029 1027/1127/1028 1015/1114/1016
f 1017/1116/1018 1029/1129/1030 1028/1128/1029 1016/1115/1017
f 1018/1117/1019 1030/1130/1031 1029/1129/1030 1017/1116/1018
f 1019/1118/1020 1031/1131/1032 1030/1130/1031 1018/1117/1019
f 1020/1107/1010 1032/1120/1022 1031/1131/1032 1019/1118/1020
f 1021/1119/1021 1033/1132/1033 1044/1133/1034 1032/1120/1022
f 1022/1121/1023 1034/1134/1035 1033/1135/1033 1021/1122/1021
f 1023/1123/1024 1035/1136/1036 1034/1134/1035 1022/1121/1023
f 1024/1124/1025 1036/1137/1037 1035/1136/1036 1023/1123/1024
f 1025/1125/1026 1037/1138/1038 1036/1137/1037 1024/1124/1025
f 1026/1126/1027 1038/1139/1039 1037/1138/1038 1025/1125/1026
f 1027/1127/1028 1039/1140/1040 1038/1139/1039 1026/1126/1027
f 1028/1128/1029 1040/1141/1041 1039/1140/1040 1027/1127/1028
f 1029/1129/1030 1041/1142/1042 1040/1141/1041 1028/1128/1029
f 1030/1130/1031 1042/1143/1043 1041/1142/1042 1029/1129/1030
f 1031/1131/1032 1043/1144/1044 1042/1143/1043 1030/1130/1031
f 1032/1120/1022 1044/1133/1034 1043/1144/1044 1031/1131/1032
f 1033/1132/1033 1045/1145/1045 1056/1146/1046 1044/1133/1034
f 1034/1134/1035 1046/1147/1047 1045/1148/1045 1033/1135/1033
f 1035/1136/1036 1047/1149/1048 1046/1147/1047 1034/1134/1035
f 1036/1137/1037 1048/1150/1049 1047/1149/1048 1035/1136/1036
f 1037/1138/1038 1049/1151/1050 1048/1150/1049 1036/1137/1037
f 1038/1139/1039 1050/1152/1051 1049/1151/1050 1037/1138/1038
f 1039/1140/1040 1051/1153/1052 1050/1152/1051 1038/1139/1039
f 1040/1141/1041 1052/1154/1053 1051/1153/1052 1039/1140/1040
f 1041/1142/1042 1053/1155/1054 1052/1154/1053 1040/1141/1041
f 1042/1143/1043 1054/1156/1055 1053/1155/1054 1041/1142/1042
f 1043/1144/1044 1055/1157/1056 1054/1156/1055 1042/1143/1043
f 1044/1133/1034 1056/1146/1046 1055/1157/1056 1043/1144/1044
f 1045/1145/1045 1057/1158/1057 1068/1159/1058 1056/1146/1046
f 1046/1147/1047 1058/1160/1059 1057/1161/1057 1045/1148/1045
f 1047/1149/1048 1059/1162/1060 1058/1160/1059 1046/1147/1047
f 1048/1150/1049 1060/1163/1061 1059/1162/1060 1047/1149/1048
f 1049/1151/1050 1061/1164/1062 1060/1163/1061 1048/1150/1049
f 1050/1152/1051 1062/1165/1063 1061/1164/1062 1049/1151/1050
f 1051/1153/1052 1063/1166/1064 1062/1165/1063 1050/1152/1051
f 1052/1154/1053 1064/1167/1065 1063/1166/1064 1051/1153/1052
f 1053/1155/1054 1065/1168/1066 1064/1167/1065 1052/1154/1053
f 1054/1156/1055 1066/1169/1067 1065/1168/1066 1053/1155/1054
f 1055/1157/1056 1067/1170/1068 1066/1169/1067 1054/1156/1055
f 1056/1146/1046 1068/1159/1058 1067/1170/1068 1055/1157/1056
f 1057/1158/1057 1069/1171/1069 1080/1172/1070 1068/1159/1058
f 1058/1160/1059 1070/1173/1071 1069/1174/1069 1057/1161/1057
f 1059/1162/1060 1071/1175/1072 1070/1173/1071 1058/1160/1059
f 1060/1163/1061 1072/1176/1073 1071/1175/1072 1059/1162/1060
f 1061/1164/1062 1073/1177/1074 1072/1176/1073 1060/1163/1061
f 1062/1165/1063 1074/1178/1075 1073/1177/1074 1061/1164/1062
f 1063/1166/1064 1075/1179/1076 1074/1178/1075 1062/1165/1063
f 1064/1167/1065 1076/1180/1077 1075/1179/1076 1063/1166/1064
f 1065/1168/1066 1077/1181/1078 1076/1180/1077 1064/1167/1065
f 1066/1169/1067 1078/1182/1079 1077/1181/1078 1065/1168/1066
f 1067/1170/1068 1079/1183/1080 1078/1182/1079 1066/1169/1067
f 1068/1159/1058 1080/1172/1070 1079/1183/1080 1067/1170/1068
f 1069/1171/1069 1081/1184/1081 1092/1185/1082 1080/1172/1070
f 1070/1173/1071 1082/1186/1083 1081/1187/1081 1069/1174/1069
f 1071/1175/1072 1083/1188/1084 1082/1186/1083 1070/1173/1071
f 1072/1176/1073 1084/1189/1085 1083/1188/1084 1071/1175/1072
f 1073/1177/1074 1085/1190/1086 1084/1189/1085 1072/1176/1073
f 1074/1178/1075 1086/1191/1087 1085/1190/1086 1073/1177/1074
f 1075/1179/1076 1087/1192/1088 1086/1191/1087 1074/1178/1075
f 1076/1180/1077 1088/1193/1089 1087/1192/1088 1075/1179/1076
f 1077/1181/1078 1089/1194/1090 1088/1193/1089 1076/1180/1077
f 1078/1182/1079 1090/1195/1091 1089/1194/1090 1077/1181/1078
f 1079/1183/1080 1091/1196/1092 1090/1195/1091 1078/1182/1079
f 1080/1172/1070 1092/1185/1082 1091/1196/1092 1079/1183/1080
f 1081/1184/1081 1093/1197/1093 1104/1198/1094 1092/1185/1082
f 1082/1186/1083 1094/1199/1095 1093/1200/1093 1081/1187/1081
f 1083/1188/1084 1095/1201/1096 1094/1199/1095 1082/1186/1083
f 1084/1189/1085 1096/1202/1097 1095/1201/1096 1083/1188/1084
f 1085/1190/1086 1097/1203/1098 1096/1202/1097 1084/1189/1085
f 1086/1191/1087 1098/1204/1099 1097/1203/1098 1085/1190/1086
f 1087/1192/1088 1099/1205/1100 1098/1204/1099 1086/1191/1087
f 1088/1193/1089 1100/1206/1101 1099/1205/1100 1087/1192/1088
f 1089/1194/1090 1101/1207/1102 1100/1206/1101 1088/1193/1089
f 1090/1195/1091 1102/1208/1103 1101/1207/1102 1089/1194/1090
f 1091/1196/1092 1103/1209/1104 1102/1208/1103 1090/1195/1091
f 1092/1185/1082 1104/1198/1094 1103/1209/1104 1091/1196/1092
f 1093/1197/1093 1105/1210/1105 1116/1211/1106 1104/1198/1094
f 1094/1199/1095 1106/1212/1107 1105/1213/1105 1093/1200/1093
f 1095/1201/1096 1107/1214/1108 1106/1212/1107 1094/1199/1095
f 1096/1202/1097 1108/1215/1109 1107/1214/1108 1095/1201/1096
f 1097/1203/1098 1109/1216/1110 1108/1215/1109 1096/1202/1097
f 1098/1204/1099 1110/1217/1111 1109/1216/1110 1097/1203/1098
f 1099/1205/1100 1111/1218/1112 1110/1217/1111 1098/1204/1099
f 1100/1206/1101 1112/1219/1113 1111/1218/1112 1099/1205/1100
f 1101/1207/1102 1113/1220/1114 1112/1219/1113 1100/1206/1101
f 1102/1208/1103 1114/1221/1115 1113/1220/1114 1101/1207/1102
f 1103/1209/1104 1115/1222/1116 1114/1221/1115 1102/1208/1103
f 1104/1198/1094 1116/1211/1106 1115/1222/1116 1103/1209/1104
f 1105/1210/1105 1117/1223/1117 1128/1224/1118 1116/1211/1106
f 1106/1212/1107 1118/1225/1119 1117/1226/1117 1105/1213/1105
f 1107/1214/1108 1119/1227/1120 1118/1225/1119 1106/1212/1107
f 1108/1215/1109 1120/1228/1121 1119/1227/1120 1107/1214/1108
f 1109/1216/1110 1121/1229/1122 1120/1228/1121 1108/1215/1109
f 1110/1217/1111 1122/1230/1123 1121/1229/1122 1109/1216/1110
f 1111/1218/1112 1123/1231/1124 1122/1230/1123 1110/1217/1111
f 1112/1219/1113 1124/1232/1125 1123/1231/1124 1111/1218/1112
f 1113/1220/1114 1125/1233/1126 1124/1232/1125 1112/1219/1113
f 1114/1221/1115 1126/1234/1127 1125/1233/1126 1113/1220/1114
f 1115/1222/1116 1127/1235/1128 1126/1234/1127 1114/1221/1115
f 1116/1211/1106 1128/1224/1118 1127/1235/1128 1115/1222/1116
f 1117/1223/1117 1129/1236/1129 1140/1237/1130 1128/1224/1118
f 1118/1225/1119 1130/1238/1131 1129/1239/1129 1117/1226/1117
f 1119/1227/1120 1131/1240/1132 1130/1238/1131 1118/1225/1119
f 1120/1228/1121 1132/1241/1133 1131/1240/1132 1119/1227/1120
f 1121/1229/1122 1133/1242/1134 1132/1241/1133 1120/1228/1121
f 1122/1230/1123 1134/1243/1135 1133/1242/1134 1121/1229/1122
f 1123/1231/1124 1135/1244/1136 1134/1243/1135 1122/1230/1123
f 1124/1232/1125 1136/1245/1137 1135/1244/1136 1123/1231/1124
f 1125/1233/1126 1137/1246/1138 1136/1245/1137 1124/1232/1125
f 1126/1234/1127 1138/1247/1139 1137/1246/1138 1125/1233/1126
f 1127/1235/1128 1139/1248/1140 1138/1247/1139 1126/1234/1127
f 1128/1224/1118 1140/1237/1130 1139/1248/1140 1127/1235/1128
f 1129/1236/1129 1141/1249/1141 1152/1250/1142 1140/1237/1130
f 1130/1238/1131 1142/1251/1143 1141/1252/1141 1129/1239/1129
f 1131/1240/1132 1143/1253/1144 1142/1251/1143 1130/1238/1131
f 1132/1241/1133 1144/1254/1145 1143/1253/1144 1131/1240/1132
f 1133/1242/1134 1145/1255/1146 1144/1254/1145 1132/1241/1133
f 1134/1243/1135 1146/1256/1147 1145/1255/1146 1133/1242/1134
f 1135/1244/1136 1147/1257/1148 1146/1256/1147 1134/1243/1135
f 1136/1245/1137 1148/1258/1149 1147/1257/1148 1135/1244/1136
f 1137/1246/1138 1149/1259/1150 1148/1258/1149 1136/1245/1137
f 1138/1247/1139 1150/1260/1151 1149/1259/1150 1137/1246/1138
f 1139/1248/1140 1151/1261/1152 1150/1260/1151 1138/1247/1139
f 1140/1237/1130 1152/1250/1142 1151/1261/1152 1139/1248/1140
f 1141/1249/1141 577/1262/577 588/1263/580 1152/1250/1142
f 1142/1251/1143 578/1264/581 577/1265/577 1141/1252/1141
f 1143/1253/1144 579/1266/583 578/1264/581 1142/1251/1143
f 1144/1254/1145 580/1267/585 579/1266/583 1143/1253/1144
f 1145/1255/1146 581/1268/587 580/1267/585 1144/1254/1145
f 1146/1256/1147 582/1269/589 581/1268/587 1145/1255/1146
f 1147/1257/1148 583/1270/591 582/1269/589 1146/1256/1147
f 1148/1258/1149 584/1271/593 583/1270/591 1147/1257/1148
f 1149/1259/1150 585/1272/595 584/1271/593 1148/1258/1149
f 1150/1260/1151 586/1273/597 585/1272/595 1149/1259/1150
f 1151/1261/1152 587/1274/599 586/1273/597 1150/1260/1151
f 1152/1250/1142 588/1263/580 587/1274/599 1151/1261/1152
