# Blender v2.93.3 OBJ File: 'untitled.blend'
# www.blender.org
o BezierCircle.015_BezierCircle.012
v -37.825104 7.672579 104.836838
v -38.218151 8.167531 104.560333
v -38.782677 8.357526 104.212303
v -39.367424 8.191656 103.885994
v -39.815701 7.714365 103.668846
v -40.007401 7.053542 103.619041
v -39.891151 6.386256 103.749924
v -39.498104 5.891304 104.026421
v -38.933578 5.701308 104.374451
v -38.348835 5.867178 104.700760
v -37.900555 6.344470 104.917908
v -37.708855 7.005291 104.967712
v -39.212982 7.658366 107.240974
v -39.627972 8.156162 107.004547
v -40.163319 8.353698 106.616867
v -40.675575 8.198044 106.181801
v -41.027481 7.730908 105.815933
v -41.124748 7.077457 105.617294
v -40.941311 6.412785 105.639114
v -40.526321 5.914988 105.875534
v -39.990974 5.717452 106.263222
v -39.478718 5.873105 106.698288
v -39.126812 6.340242 107.064156
v -39.029545 6.993692 107.262794
v -40.973770 6.932326 108.841881
v -41.387794 7.433410 108.610764
v -41.809296 7.683818 108.125427
v -42.125332 7.616452 107.515923
v -42.251225 7.249365 106.945564
v -42.153236 6.680916 106.567169
v -41.857628 6.063420 106.482140
v -41.443604 5.562336 106.713257
v -41.022102 5.311929 107.198586
v -40.706066 5.379293 107.808098
v -40.580173 5.746381 108.378456
v -40.678162 6.314830 108.756851
v -42.848137 5.616710 109.393059
v -43.264229 6.118904 109.168144
v -43.563030 6.458870 108.647514
v -43.664482 6.545516 107.970673
v -43.541397 6.355625 107.318977
v -43.226757 5.940078 106.867050
v -42.804871 5.410220 106.735985
v -42.388783 4.908027 106.960899
v -42.089981 4.568060 107.481529
v -41.988529 4.481414 108.158371
v -42.111614 4.671305 108.810066
v -42.426250 5.086852 109.261993
v -44.594894 3.985031 109.028633
v -45.014332 4.486895 108.809265
v -45.232258 4.906393 108.306831
v -45.190281 5.131122 107.655945
v -44.899647 5.100866 107.031021
v -44.438232 4.823732 106.599503
v -43.929672 4.373978 106.477013
v -43.510235 3.872115 106.696381
v -43.292309 3.452616 107.198822
v -43.334286 3.227887 107.849701
v -43.624920 3.258142 108.474625
v -44.086334 3.535276 108.906143
v -46.176914 2.195097 108.001160
v -46.599766 2.696341 107.787003
v -46.775028 3.169934 107.316994
v -46.655739 3.488977 106.717079
v -46.273869 3.567982 106.148003
v -45.731728 3.385781 105.762253
v -45.174591 2.991193 105.663185
v -44.751740 2.489949 105.877350
v -44.576477 2.016356 106.347359
v -44.695763 1.697312 106.947266
v -45.077637 1.618307 107.516342
v -45.619774 1.800508 107.902100
v -47.614975 0.313370 106.471809
v -48.041088 0.814118 106.263016
v -48.193504 1.324893 105.825073
v -48.031380 1.708834 105.275322
v -47.598160 1.863064 104.761078
v -47.009922 1.746256 104.420128
v -46.424286 1.389710 104.343819
v -45.998177 0.888962 104.552612
v -45.845760 0.378186 104.990555
v -46.007885 -0.005754 105.540298
v -46.441105 -0.159984 106.054550
v -47.029339 -0.043177 106.395500
v -48.900864 -1.593212 104.550415
v -49.330082 -1.092704 104.347488
v -49.468994 -0.553464 103.940254
v -49.280373 -0.119982 103.437828
v -48.814766 0.091591 102.974838
v -48.196930 0.024565 102.675339
v -47.592411 -0.303102 102.619576
v -47.163193 -0.803610 102.822502
v -47.024284 -1.342850 103.229736
v -47.212902 -1.776332 103.732162
v -47.678509 -1.987905 104.195152
v -48.296349 -1.920879 104.494659
v -50.005341 -3.445552 102.334488
v -50.437515 -2.944921 102.138260
v -50.567440 -2.381019 101.762688
v -50.360298 -1.904944 101.308418
v -49.871593 -1.644259 100.897171
v -49.232273 -1.668815 100.639137
v -48.613644 -1.972032 100.603455
v -48.181469 -2.472663 100.799683
v -48.051544 -3.036565 101.175247
v -48.258686 -3.512641 101.629517
v -48.747391 -3.773325 102.040764
v -49.386711 -3.748770 102.298805
v -50.889297 -5.157633 99.917267
v -51.324322 -4.656390 99.729050
v -51.447613 -4.068552 99.389702
v -51.226135 -3.551629 98.990135
v -50.719231 -3.244131 98.637421
v -50.062725 -3.228451 98.426064
v -49.432529 -3.508790 98.412697
v -48.997505 -4.010034 98.600906
v -48.874210 -4.597872 98.940262
v -49.095688 -5.114795 99.339828
v -49.602592 -5.422294 99.692543
v -50.259098 -5.437974 99.903900
v -51.507713 -6.639821 97.385925
v -51.945625 -6.137358 97.207939
v -52.064140 -5.524207 96.914825
v -51.831501 -4.964661 96.585129
v -51.310043 -4.608649 96.307182
v -50.639492 -4.551566 96.155472
v -49.999519 -4.808705 96.170639
v -49.561607 -5.311169 96.348625
v -49.443092 -5.924320 96.641739
v -49.675732 -6.483866 96.971436
v -50.197189 -6.839877 97.249382
v -50.867744 -6.896961 97.401093
v -51.807621 -7.797814 94.815605
v -52.248978 -7.293607 94.651611
v -52.366482 -6.653064 94.423988
v -52.128639 -6.047817 94.193718
v -51.599186 -5.640043 94.022507
v -50.919987 -5.539002 93.956223
v -50.273033 -5.771771 94.012642
v -49.831673 -6.275977 94.176628
v -49.714169 -6.916521 94.404251
v -49.952011 -7.521767 94.634521
v -50.481464 -7.929543 94.805733
v -51.160664 -8.030582 94.872017
v -51.722580 -8.513040 92.302292
v -52.169464 -8.006054 92.163811
v -52.295959 -7.341404 92.029076
v -52.068169 -6.697183 91.934174
v -51.547134 -6.246008 91.904533
v -50.872463 -6.108773 91.948105
v -50.224930 -6.322248 92.053207
v -49.778046 -6.829233 92.191689
v -49.651550 -7.493882 92.326424
v -49.879337 -8.138104 92.421326
v -50.400375 -8.589278 92.450966
v -51.075047 -8.726515 92.407394
v -51.380054 -8.686405 90.363701
v -51.837963 -8.180194 90.263771
v -51.988205 -7.507479 90.235542
v -51.790527 -6.848514 90.286568
v -51.297894 -6.379869 90.403175
v -50.642303 -6.227115 90.554131
v -49.999428 -6.431183 90.698975
v -49.541519 -6.937395 90.798897
v -49.391277 -7.610110 90.827133
v -49.588955 -8.269074 90.776108
v -50.081589 -8.737720 90.659492
v -50.737175 -8.890474 90.508545
v -50.859081 -8.503906 88.576111
v -51.331688 -8.005607 88.510880
v -51.515739 -7.344194 88.578506
v -51.361919 -6.696893 88.760864
v -50.911446 -6.237147 89.009102
v -50.285015 -6.088145 89.256691
v -49.650486 -6.289811 89.437302
v -49.177879 -6.788110 89.502533
v -48.993828 -7.449523 89.434906
v -49.147648 -8.096825 89.252548
v -49.598122 -8.556570 89.004311
v -50.224552 -8.705573 88.756721
v -50.175102 -8.026911 86.954948
v -50.660706 -7.539067 86.908981
v -50.882080 -6.901227 87.050652
v -50.779907 -6.284301 87.341988
v -50.381565 -5.853592 87.704933
v -49.793789 -5.724510 88.042236
v -49.174072 -5.931641 88.263512
v -48.688469 -6.419485 88.309479
v -48.467094 -7.057324 88.167809
v -48.569267 -7.674251 87.876472
v -48.967609 -8.104959 87.513527
v -49.555386 -8.234042 87.176224
v -49.345623 -7.322256 85.516678
v -49.839333 -6.842195 85.475372
v -50.096050 -6.231185 85.666893
v -50.046986 -5.652947 86.039917
v -49.705284 -5.262418 86.494499
v -49.162506 -5.164240 86.908829
v -48.564091 -5.384720 87.171890
v -48.070381 -5.864781 87.213188
v -47.813663 -6.475791 87.021675
v -47.862728 -7.054029 86.648643
v -48.204430 -7.444558 86.194069
v -48.747208 -7.542736 85.779739
v -48.384945 -6.453697 84.263641
v -48.879780 -5.975421 84.215607
v -49.166016 -5.387691 84.435966
v -49.166965 -4.847990 84.865662
v -48.882366 -4.500929 85.389557
v -48.388481 -4.439503 85.867279
v -47.817642 -4.680172 86.170822
v -47.322807 -5.158448 86.218849
v -47.036568 -5.746178 85.998489
v -47.035622 -6.285880 85.568802
v -47.320221 -6.632941 85.044907
v -47.814106 -6.694366 84.567184
v -47.303093 -5.478333 83.192146
v -47.790726 -4.994379 83.129547
v -48.098530 -4.422719 83.362732
v -48.144032 -3.916530 83.829224
v -47.915039 -3.611444 84.404030
v -47.472908 -3.589207 84.933121
v -46.936108 -3.855780 85.274742
v -46.448475 -4.339734 85.337341
v -46.140671 -4.911393 85.104149
v -46.095169 -5.417583 84.637657
v -46.324165 -5.722670 84.062851
v -46.766296 -5.744905 83.533760
v -46.107208 -4.447986 82.298210
v -46.578098 -3.950549 82.216141
v -46.898235 -3.386325 82.450829
v -46.981838 -2.906496 82.939392
v -46.806511 -2.639633 83.550911
v -46.419224 -2.657241 84.121536
v -45.923759 -2.954602 84.498375
v -45.452869 -3.452039 84.580444
v -45.132729 -4.016263 84.345757
v -45.049126 -4.496092 83.857193
v -45.224457 -4.762955 83.245674
v -45.611740 -4.745347 82.675049
v -44.803165 -3.411596 81.579727
v -45.246201 -2.893127 81.475677
v -45.568237 -2.327488 81.704285
v -45.682995 -1.866242 82.204285
v -45.559715 -1.632980 82.841705
v -45.231438 -1.690204 83.445755
v -44.786118 -2.022580 83.854568
v -44.343086 -2.541049 83.958618
v -44.021046 -3.106688 83.730019
v -43.906292 -3.567934 83.230019
v -44.029568 -3.801196 82.592598
v -44.357849 -3.743973 81.988548
v -43.396717 -2.416905 81.036629
v -43.798637 -1.870639 80.910278
v -44.110569 -1.295231 81.128265
v -44.248928 -0.844860 81.632187
v -44.176640 -0.640204 82.287018
v -43.913071 -0.736099 82.917297
v -43.528851 -1.106852 83.354141
v -43.126926 -1.653118 83.480499
v -42.814995 -2.228527 83.262512
v -42.676640 -2.678898 82.758591
v -42.748928 -2.883554 82.103752
v -43.012493 -2.787658 81.473473
v -41.894169 -1.511269 80.670349
v -42.239128 -0.932101 80.523781
v -42.526878 -0.339806 80.729462
v -42.680309 0.106912 81.232269
v -42.658318 0.288356 81.897476
v -42.466789 0.155907 82.546860
v -42.157047 -0.254945 83.006393
v -41.812088 -0.834112 83.152962
v -41.524338 -1.426407 82.947289
v -41.370907 -1.873126 82.444481
v -41.392899 -2.054570 81.779266
v -41.584427 -1.922121 81.129890
v -40.302765 -0.741775 80.483116
v -40.572491 -0.127766 80.321388
v -40.819798 0.486124 80.516052
v -40.978416 0.935402 81.014961
v -41.005852 1.099686 81.684418
v -40.894749 0.934955 82.345047
v -40.674877 0.485350 82.819839
v -40.405151 -0.128660 82.981567
v -40.157845 -0.742549 82.786903
v -39.999226 -1.191828 82.288002
v -39.971790 -1.356112 81.618546
v -40.082893 -1.191381 80.957909
v -38.577370 -0.134872 80.478638
v -38.762424 0.508444 80.311859
v -38.973122 1.137536 80.500977
v -39.153008 1.583841 80.995316
v -39.253880 1.727770 81.662415
v -39.248711 1.530759 82.323532
v -39.138885 1.045597 82.801514
v -38.953831 0.402282 82.968300
v -38.743134 -0.226811 82.779182
v -38.563248 -0.673116 82.284843
v -38.462376 -0.817046 81.617744
v -38.467545 -0.620035 80.956627
v -37.015335 0.264862 80.762741
v -37.116917 0.929125 80.606697
v -37.321861 1.561544 80.790977
v -37.575253 1.992662 81.266205
v -37.809196 2.106961 81.905052
v -37.961010 1.873816 82.536331
v -37.990005 1.355698 82.990891
v -37.888424 0.691435 83.146942
v -37.683479 0.059016 82.962662
v -37.430088 -0.372102 82.487427
v -37.196144 -0.486402 81.848587
v -37.044334 -0.253258 81.217308
v -35.674198 0.514260 81.420746
v -35.695347 1.192571 81.296799
v -35.907265 1.825467 81.471291
v -36.253170 2.243364 81.897469
v -36.640373 2.334288 82.461136
v -36.965126 2.073874 83.011261
v -37.140415 1.531902 83.400436
v -37.119263 0.853591 83.524376
v -36.907349 0.220694 83.349884
v -36.561443 -0.197203 82.923706
v -36.174240 -0.288127 82.360039
v -35.849483 -0.027714 81.809914
v -34.604515 0.613936 82.350609
v -34.559464 1.298079 82.274231
v -34.769878 1.933159 82.442505
v -35.179375 2.349006 82.810333
v -35.678230 2.434194 83.279160
v -36.132778 2.165898 83.723366
v -36.421223 1.616007 84.023926
v -36.466274 0.931863 84.100296
v -36.255863 0.296783 83.932030
v -35.846367 -0.119064 83.564194
v -35.347507 -0.204253 83.095367
v -34.892960 0.064043 82.651169
v -33.758854 0.594858 83.437881
v -33.669304 1.278167 83.406502
v -33.872059 1.915654 83.575066
v -34.312790 2.336505 83.898422
v -34.873405 2.427954 84.289909
v -35.403683 2.165496 84.644646
v -35.761539 1.619457 84.867569
v -35.851089 0.936148 84.898949
v -35.648335 0.298660 84.730377
v -35.207603 -0.122192 84.407028
v -34.646988 -0.213640 84.015541
v -34.116711 0.048818 83.660805
v -33.054356 0.492953 84.601189
v -32.937275 1.172812 84.601700
v -33.129101 1.811951 84.776680
v -33.578430 2.239114 85.079254
v -34.164867 2.339842 85.428337
v -34.731277 2.087147 85.730400
v -35.125889 1.548737 85.904503
v -35.242966 0.868878 85.903992
v -35.051144 0.229739 85.729012
v -34.601814 -0.197424 85.426437
v -34.015377 -0.298153 85.077354
v -33.448967 -0.045458 84.775291
v -32.410934 0.338002 85.786034
v -32.277321 1.014589 85.803146
v -32.456177 1.654373 85.989159
v -32.899582 2.085925 86.294235
v -33.488724 2.193611 86.636627
v -34.065742 1.948576 86.924591
v -34.476025 1.416478 87.080963
v -34.609638 0.739891 87.063858
v -34.430782 0.100107 86.877846
v -33.987377 -0.331446 86.572769
v -33.398235 -0.439132 86.230377
v -32.821217 -0.194097 85.942413
v -31.762348 0.154556 86.945023
v -31.620441 0.829400 86.964081
v -31.784178 1.468915 87.164398
v -32.209679 1.901743 87.492302
v -32.782936 2.011908 87.859940
v -33.350342 1.769891 88.168793
v -33.759865 1.240541 88.336113
v -33.901772 0.565697 88.317062
v -33.738037 -0.073818 88.116745
v -33.312534 -0.506646 87.788834
v -32.739277 -0.616811 87.421196
v -32.171871 -0.374795 87.112343
v -31.053631 -0.035736 88.032112
v -30.912136 0.639423 88.039551
v -31.057804 1.278021 88.256088
v -31.451603 1.708946 88.623711
v -31.988012 1.816733 89.043900
v -32.523304 1.572500 89.404076
v -32.914047 1.041689 89.607735
v -33.055538 0.366531 89.600296
v -32.909874 -0.272068 89.383759
v -32.516075 -0.702994 89.016144
v -31.979664 -0.810781 88.595947
v -31.444372 -0.566548 88.235771
v -30.235619 -0.213861 89.006714
v -30.105921 0.463525 88.991173
v -30.229862 1.101042 89.223824
v -30.574230 1.527867 89.642326
v -31.046751 1.629633 90.134552
v -31.520817 1.379072 90.568596
v -31.869396 0.843322 90.828171
v -31.999092 0.165935 90.843712
v -31.875153 -0.471582 90.611061
v -31.530785 -0.898408 90.192558
v -31.058264 -1.000174 89.700340
v -30.584198 -0.749613 89.266289
v -29.254654 -0.363962 89.839272
v -29.150820 0.316564 89.794350
v -29.249859 0.953535 90.040062
v -29.525230 1.376275 90.510567
v -29.903154 1.471512 91.079796
v -30.282362 1.213726 91.595222
v -30.561247 0.671991 91.918739
v -30.665081 -0.008535 91.963661
v -30.566044 -0.645506 91.717949
v -30.290670 -1.068247 91.247437
v -29.912746 -1.163483 90.678215
v -29.533539 -0.905697 90.162788
v -28.039192 -0.471709 90.506775
v -27.974312 0.211201 90.433701
v -28.047878 0.848784 90.686668
v -28.240181 1.270199 91.197884
v -28.499689 1.362530 91.830376
v -28.756870 1.101035 92.414665
v -28.942814 0.555782 92.794189
v -29.007694 -0.127128 92.867264
v -28.934128 -0.764711 92.614296
v -28.741827 -1.186127 92.103081
v -28.482319 -1.278457 91.470589
v -28.225136 -1.016963 90.886299
v -26.357506 -0.524572 91.014671
v -26.352551 0.157766 90.913162
v -26.452084 0.797831 91.150490
v -26.629431 1.224117 91.663071
v -26.837076 1.322403 92.313560
v -27.019381 1.066352 92.927666
v -27.127495 0.524573 93.340828
v -27.132450 -0.157765 93.442337
v -27.032917 -0.797830 93.205009
v -26.855568 -1.224117 92.692429
v -26.647923 -1.322403 92.041939
v -26.465620 -1.066352 91.427834
v -24.726908 -0.326028 91.617760
v -24.860838 0.327688 91.442741
v -25.179026 0.926697 91.568672
v -25.596214 1.310495 91.961830
v -26.000618 1.376243 92.516846
v -26.283878 1.106325 93.085022
v -26.370090 0.573065 93.514114
v -26.236162 -0.080651 93.689140
v -25.917973 -0.679660 93.563202
v -25.500786 -1.063458 93.170052
v -25.096382 -1.129207 92.615028
v -24.813122 -0.859289 92.046852
v -23.847809 0.510773 92.870140
v -24.102503 1.036982 92.503876
v -24.641701 1.410439 92.290077
v -25.320927 1.531076 92.286026
v -25.958179 1.366567 92.492813
v -26.382710 0.960994 92.855034
v -26.480762 0.423029 93.275620
v -26.226067 -0.103180 93.641884
v -25.686871 -0.476638 93.855682
v -25.007645 -0.597274 93.859734
v -24.370392 -0.432766 93.652939
v -23.945862 -0.027193 93.290726
v -24.327457 1.528738 94.128616
v -24.534485 1.937727 93.613075
v -24.991413 2.092613 93.119980
v -25.575806 1.951896 92.781456
v -26.131075 1.553279 92.688210
v -26.508438 1.003572 92.865219
v -26.606783 0.450068 93.265068
v -26.399754 0.041079 93.780609
v -25.942825 -0.113808 94.273705
v -25.358433 0.026910 94.612228
v -24.803165 0.425527 94.705482
v -24.425800 0.975234 94.528465
v -25.395222 2.351296 95.070862
v -25.556602 2.729559 94.516975
v -25.926361 2.818631 93.941422
v -26.405415 2.594644 93.498421
v -26.865402 2.117615 93.306664
v -27.183075 1.515364 93.417549
v -27.273308 0.949264 93.801346
v -27.111925 0.571000 94.355232
v -26.742168 0.481928 94.930786
v -26.263115 0.705915 95.373787
v -25.803127 1.182944 95.565544
v -25.485455 1.785195 95.454659
v -26.798635 3.158312 95.997047
v -26.944145 3.533886 95.436974
v -27.276905 3.607991 94.837227
v -27.707760 3.360770 94.358513
v -28.121254 2.858466 94.129112
v -28.406597 2.235671 94.210480
v -28.487331 1.659262 94.580811
v -28.341822 1.283687 95.140892
v -28.009060 1.209582 95.740631
v -27.578209 1.456803 96.219345
v -27.164711 1.959106 96.448753
v -26.879368 2.581902 96.367386
v -28.467514 3.986316 96.995506
v -28.613136 4.368407 96.439888
v -28.934910 4.443902 95.834351
v -29.346615 4.192574 95.341148
v -29.737934 3.681764 95.092438
v -30.004017 3.048345 95.154854
v -30.073563 2.462041 95.511681
v -29.927940 2.079951 96.067307
v -29.606167 2.004455 96.672844
v -29.194462 2.255783 97.166046
v -28.803143 2.766592 97.414757
v -28.537060 3.400011 97.352341
v -30.301193 4.813933 98.084938
v -30.458012 5.207426 97.540428
v -30.785294 5.292317 96.939102
v -31.195345 5.045861 96.442078
v -31.578293 4.534095 96.182533
v -31.831524 3.894147 96.230019
v -31.887188 3.297489 96.571800
v -31.730370 2.903996 97.116310
v -31.403088 2.819104 97.717636
v -30.993036 3.065560 98.214661
v -30.610090 3.577326 98.474205
v -30.356857 4.217275 98.426720
v -32.184231 5.606246 99.267822
v -32.362694 6.015104 98.741608
v -32.709564 6.115160 98.153740
v -33.131901 5.879604 97.661743
v -33.516541 5.371553 97.397446
v -33.760414 4.727139 97.431664
v -33.798180 4.119033 97.755226
v -33.619717 3.710174 98.281441
v -33.272846 3.610118 98.869308
v -32.850510 3.845674 99.361305
v -32.465874 4.353724 99.625603
v -32.221996 4.998138 99.591385
v -33.994225 6.323916 100.539429
v -34.206493 6.752378 100.042160
v -34.588196 6.873192 99.480362
v -35.037064 6.653986 99.004562
v -35.432816 6.153495 98.742256
v -35.669415 5.505826 98.763733
v -35.683464 4.884521 99.063225
v -35.471195 4.456059 99.560501
v -35.089493 4.335245 100.122299
v -34.640625 4.554451 100.598099
v -34.244873 5.054942 100.860405
v -34.008274 5.702611 100.838928
v -35.604630 6.925800 101.887283
v -35.866161 7.378849 101.437546
v -36.301380 7.526666 100.923103
v -36.793671 7.329642 100.481804
v -37.211121 6.840570 100.231880
v -37.441875 6.190497 100.240318
v -37.424107 5.553608 100.504837
v -37.162575 5.100559 100.954575
v -36.727356 4.952742 101.469017
v -36.235069 5.149765 101.910316
v -35.817616 5.638837 102.160240
v -35.586861 6.288911 102.151802
v -36.888702 7.371304 103.285622
v -37.217445 7.853844 102.918198
v -37.727753 8.034808 102.490700
v -38.282887 7.865709 102.117676
v -38.734093 7.391855 101.899071
v -38.960480 6.740216 101.893463
v -38.901382 6.085398 102.102348
v -38.572636 5.602858 102.469772
v -38.062328 5.421893 102.897270
v -37.507198 5.590992 103.270294
v -37.055988 6.064846 103.488899
v -36.829601 6.716485 103.494507
v -50.757053 -6.766303 93.320084
v -51.003399 -6.289487 92.886642
v -51.241798 -6.114960 92.263245
v -51.408379 -6.289486 91.616943
v -51.458500 -6.766301 91.120911
v -51.378735 -7.417643 90.908051
v -51.190456 -8.068985 91.035408
v -50.944115 -8.545800 91.468857
v -50.705711 -8.720327 92.092255
v -50.539131 -8.545801 92.738556
v -50.489010 -8.068986 93.234589
v -50.568775 -7.417645 93.447449
v -51.908546 -7.071198 93.644226
v -52.158012 -6.595201 93.211662
v -52.369270 -6.413556 92.580566
v -52.485710 -6.574934 91.920021
v -52.476135 -7.036092 91.407036
v -52.343109 -7.673465 91.179054
v -52.122280 -8.316269 91.297173
v -51.872814 -8.792266 91.729729
v -51.661556 -8.973911 92.360832
v -51.545113 -8.812534 93.021378
v -51.554688 -8.351377 93.534363
v -51.687714 -7.714003 93.762344
v -53.008392 -7.434415 93.883011
v -53.260315 -6.959219 93.450989
v -53.450226 -6.770619 92.815163
v -53.527245 -6.919150 92.145897
v -53.470734 -7.365014 91.622513
v -53.295830 -7.988740 91.385262
v -53.049400 -8.623204 91.497711
v -52.797478 -9.098400 91.929726
v -52.607567 -9.287001 92.565552
v -52.530548 -9.138471 93.234825
v -52.587059 -8.692607 93.758202
v -52.761963 -8.068880 93.995453
v -54.050289 -7.827651 94.060860
v -54.303799 -7.353046 93.629120
v -54.479927 -7.159310 92.990875
v -54.531487 -7.298357 92.317139
v -54.444656 -7.732927 91.788437
v -54.242706 -8.346578 91.546440
v -53.979752 -8.974883 91.655983
v -53.726242 -9.449489 92.087723
v -53.550110 -9.643224 92.725967
v -53.498550 -9.504178 93.399704
v -53.585381 -9.069609 93.928406
v -53.787331 -8.455957 94.170410
v -55.033504 -8.225314 94.202560
v -55.287685 -7.750977 93.770920
v -55.457973 -7.554910 93.131798
v -55.498741 -7.689651 92.456451
v -55.399067 -8.119094 91.925827
v -55.185654 -8.728170 91.682114
v -54.915688 -9.353681 91.790611
v -54.661510 -9.828018 92.222252
v -54.491219 -10.024085 92.861374
v -54.450455 -9.889345 93.536720
v -54.550129 -9.459902 94.067345
v -54.763538 -8.850824 94.311058
v -55.956921 -8.603502 94.331001
v -56.210804 -8.129045 93.899323
v -56.383671 -7.934020 93.260574
v -56.429199 -8.070681 92.585915
v -56.335194 -8.502411 92.056114
v -56.126839 -9.113529 91.813133
v -55.859970 -9.740287 91.922081
v -55.606083 -10.214744 92.353767
v -55.433220 -10.409770 92.992508
v -55.387688 -10.273109 93.667168
v -55.481693 -9.841378 94.196968
v -55.690048 -9.230260 94.439949
v -56.818027 -8.940097 94.466591
v -57.070549 -8.465117 94.034683
v -57.255234 -8.274630 93.397881
v -57.322598 -8.419673 92.726807
v -57.254585 -8.861384 92.201279
v -57.069420 -9.481407 91.962105
v -56.816723 -10.113607 92.073380
v -56.564198 -10.588586 92.505287
v -56.379513 -10.779075 93.142090
v -56.312149 -10.634031 93.813164
v -56.380165 -10.192320 94.338692
v -56.565327 -9.572297 94.577866
v -57.613117 -9.215625 94.626465
v -57.863091 -8.739782 94.194023
v -58.069950 -8.556803 93.561852
v -58.178276 -8.715715 92.899338
v -58.159035 -9.173940 92.383995
v -58.017387 -9.808696 92.153923
v -57.791283 -10.449900 92.270752
v -57.541313 -10.925743 92.703186
v -57.334450 -11.108723 93.335365
v -57.226128 -10.949810 93.997879
v -57.245365 -10.491586 94.513222
v -57.387016 -9.856830 94.743294
v -58.339760 -9.415047 94.824104
v -58.585896 -8.938184 94.390594
v -58.826096 -8.764061 93.767776
v -58.995995 -8.939332 93.122543
v -59.050072 -9.417034 92.627777
v -58.973839 -10.069167 92.416054
v -58.787712 -10.720993 92.544106
v -58.541580 -11.197854 92.977623
v -58.301376 -11.371978 93.600433
v -58.131477 -11.196708 94.245674
v -58.077400 -10.719006 94.740440
v -58.153633 -10.066872 94.952156
v -59.002506 -9.529174 95.071014
v -59.243629 -9.051491 94.635597
v -59.527405 -8.884503 94.029373
v -59.777786 -9.072952 93.414795
v -59.927696 -9.566345 92.956528
v -59.936958 -10.232477 92.777374
v -59.803093 -10.892859 92.925323
v -59.561966 -11.370543 93.360748
v -59.278191 -11.537531 93.966972
v -59.027809 -11.349082 94.581551
v -58.877903 -10.855689 95.039818
v -58.868641 -10.189557 95.218971
v -59.619370 -9.552005 95.382866
v -59.854794 -9.074142 94.944527
v -60.188126 -8.908711 94.363632
v -60.530052 -9.100037 93.795837
v -60.788956 -9.596853 93.393272
v -60.895458 -10.266041 93.263809
v -60.821030 -10.928290 93.442139
v -60.585609 -11.406152 93.880478
v -60.252274 -11.571585 94.461365
v -59.910347 -11.380260 95.029167
v -59.651447 -10.883442 95.431732
v -59.544941 -10.214255 95.561195
v -60.220200 -9.471743 95.787422
v -60.450058 -8.994623 95.345337
v -60.831757 -8.822746 94.796997
v -61.263031 -9.002166 94.289330
v -61.628315 -9.484807 93.958366
v -61.829731 -10.141347 93.892776
v -61.813313 -10.795866 94.110146
v -61.583458 -11.272986 94.552231
v -61.201756 -11.444864 95.100571
v -60.770485 -11.265445 95.608238
v -60.405197 -10.782804 95.939209
v -60.203781 -10.126263 96.004791
v -60.798302 -9.269566 96.280777
v -61.067135 -8.780415 95.875343
v -61.530540 -8.583319 95.403831
v -62.064346 -8.731091 94.992577
v -62.525520 -9.184134 94.751778
v -62.790489 -9.821057 94.745956
v -62.788261 -10.471197 94.976669
v -62.519428 -10.960348 95.382095
v -62.056023 -11.157444 95.853615
v -61.522217 -11.009672 96.264862
v -61.061043 -10.556629 96.505669
v -60.796074 -9.919705 96.511490
v -61.793327 -8.769496 97.787857
v -62.148682 -8.239866 97.524925
v -62.724503 -7.990179 97.238564
v -63.366497 -8.087336 97.005501
v -63.902641 -8.505305 96.888184
v -64.189285 -9.132091 96.918045
v -64.149612 -9.799747 97.087090
v -63.794258 -10.329377 97.350021
v -63.218437 -10.579065 97.636383
v -62.576443 -10.481908 97.869446
v -62.040295 -10.063939 97.986763
v -61.753654 -9.437154 97.956902
v -62.130821 -8.493252 99.639862
v -62.526512 -7.932798 99.567505
v -63.151386 -7.645624 99.512894
v -63.838005 -7.708679 99.490662
v -64.402390 -8.105067 99.506767
v -64.693314 -8.728576 99.556892
v -64.632835 -9.412138 99.627609
v -64.237144 -9.972592 99.699959
v -63.612274 -10.259766 99.754570
v -62.925652 -10.196712 99.776802
v -62.361267 -9.800323 99.760696
v -62.070339 -9.176814 99.710571
v -61.900978 -8.385501 101.865204
v -62.285881 -7.816857 101.931618
v -62.897469 -7.519600 102.047882
v -63.571861 -7.573379 102.182831
v -64.128372 -7.963785 102.300308
v -64.417862 -8.586207 102.368835
v -64.362785 -9.273870 102.370056
v -63.977882 -9.842514 102.303642
v -63.366295 -10.139771 102.187386
v -62.691902 -10.085992 102.052437
v -62.135399 -9.695587 101.934952
v -61.845901 -9.073164 101.866425
v -61.147701 -8.425001 104.363052
v -61.507351 -7.857120 104.518227
v -62.087196 -7.560821 104.746033
v -62.731880 -7.615498 104.985435
v -63.268646 -8.006499 105.172279
v -63.553680 -8.629057 105.256508
v -63.510605 -9.316357 105.215546
v -63.150955 -9.884238 105.060371
v -62.571106 -10.180537 104.832558
v -61.926422 -10.125860 104.593155
v -61.389656 -9.734859 104.406311
v -61.104622 -9.112302 104.322083
v -59.952911 -8.578671 107.002220
v -60.287483 -8.013811 107.214142
v -60.834717 -7.721443 107.515755
v -61.447987 -7.779903 107.826233
v -61.962967 -8.173531 108.062393
v -62.241661 -8.796851 108.160950
v -62.209404 -9.482847 108.095505
v -61.874832 -10.047708 107.883583
v -61.327595 -10.340077 107.581970
v -60.714325 -10.281616 107.271492
v -60.199348 -9.887989 107.035332
v -59.920650 -9.264668 106.936775
v -58.418991 -8.805519 109.659027
v -58.732029 -8.243736 109.908676
v -59.249619 -7.955606 110.262230
v -59.833065 -8.018329 110.624954
v -60.326042 -8.415099 110.899658
v -60.596451 -9.039605 111.012733
v -60.571846 -9.724507 110.933884
v -60.258804 -10.286290 110.684235
v -59.741219 -10.574422 110.330681
v -59.157768 -10.511699 109.967957
v -58.664795 -10.114928 109.693253
v -58.394382 -9.490422 109.580177
v -56.655312 -9.061664 112.218559
v -56.950432 -8.502406 112.494331
v -57.440891 -8.218097 112.887436
v -57.995277 -8.284916 113.292542
v -58.465038 -8.684958 113.601089
v -58.724304 -9.311033 113.730415
v -58.703606 -9.995385 113.645866
v -58.408493 -10.554643 113.370087
v -57.918030 -10.838952 112.976982
v -57.363640 -10.772134 112.571884
v -56.893879 -10.372091 112.263329
v -56.634613 -9.746016 112.134003
v -54.774563 -9.302391 114.570213
v -55.054764 -8.744969 114.864632
v -55.518791 -8.463913 115.290787
v -56.042305 -8.534531 115.734474
v -56.485027 -8.937901 116.076828
v -56.728336 -9.565940 116.226105
v -56.707035 -10.250366 116.142303
v -56.426834 -10.807788 115.847885
v -55.962807 -11.088844 115.421730
v -55.439293 -11.018227 114.978043
v -54.996571 -10.614857 114.635689
v -54.753262 -9.986817 114.486412
v -52.894180 -9.483129 116.603752
v -53.161888 -8.926821 116.911606
v -53.597084 -8.648333 117.368729
v -54.083153 -8.722286 117.852654
v -54.489861 -9.128864 118.233704
v -54.708225 -9.759125 118.409775
v -54.679737 -10.444192 118.333702
v -54.412029 -11.000500 118.025856
v -53.976837 -11.278988 117.568726
v -53.490765 -11.205035 117.084808
v -53.084057 -10.798457 116.703751
v -52.865692 -10.168196 116.527679
v -51.144073 -9.561312 118.204773
v -51.401409 -9.005340 118.521927
v -51.799168 -8.728065 119.012665
v -52.230766 -8.803785 119.545494
v -52.580555 -9.212209 119.977646
v -52.754814 -9.843901 120.193314
v -52.706848 -10.529598 120.134720
v -52.449512 -11.085570 119.817566
v -52.051754 -11.362844 119.326828
v -51.620155 -11.287126 118.794006
v -51.270367 -10.878702 118.361855
v -51.096107 -10.247010 118.146179
v -49.695526 -9.506507 119.249519
v -49.945267 -8.950043 119.571846
v -50.280365 -8.668710 120.105209
v -50.611031 -8.737891 120.706696
v -50.848663 -9.139050 121.215141
v -50.929588 -9.764696 121.494308
v -50.832123 -10.447187 121.469391
v -50.582382 -11.003652 121.147064
v -50.247284 -11.284985 120.613708
v -49.916618 -11.215804 120.012215
v -49.678986 -10.814645 119.503769
v -49.598061 -10.188999 119.224602
v -48.766449 -9.320158 119.672508
v -48.964249 -8.754216 120.013832
v -49.147396 -8.445159 120.602783
v -49.266815 -8.475798 121.281540
v -49.290508 -8.837922 121.868240
v -49.212128 -9.434502 122.205673
v -49.052673 -10.105683 122.203438
v -48.854874 -10.671624 121.862114
v -48.671726 -10.980681 121.273170
v -48.552307 -10.950044 120.594406
v -48.528610 -10.587919 120.007706
v -48.606995 -9.991340 119.670273
v -47.193302 -8.862622 119.611694
v -47.241611 -8.261543 119.946785
v -47.169212 -7.892420 120.525078
v -46.995502 -7.854157 121.191612
v -46.767029 -8.157009 121.767807
v -46.545006 -8.719826 122.099258
v -46.388931 -9.391801 122.097153
v -46.340618 -9.992880 121.762070
v -46.413017 -10.362004 121.183777
v -46.586731 -10.400267 120.517235
v -46.815205 -10.097415 119.941040
v -47.037224 -9.534598 119.609589
v -45.658218 -8.581959 118.775986
v -45.555508 -7.951590 119.036758
v -45.263393 -7.539854 119.506920
v -44.860142 -7.457074 120.060509
v -44.453812 -7.725431 120.549171
v -44.153271 -8.273020 120.841980
v -44.039051 -8.953113 120.860474
v -44.141762 -9.583482 120.599709
v -44.433876 -9.995218 120.129539
v -44.837128 -10.077998 119.575958
v -45.243458 -9.809642 119.087296
v -45.543999 -9.262053 118.794479
v -44.113205 -8.429104 117.185257
v -43.930092 -7.789730 117.368523
v -43.519535 -7.364728 117.724518
v -42.991547 -7.267977 118.157852
v -42.487595 -7.525401 118.552422
v -42.142715 -8.068023 118.802490
v -42.049316 -8.750449 118.841057
v -42.232430 -9.389822 118.657791
v -42.642986 -9.814824 118.301796
v -43.170975 -9.911576 117.868462
v -43.674927 -9.654153 117.473892
v -44.019806 -9.111530 117.223831
v -42.630455 -8.393096 114.954597
v -42.409233 -7.752357 115.082771
v -41.941204 -7.325297 115.355682
v -41.351776 -7.226345 115.700218
v -40.798889 -7.482015 116.024048
v -40.430687 -8.023802 116.240402
v -40.345829 -8.706532 116.291306
v -40.567055 -9.347272 116.163132
v -41.035084 -9.774334 115.890221
v -41.624508 -9.873286 115.545692
v -42.177395 -9.617616 115.221863
v -42.545597 -9.075830 115.005508
v -41.268677 -8.445180 112.274185
v -41.029175 -7.804957 112.367287
v -40.532238 -7.378712 112.584740
v -39.911026 -7.280657 112.868279
v -39.331989 -7.537066 113.141937
v -38.950279 -8.079234 113.332375
v -38.868176 -8.761888 113.388573
v -39.107677 -9.402111 113.295471
v -39.604614 -9.828356 113.078018
v -40.225826 -9.926412 112.794479
v -40.804863 -9.670003 112.520821
v -41.186573 -9.127834 112.330383
v -40.054573 -8.546028 109.343422
v -39.806496 -7.906436 109.416183
v -39.294422 -7.481306 109.597733
v -38.655563 -7.384550 109.839424
v -38.061104 -7.642094 110.076500
v -37.670326 -8.184929 110.245430
v -37.587940 -8.867603 110.300949
v -37.836018 -9.507196 110.228188
v -38.348091 -9.932326 110.046638
v -38.986950 -10.029083 109.804947
v -39.581409 -9.771540 109.567871
v -39.972187 -9.228704 109.398941
v -38.999352 -8.652922 106.356926
v -38.748291 -8.013599 106.421364
v -38.228611 -7.589158 106.581673
v -37.579559 -7.493327 106.794891
v -36.975044 -7.751782 107.003883
v -36.577049 -8.295272 107.152657
v -36.492214 -8.978168 107.201340
v -36.743271 -9.617491 107.136902
v -37.262951 -10.041932 106.976593
v -37.912003 -10.137764 106.763374
v -38.516518 -9.879309 106.554382
v -38.914516 -9.335819 106.405609
v -38.107662 -8.722172 103.504700
v -37.857964 -8.082766 103.573448
v -37.335812 -7.658478 103.725937
v -36.681114 -7.562998 103.921303
v -36.069298 -7.821908 104.107208
v -35.664295 -8.365834 104.233833
v -35.574631 -9.049032 104.267250
v -35.824329 -9.688438 104.198509
v -36.346481 -10.112726 104.046021
v -37.001179 -10.208206 103.850655
v -37.612999 -9.949296 103.664749
v -38.017998 -9.405371 103.538124
v -37.381111 -8.709820 100.973045
v -37.138165 -8.070728 101.064995
v -36.618782 -7.646571 101.227005
v -35.962135 -7.551000 101.415672
v -35.344170 -7.809623 101.580437
v -34.930470 -8.353142 101.677155
v -34.831882 -9.035922 101.679901
v -35.074829 -9.675013 101.587952
v -35.594212 -10.099170 101.425941
v -36.250862 -10.194742 101.237274
v -36.868828 -9.936119 101.072510
v -37.282528 -9.392601 100.975792
v -36.818863 -8.571246 98.942451
v -36.594814 -7.938306 99.100891
v -36.088390 -7.518366 99.308495
v -35.435287 -7.423949 99.509636
v -34.810509 -7.680353 99.650421
v -34.381454 -8.218876 99.693130
v -34.263100 -8.895221 99.626312
v -34.487152 -9.528161 99.467873
v -34.993576 -9.948101 99.260262
v -35.646675 -10.042519 99.059120
v -36.271458 -9.786114 98.918335
v -36.700508 -9.247591 98.875626
v -36.410439 -8.248458 97.567535
v -36.261642 -7.697092 97.954536
v -35.813305 -7.340117 98.338570
v -35.185558 -7.273186 98.616722
v -34.546608 -7.514232 98.714478
v -34.067661 -7.998667 98.605637
v -33.877048 -8.596687 98.319359
v -34.025848 -9.148053 97.932358
v -34.474186 -9.505028 97.548325
v -35.101929 -9.571959 97.270172
v -35.740879 -9.330914 97.172417
v -36.219826 -8.846479 97.281265
v -36.132233 -7.588913 97.043457
v -36.196011 -7.624996 97.729424
v -35.916260 -7.733901 98.350548
v -35.367935 -7.886447 98.740402
v -34.697960 -8.041759 98.794518
v -34.085857 -8.158223 98.498413
v -33.695637 -8.204631 97.931412
v -33.631859 -8.168548 97.245445
v -33.911613 -8.059643 96.624321
v -34.459938 -7.907096 96.234467
v -35.129910 -7.751784 96.180351
v -35.742012 -7.635321 96.476456
v -25.983738 0.332895 91.133911
v -26.611332 0.576592 90.983398
v -27.274071 0.665791 91.152908
v -27.794376 0.576592 91.597031
v -28.032833 0.332896 92.196747
v -27.925547 0.000001 92.791382
v -27.501263 -0.332895 93.221588
v -26.873672 -0.576592 93.372101
v -26.210930 -0.665791 93.202591
v -25.690624 -0.576593 92.758469
v -25.452168 -0.332896 92.158752
v -25.559452 -0.000001 91.564117
v -25.952492 0.459080 91.162971
v -26.613558 0.382242 90.981308
v -27.283762 0.399974 91.143875
v -27.783520 0.507525 91.607109
v -27.978926 0.676076 92.246895
v -27.817617 0.860465 92.891792
v -27.342819 1.011284 93.369011
v -26.681751 1.088122 93.550674
v -26.011547 1.070391 93.388107
v -25.511787 0.962840 92.924866
v -25.316383 0.794288 92.285088
v -25.477692 0.609900 91.640182
v -26.030087 0.695674 90.919823
v -26.639690 0.374090 90.890106
v -27.292910 0.311055 91.102821
v -27.814716 0.523461 91.500961
v -28.065294 0.954394 91.977844
v -27.977501 1.488384 92.405701
v -27.574856 1.982351 92.669884
v -26.965256 2.303936 92.699600
v -26.312035 2.366970 92.486893
v -25.790226 2.154565 92.088753
v -25.539650 1.723632 91.611862
v -25.627443 1.189642 91.184006
v -26.397064 1.123936 90.137535
v -26.943291 0.715528 90.241241
v -27.563931 0.607862 90.522545
v -28.092686 0.829785 90.906059
v -28.387877 1.321835 91.289024
v -28.370405 1.952166 91.568832
v -28.044954 2.551882 91.670509
v -27.498730 2.960290 91.566803
v -26.878086 3.067957 91.285500
v -26.349331 2.846033 90.901993
v -26.054142 2.353984 90.519020
v -26.071613 1.723653 90.239212
v -27.099852 1.548516 88.955940
v -27.594032 1.106332 89.146133
v -28.174837 0.972815 89.493629
v -28.686644 1.183739 89.905312
v -28.992310 1.682588 90.270866
v -29.009935 2.335695 90.492355
v -28.734798 2.968062 90.510414
v -28.240618 3.410246 90.320221
v -27.659811 3.543763 89.972725
v -27.148006 3.332840 89.561043
v -26.842339 2.833991 89.195488
v -26.824713 2.180883 88.973999
v -28.141396 1.937564 87.574890
v -28.584389 1.475472 87.832069
v -29.113420 1.321815 88.247314
v -29.586731 1.517766 88.709373
v -29.877501 2.010820 89.094429
v -29.907818 2.668864 89.299301
v -29.669556 3.315575 89.269104
v -29.226561 3.777668 89.011932
v -28.697529 3.931325 88.596680
v -28.224218 3.735374 88.134628
v -27.933449 3.242320 87.749573
v -27.903133 2.584276 87.544693
v -29.538895 2.308371 86.159874
v -29.923420 1.830336 86.475372
v -30.381924 1.657450 86.960960
v -30.791553 1.836038 87.486534
v -31.042549 2.318247 87.911255
v -31.067654 2.974870 88.121330
v -30.860144 3.629966 88.060463
v -30.475620 4.108001 87.744965
v -30.017115 4.280888 87.259377
v -29.607487 4.102300 86.733803
v -29.356491 3.620091 86.309082
v -29.331387 2.963468 86.099007
v -31.315338 2.687064 84.871170
v -31.628714 2.193543 85.237427
v -31.991608 1.999846 85.791237
v -32.306782 2.157875 86.384201
v -32.489788 2.625285 86.857437
v -32.491585 3.276835 87.084145
v -32.311695 3.937943 87.003571
v -31.998318 4.431464 86.637306
v -31.635424 4.625161 86.083496
v -31.320250 4.467133 85.490532
v -31.137245 3.999722 85.017296
v -31.135448 3.348172 84.790596
v -33.487209 3.100926 83.876190
v -33.715630 2.590945 84.280739
v -33.956348 2.373577 84.889610
v -34.144863 2.507065 85.539650
v -34.230659 2.955642 86.056694
v -34.190754 3.599111 86.302193
v -34.035835 4.265057 86.210365
v -33.807411 4.775038 85.805817
v -33.566696 4.992407 85.196953
v -33.378181 4.858919 84.546906
v -33.292381 4.410342 84.029861
v -33.332291 3.766872 83.784363
v -36.050900 3.575098 83.345650
v -36.186451 3.047726 83.769226
v -36.287472 2.804199 84.406731
v -36.326900 2.909770 85.087326
v -36.294167 3.336151 85.628662
v -36.198044 3.969094 85.885681
v -36.064289 4.639002 85.789520
v -35.928741 5.166375 85.365936
v -35.827721 5.409902 84.728439
v -35.788292 5.304331 84.047836
v -35.821022 4.877950 83.506508
v -35.917145 4.245008 83.249481
v -38.982197 4.131369 83.435455
v -39.028633 3.586956 83.856613
v -38.991245 3.316961 84.490341
v -38.880051 3.393728 85.166847
v -38.724842 3.796689 85.704849
v -38.567207 4.417870 85.960197
v -38.449390 5.090826 85.864471
v -38.402954 5.635239 85.443314
v -38.440342 5.905234 84.809578
v -38.551540 5.828467 84.133072
v -38.706749 5.425506 83.595070
v -38.864380 4.804326 83.339722
v -42.257069 4.790375 84.275414
v -42.228607 4.230841 84.677933
v -42.071949 3.936766 85.281998
v -41.829071 3.986948 85.925743
v -41.565056 4.367941 86.436676
v -41.350643 4.977658 86.677902
v -41.243286 5.652726 86.584770
v -41.271748 6.212260 86.182251
v -41.428406 6.506335 85.578186
v -41.671280 6.456153 84.934441
v -41.935299 6.075161 84.423500
v -42.149712 5.465444 84.182281
v -45.912769 5.584927 86.004959
v -45.818203 5.010724 86.375450
v -45.551243 4.692172 86.926064
v -45.183411 4.714626 87.509254
v -44.813274 5.072070 87.968765
v -44.540009 5.668726 88.181465
v -44.436836 6.344723 88.090363
v -44.531399 6.918926 87.719872
v -44.798363 7.237479 87.169258
v -45.166191 7.215025 86.586067
v -45.536327 6.857581 86.126564
v -45.809593 6.260924 85.913864
v -47.391644 5.968524 87.192413
v -47.221786 5.374585 87.499496
v -46.827450 5.022647 87.942841
v -46.314301 5.007011 88.403656
v -45.819836 5.331867 88.758461
v -45.476543 5.910170 88.912193
v -45.376411 6.586963 88.823654
v -45.546272 7.180902 88.516571
v -45.940605 7.532840 88.073219
v -46.453754 7.548477 87.612411
v -46.948219 7.223621 87.257599
v -47.291512 6.645319 87.103874
v -48.285061 6.275770 88.626350
v -48.048134 5.659733 88.827049
v -47.547333 5.272714 89.101509
v -46.916840 5.218415 89.376190
v -46.325607 5.511385 89.577492
v -45.932041 6.073123 89.651474
v -45.841610 6.753112 89.578323
v -46.078537 7.369149 89.377625
v -46.579338 7.756168 89.103165
v -47.209827 7.810467 88.828484
v -47.801064 7.517498 88.627182
v -48.194626 6.955760 88.553192
v -48.660561 6.448225 90.101707
v -48.390190 5.818553 90.181267
v -47.842411 5.412381 90.285553
v -47.163994 5.338542 90.386620
v -46.536728 5.616820 90.457397
v -46.128677 6.172653 90.478912
v -46.049191 6.857104 90.445404
v -46.319557 7.486776 90.365852
v -46.867340 7.892950 90.261566
v -47.545753 7.966789 90.160492
v -48.173023 7.688510 90.089722
v -48.581070 7.132679 90.068199
v -48.717979 6.467249 91.462440
v -48.440117 5.836582 91.431374
v -47.883766 5.429272 91.409233
v -47.198006 5.354458 91.401955
v -46.566589 5.632186 91.411476
v -46.158695 6.188039 91.435257
v -46.083622 6.873076 91.466927
v -46.361488 7.503744 91.497993
v -46.917835 7.911054 91.520134
v -47.603592 7.985868 91.527412
v -48.235016 7.708140 91.517891
v -48.642910 7.152287 91.494102
v -48.660282 6.340790 92.624741
v -48.384308 5.721467 92.497490
v -47.829388 5.322725 92.402718
v -47.144211 5.251405 92.365814
v -46.512371 5.526617 92.396667
v -46.103168 6.074619 92.487015
v -46.026249 6.748573 92.612648
v -46.302223 7.367896 92.739899
v -46.857147 7.766639 92.834679
v -47.542320 7.837960 92.871582
v -48.174164 7.562747 92.840721
v -48.583366 7.014746 92.750374
v -48.638252 6.098258 93.518097
v -48.360630 5.503832 93.304794
v -47.805359 5.110406 93.191643
v -47.121220 5.023396 93.208969
v -46.491531 5.266118 93.352127
v -46.085014 5.773533 93.582756
v -46.010601 6.409681 93.839066
v -46.288223 7.004107 94.052368
v -46.843494 7.397534 94.165520
v -47.527634 7.484544 94.148193
v -48.157322 7.241822 94.005035
v -48.563835 6.734407 93.774406
v -48.729797 5.792837 94.107864
v -48.436592 5.236620 93.824013
v -47.888794 4.824870 93.744698
v -47.233177 4.667913 93.891159
v -46.645424 4.807806 94.224159
v -46.283016 5.207066 94.654472
v -46.243061 5.758710 95.066788
v -46.536266 6.314926 95.350639
v -47.084068 6.726677 95.429955
v -47.739677 6.883634 95.283493
v -48.327435 6.743741 94.950493
v -48.689842 6.344482 94.520187
v -48.998978 5.402483 94.499695
v -48.678432 4.883963 94.176727
v -48.168446 4.420071 94.151512
v -47.605675 4.135108 94.430786
v -47.140903 4.105428 94.939735
v -46.898674 4.338985 95.541969
v -46.943886 4.773197 96.076134
v -47.264431 5.291717 96.399094
v -47.774414 5.755609 96.424316
v -48.337189 6.040572 96.145035
v -48.801960 6.070252 95.636093
v -49.044189 5.836695 95.033859
v -49.662991 4.762956 94.789314
v -49.321712 4.264752 94.455788
v -48.873222 3.740602 94.461899
v -48.437691 3.330950 94.806007
v -48.131817 3.145563 95.395912
v -48.037563 3.234115 96.073547
v -48.180180 3.572878 96.657341
v -48.521458 4.071082 96.990868
v -48.969948 4.595233 96.984756
v -49.405479 5.004885 96.640648
v -49.711353 5.190272 96.050743
v -49.805607 5.101720 95.373108
v -50.988972 3.766394 94.877838
v -50.640965 3.273353 94.543594
v -50.249573 2.705393 94.555801
v -49.919666 2.214699 94.911186
v -49.739647 1.932752 95.514519
v -49.757744 1.935099 96.204140
v -49.969116 2.221111 96.795273
v -50.317120 2.714152 97.129517
v -50.708511 3.282112 97.117310
v -51.038418 3.772806 96.761925
v -51.218441 4.054754 96.158592
v -51.200340 4.052407 95.468971
v -53.139786 2.415265 94.627045
v -52.793385 1.921203 94.292648
v -52.444988 1.325827 94.300667
v -52.187958 0.788667 94.648964
v -52.091160 0.453656 95.244202
v -52.180534 0.410558 95.926895
v -52.432129 0.670922 96.514114
v -52.778534 1.164984 96.848518
v -53.126926 1.760360 96.840492
v -53.383957 2.297520 96.492195
v -53.480759 2.632532 95.896957
v -53.391384 2.675629 95.214264
v -56.282639 0.698566 93.936485
v -55.916428 0.216139 93.606232
v -55.568455 -0.379484 93.614166
v -55.331955 -0.928706 93.958168
v -55.270302 -1.284364 94.546066
v -55.400009 -1.351159 95.220322
v -55.686329 -1.111194 95.800285
v -56.052536 -0.628767 96.130547
v -56.400513 -0.033144 96.122604
v -56.637009 0.516078 95.778603
v -56.698666 0.871736 95.190712
v -56.568954 0.938531 94.516449
v -57.733124 -0.224967 93.523773
v -57.260258 -0.629534 93.226044
v -56.808449 -1.149356 93.265656
v -56.498760 -1.645149 93.631989
v -56.414169 -1.984064 94.226875
v -56.577347 -2.075290 94.890930
v -56.944565 -1.894383 95.446213
v -57.417431 -1.489816 95.743935
v -57.869240 -0.969994 95.704330
v -58.178932 -0.474201 95.337997
v -58.263519 -0.135286 94.743103
v -58.100342 -0.044059 94.079056
v -58.455040 -1.195373 93.147171
v -57.799191 -1.307861 92.965172
v -57.168606 -1.542317 93.117836
v -56.732246 -1.835920 93.564278
v -56.607040 -2.109998 94.184853
v -56.826530 -2.291114 94.813293
v -57.331909 -2.330737 95.281204
v -57.987755 -2.218249 95.463211
v -58.618340 -1.983793 95.310539
v -59.054695 -1.690190 94.864105
v -59.179905 -1.416112 94.243523
v -58.960419 -1.234996 93.615082
v -58.338539 -2.101233 92.790031
v -57.734612 -1.767790 92.790276
v -57.152443 -1.586391 93.112907
v -56.748024 -1.605642 93.671471
v -56.629723 -1.820384 94.316299
v -56.829239 -2.173078 94.874619
v -57.293106 -2.569219 95.196815
v -57.897038 -2.902662 95.196571
v -58.479206 -3.084061 94.873940
v -58.883621 -3.064811 94.315376
v -59.001923 -2.850069 93.670547
v -58.802406 -2.497375 93.112228
v -57.693069 -2.669136 92.501511
v -57.301323 -2.112857 92.615547
v -56.902084 -1.739348 93.036278
v -56.602325 -1.648689 93.650963
v -56.482368 -1.865172 94.294907
v -56.574352 -2.330791 94.795555
v -56.853638 -2.920785 95.018768
v -57.245384 -3.477063 94.904732
v -57.644623 -3.850573 94.484009
v -57.944382 -3.941233 93.869316
v -58.064339 -3.724750 93.225380
v -57.972355 -3.259130 92.724724
v -56.893856 -3.015298 92.209610
v -56.605965 -2.408122 92.365723
v -56.271866 -2.002686 92.812836
v -55.981083 -1.907628 93.431160
v -55.811531 -2.148418 94.055008
v -55.808640 -2.660536 94.517227
v -55.973183 -3.306761 94.693954
v -56.261074 -3.913937 94.537849
v -56.595169 -4.319373 94.090729
v -56.885956 -4.414432 93.472404
v -57.055511 -4.173642 92.848557
v -57.058403 -3.661524 92.386337
v -56.076797 -3.257110 91.838623
v -55.811043 -2.642776 92.005608
v -55.452236 -2.245329 92.440598
v -55.096523 -2.171263 93.027023
v -54.839218 -2.440425 93.607765
v -54.749260 -2.980693 94.027206
v -54.850758 -3.647302 94.172966
v -55.116508 -4.261636 94.005981
v -55.475315 -4.659084 93.570999
v -55.831028 -4.733150 92.984573
v -56.088333 -4.463988 92.403831
v -56.178291 -3.923720 91.984383
v -55.387096 -3.426779 91.371506
v -55.092678 -2.820174 91.517326
v -54.647915 -2.445904 91.888840
v -54.171978 -2.404255 92.386497
v -53.792397 -2.706386 92.876961
v -53.610882 -3.271342 93.228798
v -53.676064 -3.947743 93.347748
v -53.970482 -4.554348 93.201927
v -54.415245 -4.928618 92.830414
v -54.891182 -4.970268 92.332748
v -55.270760 -4.668137 91.842293
v -55.452278 -4.103181 91.490448
v -54.924301 -3.547074 90.812149
v -54.576260 -2.956169 90.887077
v -54.021397 -2.614135 91.113029
v -53.408386 -2.612620 91.429459
v -52.901482 -2.952029 91.751595
v -52.636513 -3.541417 91.993103
v -52.684479 -4.222860 92.089279
v -53.032516 -4.813765 92.014359
v -53.587383 -5.155799 91.788406
v -54.200394 -5.157315 91.471970
v -54.707294 -4.817907 91.149841
v -54.972263 -4.228518 90.908325
v -54.707809 -3.653428 90.059807
v -54.326370 -3.080104 90.018326
v -53.710022 -2.770440 90.029945
v -53.023907 -2.807410 90.091553
v -52.451874 -3.181108 90.186646
v -52.147194 -3.791402 90.289742
v -52.191513 -4.474763 90.373215
v -52.572948 -5.048088 90.414696
v -53.189297 -5.357752 90.403076
v -53.875412 -5.320783 90.341469
v -54.447449 -4.947085 90.246376
v -54.752125 -4.336791 90.143280
v -54.854252 -3.782582 88.871628
v -54.483109 -3.222589 88.714859
v -53.884674 -2.936126 88.525833
v -53.219303 -2.999951 88.355186
v -52.665272 -3.396963 88.248657
v -52.371040 -4.020782 88.234787
v -52.415443 -4.704256 88.317284
v -52.786583 -5.264249 88.474052
v -53.385017 -5.550713 88.663086
v -54.050392 -5.486888 88.833725
v -54.604424 -5.089877 88.940254
v -54.898655 -4.466058 88.954124
v -55.632263 -3.952708 87.084412
v -55.293747 -3.400736 86.846405
v -54.749889 -3.127692 86.521469
v -54.146420 -3.206738 86.196678
v -53.645035 -3.616693 85.959061
v -53.380081 -4.247710 85.872276
v -53.422554 -4.930710 85.959579
v -53.761070 -5.482682 86.197586
v -54.304928 -5.755726 86.522522
v -54.908398 -5.676681 86.847313
v -55.409782 -5.266726 87.084938
v -55.674736 -4.635708 87.171722
v -57.284718 -4.172718 84.672211
v -56.980694 -3.625553 84.382217
v -56.492886 -3.360321 83.972816
v -55.952003 -3.448089 83.553703
v -55.502968 -3.865340 83.237183
v -55.266106 -4.500274 83.108063
v -55.304886 -5.182758 83.200943
v -55.608906 -5.729923 83.490936
v -56.096714 -5.995156 83.900337
v -56.637600 -5.907388 84.319450
v -57.086632 -5.490136 84.635971
v -57.323494 -4.855203 84.765091
v -56.558067 0.389600 95.913391
v -56.649338 0.825840 95.386818
v -56.562462 0.985515 94.721329
v -56.320717 0.825841 94.095245
v -55.988876 0.389601 93.676323
v -55.655861 -0.206313 93.576820
v -55.410900 -0.802227 93.823387
v -55.319630 -1.238467 94.349960
v -55.406506 -1.398143 95.015442
v -55.648251 -1.238469 95.641525
v -55.980087 -0.802230 96.060448
v -56.313103 -0.206315 96.159958
v -58.127762 -0.458287 95.615326
v -58.294426 -0.063029 95.075043
v -58.286766 0.053583 94.395142
v -58.106842 -0.139696 93.757820
v -57.802864 -0.591077 93.333832
v -57.456272 -1.179614 93.236794
v -57.159950 -1.747608 93.492699
v -56.993286 -2.142865 94.032990
v -57.000938 -2.259478 94.712883
v -57.180866 -2.066200 95.350212
v -57.484848 -1.614818 95.774200
v -57.831436 -1.026281 95.871239
v -59.385506 -1.214645 95.578934
v -59.647133 -0.877066 95.037170
v -59.738670 -0.820705 94.355736
v -59.635597 -1.060664 93.717209
v -59.365532 -1.532646 93.292694
v -59.000835 -2.110183 93.195938
v -58.639229 -2.638525 93.452866
v -58.377605 -2.976104 93.994629
v -58.286064 -3.032465 94.676064
v -58.389137 -2.792506 95.314590
v -58.659206 -2.320525 95.739105
v -59.023903 -1.742988 95.835861
v -60.347874 -1.878303 95.765358
v -60.724396 -1.620881 95.247787
v -60.935158 -1.647693 94.591454
v -60.923683 -1.951555 93.972221
v -60.693054 -2.451047 93.556007
v -60.305061 -3.012332 93.454346
v -59.863667 -3.485013 93.694466
v -59.487144 -3.742436 94.212036
v -59.276382 -3.715624 94.868378
v -59.287853 -3.411762 95.487610
v -59.518486 -2.912269 95.903824
v -59.906479 -2.350984 96.005486
v -61.047886 -2.457253 96.134537
v -61.544682 -2.300334 95.682335
v -61.879402 -2.430727 95.093376
v -61.962357 -2.813493 94.525459
v -61.771317 -3.346071 94.130768
v -61.357475 -3.885756 94.015060
v -60.831718 -4.287941 94.209328
v -60.334923 -4.444861 94.661530
v -60.000198 -4.314468 95.250488
v -59.917244 -3.931702 95.818398
v -60.108284 -3.399124 96.213089
v -60.522125 -2.859439 96.328804
v -61.530548 -2.973074 96.662613
v -62.126503 -2.922373 96.318832
v -62.562675 -3.161449 95.840813
v -62.722206 -3.626241 95.356628
v -62.562340 -4.192209 94.996017
v -62.125916 -4.707702 94.855614
v -61.529869 -5.034594 94.973030
v -60.933914 -5.085295 95.316803
v -60.497734 -4.846220 95.794830
v -60.338203 -4.381427 96.279015
v -60.498074 -3.815459 96.639626
v -60.934502 -3.299966 96.780029
v -61.831066 -3.451904 97.350700
v -62.485790 -3.493275 97.137306
v -62.981606 -3.825781 96.791580
v -63.185661 -4.360324 96.406174
v -63.043270 -4.953675 96.084343
v -62.592598 -5.446847 95.912323
v -61.954391 -5.707695 95.936218
v -61.299667 -5.666323 96.149612
v -60.803852 -5.333818 96.495331
v -60.599800 -4.799275 96.880745
v -60.742188 -4.205923 97.202576
v -61.192863 -3.712751 97.374588
v -61.960464 -3.908144 98.205254
v -62.635841 -4.017302 98.116539
v -63.152390 -4.417887 97.896042
v -63.371712 -5.002563 97.602844
v -63.235039 -5.614666 97.315498
v -62.778984 -6.090185 97.111015
v -62.125755 -6.301703 97.044174
v -61.450386 -6.192545 97.132889
v -60.933830 -5.791960 97.353386
v -60.714508 -5.207284 97.646591
v -60.851185 -4.595181 97.933929
v -61.307236 -4.119662 98.138412
v -61.917618 -4.342790 99.217171
v -62.589718 -4.497545 99.232788
v -63.103027 -4.943318 99.115685
v -63.320007 -5.560664 98.897240
v -63.182510 -6.184166 98.635979
v -62.727390 -6.646758 98.401917
v -62.076584 -6.824488 98.257759
v -61.404480 -6.669733 98.242142
v -60.891171 -6.223959 98.359245
v -60.674191 -5.606613 98.577690
v -60.811684 -4.983111 98.838951
v -61.266808 -4.520519 99.073013
v -61.704247 -4.752464 100.362747
v -62.361610 -4.937222 100.460999
v -62.860569 -5.412210 100.424362
v -63.067429 -6.050155 100.262650
v -62.926758 -6.680120 100.019196
v -62.476254 -7.133308 99.759232
v -61.836624 -7.288287 99.552414
v -61.179260 -7.103529 99.454155
v -60.680305 -6.628542 99.490799
v -60.473442 -5.990596 99.652512
v -60.614113 -5.360631 99.895966
v -61.064621 -4.907443 100.155930
v -61.328392 -5.135137 101.612831
v -61.966568 -5.340056 101.776100
v -62.447269 -5.834229 101.801331
v -62.641693 -6.485241 101.681755
v -62.497742 -7.118656 101.449425
v -62.053986 -7.564750 101.166580
v -61.429337 -7.703993 100.909019
v -60.791161 -7.499074 100.745758
v -60.310459 -7.004901 100.720528
v -60.116035 -6.353889 100.840103
v -60.259987 -5.720474 101.072433
v -60.703743 -5.274379 101.355270
v -60.802299 -5.491095 102.938057
v -61.420002 -5.710159 103.153397
v -61.881790 -6.217396 103.226723
v -62.063931 -6.876893 103.138382
v -61.917618 -7.511939 102.912056
v -61.482059 -7.952373 102.608376
v -60.873955 -8.080181 102.308723
v -60.256256 -7.861118 102.093384
v -59.794468 -7.353881 102.020050
v -59.612328 -6.694384 102.108391
v -59.758636 -6.059338 102.334717
v -60.194199 -5.618904 102.638397
v -60.150177 -5.817465 104.288147
v -60.752407 -6.044266 104.536743
v -61.196968 -6.560121 104.647095
v -61.364735 -7.226805 104.589638
v -61.210762 -7.865682 104.379776
v -60.776302 -8.305565 104.073730
v -60.177773 -8.428588 103.753510
v -59.575542 -8.201786 103.504913
v -59.130985 -7.685932 103.394562
v -58.963215 -7.019248 103.452011
v -59.117188 -6.380371 103.661880
v -59.551647 -5.940488 103.967926
v -59.563217 -6.026518 105.457970
v -60.158993 -6.255627 105.719650
v -60.589695 -6.776433 105.858109
v -60.739922 -7.449389 105.836243
v -60.569416 -8.094174 105.659904
v -60.123863 -8.538023 105.376358
v -59.522659 -8.662004 105.061569
v -58.926880 -8.432896 104.799889
v -58.496178 -7.912089 104.661430
v -58.345955 -7.239133 104.683304
v -58.516457 -6.594346 104.859634
v -58.962006 -6.150498 105.143181
v -58.862869 -6.180851 106.896538
v -59.453545 -6.411128 107.168556
v -59.872269 -6.934679 107.331268
v -60.006855 -7.611218 107.341087
v -59.821236 -8.259468 107.195374
v -59.365147 -8.705731 106.933174
v -58.760796 -8.830431 106.624748
v -58.170120 -8.600155 106.352737
v -57.751392 -8.076604 106.190025
v -57.616806 -7.400064 106.180206
v -57.802429 -6.751814 106.325920
v -58.258514 -6.305551 106.588112
v -58.033302 -6.279821 108.559113
v -58.615097 -6.511199 108.848755
v -59.021450 -7.036287 109.036041
v -59.143471 -7.714385 109.070808
v -58.948471 -8.363799 108.943726
v -58.488693 -8.810520 108.688843
v -57.887341 -8.934848 108.374466
v -57.305542 -8.703469 108.084824
v -56.899193 -8.178383 107.897537
v -56.777172 -7.500285 107.862770
v -56.972176 -6.850870 107.989853
v -57.431950 -6.404150 108.244736
v -57.068558 -6.321197 110.381042
v -57.637794 -6.553148 110.694229
v -58.030258 -7.078867 110.907547
v -58.140785 -7.757490 110.963852
v -57.939766 -8.407179 110.848053
v -57.481056 -8.853850 110.591171
v -56.887573 -8.977819 110.262039
v -56.318336 -8.745869 109.948860
v -55.925873 -8.220149 109.735535
v -55.815346 -7.541527 109.679230
v -56.016365 -6.891838 109.795036
v -56.475075 -6.445166 110.051910
v -55.960442 -6.304226 112.301537
v -56.512833 -6.535946 112.643715
v -56.888882 -7.061441 112.885292
v -56.987831 -7.739904 112.961525
v -56.783165 -8.389543 112.851997
v -56.329727 -8.836287 112.586044
v -55.749008 -8.960431 112.234947
v -55.196621 -8.728711 111.892761
v -54.820572 -8.203218 111.651192
v -54.721622 -7.524754 111.574959
v -54.926285 -6.875115 111.684486
v -55.379726 -6.428371 111.950432
v -54.699856 -6.228697 114.261627
v -55.230007 -6.459105 114.638153
v -55.585979 -6.983416 114.910721
v -55.672390 -7.661139 115.006325
v -55.466087 -8.310681 114.899323
v -55.022346 -8.757998 114.618401
v -54.460068 -8.883229 114.238823
v -53.929916 -8.652821 113.862305
v -53.573944 -8.128511 113.589729
v -53.487534 -7.450788 113.494133
v -53.693840 -6.801245 113.601128
v -54.137581 -6.353929 113.882050
v -53.277294 -6.094620 116.203323
v -53.778233 -6.322292 116.619423
v -54.109077 -6.844250 116.926041
v -54.181183 -7.520634 117.041023
v -53.975220 -8.170208 116.933556
v -53.546387 -8.618919 116.632439
v -53.009579 -8.746537 116.218353
v -52.508640 -8.518865 115.802254
v -52.177795 -7.996908 115.495628
v -52.105690 -7.320523 115.380646
v -52.311649 -6.670949 115.488113
v -52.740486 -6.222237 115.789230
v -51.683037 -5.902113 118.069206
v -52.145744 -6.125184 118.529701
v -52.444748 -6.643310 118.873291
v -52.499939 -7.317659 119.007919
v -52.296520 -7.967539 118.897491
v -51.889004 -8.418817 118.571625
v -51.386581 -8.550570 118.117615
v -50.923874 -8.327499 117.657120
v -50.624866 -7.809374 117.313522
v -50.569675 -7.135026 117.178902
v -50.773094 -6.485145 117.289322
v -51.180611 -6.033867 117.615189
v -49.907215 -5.651339 119.802322
v -50.320297 -5.867419 120.310837
v -50.578888 -6.379850 120.693542
v -50.613701 -7.051328 120.847878
v -50.415405 -7.701930 120.732498
v -50.037140 -8.157329 120.378326
v -49.580257 -8.295500 119.880241
v -49.167175 -8.079420 119.371727
v -48.908585 -7.566988 118.989029
v -48.873772 -6.895510 118.834686
v -49.072067 -6.244908 118.950066
v -49.450333 -5.789509 119.304245
v -47.939785 -5.342470 121.346069
v -48.289577 -5.548634 121.903793
v -48.497440 -6.053118 122.325935
v -48.507675 -6.720745 122.499382
v -48.317543 -7.372625 122.377663
v -47.977982 -7.834088 121.993393
v -47.579987 -7.981485 121.449524
v -47.230190 -7.775322 120.891800
v -47.022327 -7.270838 120.469658
v -47.012093 -6.603211 120.296211
v -47.202225 -5.951331 120.417931
v -47.541786 -5.489867 120.802200
v -45.770397 -4.975645 122.644135
v -46.041985 -5.168610 123.248222
v -46.187885 -5.662635 123.707100
v -46.169003 -6.325348 123.897812
v -45.990398 -6.979175 123.769257
v -45.699932 -7.448923 123.355881
v -45.375427 -7.608724 122.768448
v -45.103840 -7.415761 122.164360
v -44.957939 -6.921734 121.705482
v -44.976822 -6.259021 121.514771
v -45.155426 -5.605195 121.643326
v -45.445892 -5.135446 122.056702
v -43.388386 -4.550947 123.640282
v -43.569069 -4.727726 124.282166
v -43.643490 -5.209024 124.770767
v -43.591705 -5.865878 124.975159
v -43.427586 -6.522284 124.840576
v -43.195110 -7.002359 124.403091
v -42.956573 -7.177467 123.779907
v -42.775887 -7.000689 123.138023
v -42.701469 -6.519391 122.649429
v -42.753254 -5.862537 122.445030
v -42.917374 -5.206131 122.579613
v -43.149845 -4.726056 123.017105
vt 0.000000 1.000000
vt 0.020833 1.000000
vt 0.020833 0.916667
vt 0.000000 0.916667
vt 0.000000 0.083333
vt 0.020833 0.083333
vt 0.020833 0.000000
vt 0.000000 0.000000
vt 0.000000 0.166667
vt 0.020833 0.166667
vt 0.000000 0.250000
vt 0.020833 0.250000
vt 0.000000 0.333333
vt 0.020833 0.333333
vt 0.000000 0.416667
vt 0.020833 0.416667
vt 0.000000 0.500000
vt 0.020833 0.500000
vt 0.000000 0.583333
vt 0.020833 0.583333
vt 0.000000 0.666667
vt 0.020833 0.666667
vt 0.000000 0.750000
vt 0.020833 0.750000
vt 0.000000 0.833333
vt 0.020833 0.833333
vt 0.041667 1.000000
vt 0.041667 0.916667
vt 0.041667 0.083333
vt 0.041667 0.000000
vt 0.041667 0.166667
vt 0.041667 0.250000
vt 0.041667 0.333333
vt 0.041667 0.416667
vt 0.041667 0.500000
vt 0.041667 0.583333
vt 0.041667 0.666667
vt 0.041667 0.750000
vt 0.041667 0.833333
vt 0.062500 1.000000
vt 0.062500 0.916667
vt 0.062500 0.083333
vt 0.062500 0.000000
vt 0.062500 0.166667
vt 0.062500 0.250000
vt 0.062500 0.333333
vt 0.062500 0.416667
vt 0.062500 0.500000
vt 0.062500 0.583333
vt 0.062500 0.666667
vt 0.062500 0.750000
vt 0.062500 0.833333
vt 0.083333 1.000000
vt 0.083333 0.916667
vt 0.083333 0.083333
vt 0.083333 0.000000
vt 0.083333 0.166667
vt 0.083333 0.250000
vt 0.083333 0.333333
vt 0.083333 0.416667
vt 0.083333 0.500000
vt 0.083333 0.583333
vt 0.083333 0.666667
vt 0.083333 0.750000
vt 0.083333 0.833333
vt 0.104167 1.000000
vt 0.104167 0.916667
vt 0.104167 0.083333
vt 0.104167 0.000000
vt 0.104167 0.166667
vt 0.104167 0.250000
vt 0.104167 0.333333
vt 0.104167 0.416667
vt 0.104167 0.500000
vt 0.104167 0.583333
vt 0.104167 0.666667
vt 0.104167 0.750000
vt 0.104167 0.833333
vt 0.125000 1.000000
vt 0.125000 0.916667
vt 0.125000 0.083333
vt 0.125000 0.000000
vt 0.125000 0.166667
vt 0.125000 0.250000
vt 0.125000 0.333333
vt 0.125000 0.416667
vt 0.125000 0.500000
vt 0.125000 0.583333
vt 0.125000 0.666667
vt 0.125000 0.750000
vt 0.125000 0.833333
vt 0.145833 1.000000
vt 0.145833 0.916667
vt 0.145833 0.083333
vt 0.145833 0.000000
vt 0.145833 0.166667
vt 0.145833 0.250000
vt 0.145833 0.333333
vt 0.145833 0.416667
vt 0.145833 0.500000
vt 0.145833 0.583333
vt 0.145833 0.666667
vt 0.145833 0.750000
vt 0.145833 0.833333
vt 0.166667 1.000000
vt 0.166667 0.916667
vt 0.166667 0.083333
vt 0.166667 0.000000
vt 0.166667 0.166667
vt 0.166667 0.250000
vt 0.166667 0.333333
vt 0.166667 0.416667
vt 0.166667 0.500000
vt 0.166667 0.583333
vt 0.166667 0.666667
vt 0.166667 0.750000
vt 0.166667 0.833333
vt 0.187500 1.000000
vt 0.187500 0.916667
vt 0.187500 0.083333
vt 0.187500 0.000000
vt 0.187500 0.166667
vt 0.187500 0.250000
vt 0.187500 0.333333
vt 0.187500 0.416667
vt 0.187500 0.500000
vt 0.187500 0.583333
vt 0.187500 0.666667
vt 0.187500 0.750000
vt 0.187500 0.833333
vt 0.208333 1.000000
vt 0.208333 0.916667
vt 0.208333 0.083333
vt 0.208333 0.000000
vt 0.208333 0.166667
vt 0.208333 0.250000
vt 0.208333 0.333333
vt 0.208333 0.416667
vt 0.208333 0.500000
vt 0.208333 0.583333
vt 0.208333 0.666667
vt 0.208333 0.750000
vt 0.208333 0.833333
vt 0.229167 1.000000
vt 0.229167 0.916667
vt 0.229167 0.083333
vt 0.229167 0.000000
vt 0.229167 0.166667
vt 0.229167 0.250000
vt 0.229167 0.333333
vt 0.229167 0.416667
vt 0.229167 0.500000
vt 0.229167 0.583333
vt 0.229167 0.666667
vt 0.229167 0.750000
vt 0.229167 0.833333
vt 0.250000 1.000000
vt 0.250000 0.916667
vt 0.250000 0.083333
vt 0.250000 0.000000
vt 0.250000 0.166667
vt 0.250000 0.250000
vt 0.250000 0.333333
vt 0.250000 0.416667
vt 0.250000 0.500000
vt 0.250000 0.583333
vt 0.250000 0.666667
vt 0.250000 0.750000
vt 0.250000 0.833333
vt 0.270833 1.000000
vt 0.270833 0.916667
vt 0.270833 0.083333
vt 0.270833 0.000000
vt 0.270833 0.166667
vt 0.270833 0.250000
vt 0.270833 0.333333
vt 0.270833 0.416667
vt 0.270833 0.500000
vt 0.270833 0.583333
vt 0.270833 0.666667
vt 0.270833 0.750000
vt 0.270833 0.833333
vt 0.291667 1.000000
vt 0.291667 0.916667
vt 0.291667 0.083333
vt 0.291667 0.000000
vt 0.291667 0.166667
vt 0.291667 0.250000
vt 0.291667 0.333333
vt 0.291667 0.416667
vt 0.291667 0.500000
vt 0.291667 0.583333
vt 0.291667 0.666667
vt 0.291667 0.750000
vt 0.291667 0.833333
vt 0.312500 1.000000
vt 0.312500 0.916667
vt 0.312500 0.083333
vt 0.312500 0.000000
vt 0.312500 0.166667
vt 0.312500 0.250000
vt 0.312500 0.333333
vt 0.312500 0.416667
vt 0.312500 0.500000
vt 0.312500 0.583333
vt 0.312500 0.666667
vt 0.312500 0.750000
vt 0.312500 0.833333
vt 0.333333 1.000000
vt 0.333333 0.916667
vt 0.333333 0.083333
vt 0.333333 0.000000
vt 0.333333 0.166667
vt 0.333333 0.250000
vt 0.333333 0.333333
vt 0.333333 0.416667
vt 0.333333 0.500000
vt 0.333333 0.583333
vt 0.333333 0.666667
vt 0.333333 0.750000
vt 0.333333 0.833333
vt 0.354167 1.000000
vt 0.354167 0.916667
vt 0.354167 0.083333
vt 0.354167 0.000000
vt 0.354167 0.166667
vt 0.354167 0.250000
vt 0.354167 0.333333
vt 0.354167 0.416667
vt 0.354167 0.500000
vt 0.354167 0.583333
vt 0.354167 0.666667
vt 0.354167 0.750000
vt 0.354167 0.833333
vt 0.375000 1.000000
vt 0.375000 0.916667
vt 0.375000 0.083333
vt 0.375000 0.000000
vt 0.375000 0.166667
vt 0.375000 0.250000
vt 0.375000 0.333333
vt 0.375000 0.416667
vt 0.375000 0.500000
vt 0.375000 0.583333
vt 0.375000 0.666667
vt 0.375000 0.750000
vt 0.375000 0.833333
vt 0.395833 1.000000
vt 0.395833 0.916667
vt 0.395833 0.083333
vt 0.395833 0.000000
vt 0.395833 0.166667
vt 0.395833 0.250000
vt 0.395833 0.333333
vt 0.395833 0.416667
vt 0.395833 0.500000
vt 0.395833 0.583333
vt 0.395833 0.666667
vt 0.395833 0.750000
vt 0.395833 0.833333
vt 0.416667 1.000000
vt 0.416667 0.916667
vt 0.416667 0.083333
vt 0.416667 0.000000
vt 0.416667 0.166667
vt 0.416667 0.250000
vt 0.416667 0.333333
vt 0.416667 0.416667
vt 0.416667 0.500000
vt 0.416667 0.583333
vt 0.416667 0.666667
vt 0.416667 0.750000
vt 0.416667 0.833333
vt 0.437500 1.000000
vt 0.437500 0.916667
vt 0.437500 0.083333
vt 0.437500 0.000000
vt 0.437500 0.166667
vt 0.437500 0.250000
vt 0.437500 0.333333
vt 0.437500 0.416667
vt 0.437500 0.500000
vt 0.437500 0.583333
vt 0.437500 0.666667
vt 0.437500 0.750000
vt 0.437500 0.833333
vt 0.458333 1.000000
vt 0.458333 0.916667
vt 0.458333 0.083333
vt 0.458333 0.000000
vt 0.458333 0.166667
vt 0.458333 0.250000
vt 0.458333 0.333333
vt 0.458333 0.416667
vt 0.458333 0.500000
vt 0.458333 0.583333
vt 0.458333 0.666667
vt 0.458333 0.750000
vt 0.458333 0.833333
vt 0.479167 1.000000
vt 0.479167 0.916667
vt 0.479167 0.083333
vt 0.479167 0.000000
vt 0.479167 0.166667
vt 0.479167 0.250000
vt 0.479167 0.333333
vt 0.479167 0.416667
vt 0.479167 0.500000
vt 0.479167 0.583333
vt 0.479167 0.666667
vt 0.479167 0.750000
vt 0.479167 0.833333
vt 0.500000 1.000000
vt 0.500000 0.916667
vt 0.500000 0.083333
vt 0.500000 0.000000
vt 0.500000 0.166667
vt 0.500000 0.250000
vt 0.500000 0.333333
vt 0.500000 0.416667
vt 0.500000 0.500000
vt 0.500000 0.583333
vt 0.500000 0.666667
vt 0.500000 0.750000
vt 0.500000 0.833333
vt 0.520833 1.000000
vt 0.520833 0.916667
vt 0.520833 0.083333
vt 0.520833 0.000000
vt 0.520833 0.166667
vt 0.520833 0.250000
vt 0.520833 0.333333
vt 0.520833 0.416667
vt 0.520833 0.500000
vt 0.520833 0.583333
vt 0.520833 0.666667
vt 0.520833 0.750000
vt 0.520833 0.833333
vt 0.541667 1.000000
vt 0.541667 0.916667
vt 0.541667 0.083333
vt 0.541667 0.000000
vt 0.541667 0.166667
vt 0.541667 0.250000
vt 0.541667 0.333333
vt 0.541667 0.416667
vt 0.541667 0.500000
vt 0.541667 0.583333
vt 0.541667 0.666667
vt 0.541667 0.750000
vt 0.541667 0.833333
vt 0.562500 1.000000
vt 0.562500 0.916667
vt 0.562500 0.083333
vt 0.562500 0.000000
vt 0.562500 0.166667
vt 0.562500 0.250000
vt 0.562500 0.333333
vt 0.562500 0.416667
vt 0.562500 0.500000
vt 0.562500 0.583333
vt 0.562500 0.666667
vt 0.562500 0.750000
vt 0.562500 0.833333
vt 0.583333 1.000000
vt 0.583333 0.916667
vt 0.583333 0.083333
vt 0.583333 0.000000
vt 0.583333 0.166667
vt 0.583333 0.250000
vt 0.583333 0.333333
vt 0.583333 0.416667
vt 0.583333 0.500000
vt 0.583333 0.583333
vt 0.583333 0.666667
vt 0.583333 0.750000
vt 0.583333 0.833333
vt 0.604167 1.000000
vt 0.604167 0.916667
vt 0.604167 0.083333
vt 0.604167 0.000000
vt 0.604167 0.166667
vt 0.604167 0.250000
vt 0.604167 0.333333
vt 0.604167 0.416667
vt 0.604167 0.500000
vt 0.604167 0.583333
vt 0.604167 0.666667
vt 0.604167 0.750000
vt 0.604167 0.833333
vt 0.625000 1.000000
vt 0.625000 0.916667
vt 0.625000 0.083333
vt 0.625000 0.000000
vt 0.625000 0.166667
vt 0.625000 0.250000
vt 0.625000 0.333333
vt 0.625000 0.416667
vt 0.625000 0.500000
vt 0.625000 0.583333
vt 0.625000 0.666667
vt 0.625000 0.750000
vt 0.625000 0.833333
vt 0.645833 1.000000
vt 0.645833 0.916667
vt 0.645833 0.083333
vt 0.645833 0.000000
vt 0.645833 0.166667
vt 0.645833 0.250000
vt 0.645833 0.333333
vt 0.645833 0.416667
vt 0.645833 0.500000
vt 0.645833 0.583333
vt 0.645833 0.666667
vt 0.645833 0.750000
vt 0.645833 0.833333
vt 0.666667 1.000000
vt 0.666667 0.916667
vt 0.666667 0.083333
vt 0.666667 0.000000
vt 0.666667 0.166667
vt 0.666667 0.250000
vt 0.666667 0.333333
vt 0.666667 0.416667
vt 0.666667 0.500000
vt 0.666667 0.583333
vt 0.666667 0.666667
vt 0.666667 0.750000
vt 0.666667 0.833333
vt 0.687500 1.000000
vt 0.687500 0.916667
vt 0.687500 0.083333
vt 0.687500 0.000000
vt 0.687500 0.166667
vt 0.687500 0.250000
vt 0.687500 0.333333
vt 0.687500 0.416667
vt 0.687500 0.500000
vt 0.687500 0.583333
vt 0.687500 0.666667
vt 0.687500 0.750000
vt 0.687500 0.833333
vt 0.708333 1.000000
vt 0.708333 0.916667
vt 0.708333 0.083333
vt 0.708333 0.000000
vt 0.708333 0.166667
vt 0.708333 0.250000
vt 0.708333 0.333333
vt 0.708333 0.416667
vt 0.708333 0.500000
vt 0.708333 0.583333
vt 0.708333 0.666667
vt 0.708333 0.750000
vt 0.708333 0.833333
vt 0.729167 1.000000
vt 0.729167 0.916667
vt 0.729167 0.083333
vt 0.729167 0.000000
vt 0.729167 0.166667
vt 0.729167 0.250000
vt 0.729167 0.333333
vt 0.729167 0.416667
vt 0.729167 0.500000
vt 0.729167 0.583333
vt 0.729167 0.666667
vt 0.729167 0.750000
vt 0.729167 0.833333
vt 0.750000 1.000000
vt 0.750000 0.916667
vt 0.750000 0.083333
vt 0.750000 0.000000
vt 0.750000 0.166667
vt 0.750000 0.250000
vt 0.750000 0.333333
vt 0.750000 0.416667
vt 0.750000 0.500000
vt 0.750000 0.583333
vt 0.750000 0.666667
vt 0.750000 0.750000
vt 0.750000 0.833333
vt 0.770833 1.000000
vt 0.770833 0.916667
vt 0.770833 0.083333
vt 0.770833 0.000000
vt 0.770833 0.166667
vt 0.770833 0.250000
vt 0.770833 0.333333
vt 0.770833 0.416667
vt 0.770833 0.500000
vt 0.770833 0.583333
vt 0.770833 0.666667
vt 0.770833 0.750000
vt 0.770833 0.833333
vt 0.791667 1.000000
vt 0.791667 0.916667
vt 0.791667 0.083333
vt 0.791667 0.000000
vt 0.791667 0.166667
vt 0.791667 0.250000
vt 0.791667 0.333333
vt 0.791667 0.416667
vt 0.791667 0.500000
vt 0.791667 0.583333
vt 0.791667 0.666667
vt 0.791667 0.750000
vt 0.791667 0.833333
vt 0.812500 1.000000
vt 0.812500 0.916667
vt 0.812500 0.083333
vt 0.812500 0.000000
vt 0.812500 0.166667
vt 0.812500 0.250000
vt 0.812500 0.333333
vt 0.812500 0.416667
vt 0.812500 0.500000
vt 0.812500 0.583333
vt 0.812500 0.666667
vt 0.812500 0.750000
vt 0.812500 0.833333
vt 0.833333 1.000000
vt 0.833333 0.916667
vt 0.833333 0.083333
vt 0.833333 0.000000
vt 0.833333 0.166667
vt 0.833333 0.250000
vt 0.833333 0.333333
vt 0.833333 0.416667
vt 0.833333 0.500000
vt 0.833333 0.583333
vt 0.833333 0.666667
vt 0.833333 0.750000
vt 0.833333 0.833333
vt 0.854167 1.000000
vt 0.854167 0.916667
vt 0.854167 0.083333
vt 0.854167 0.000000
vt 0.854167 0.166667
vt 0.854167 0.250000
vt 0.854167 0.333333
vt 0.854167 0.416667
vt 0.854167 0.500000
vt 0.854167 0.583333
vt 0.854167 0.666667
vt 0.854167 0.750000
vt 0.854167 0.833333
vt 0.875000 1.000000
vt 0.875000 0.916667
vt 0.875000 0.083333
vt 0.875000 0.000000
vt 0.875000 0.166667
vt 0.875000 0.250000
vt 0.875000 0.333333
vt 0.875000 0.416667
vt 0.875000 0.500000
vt 0.875000 0.583333
vt 0.875000 0.666667
vt 0.875000 0.750000
vt 0.875000 0.833333
vt 0.895833 1.000000
vt 0.895833 0.916667
vt 0.895833 0.083333
vt 0.895833 0.000000
vt 0.895833 0.166667
vt 0.895833 0.250000
vt 0.895833 0.333333
vt 0.895833 0.416667
vt 0.895833 0.500000
vt 0.895833 0.583333
vt 0.895833 0.666667
vt 0.895833 0.750000
vt 0.895833 0.833333
vt 0.916667 1.000000
vt 0.916667 0.916667
vt 0.916667 0.083333
vt 0.916667 0.000000
vt 0.916667 0.166667
vt 0.916667 0.250000
vt 0.916667 0.333333
vt 0.916667 0.416667
vt 0.916667 0.500000
vt 0.916667 0.583333
vt 0.916667 0.666667
vt 0.916667 0.750000
vt 0.916667 0.833333
vt 0.937500 1.000000
vt 0.937500 0.916667
vt 0.937500 0.083333
vt 0.937500 0.000000
vt 0.937500 0.166667
vt 0.937500 0.250000
vt 0.937500 0.333333
vt 0.937500 0.416667
vt 0.937500 0.500000
vt 0.937500 0.583333
vt 0.937500 0.666667
vt 0.937500 0.750000
vt 0.937500 0.833333
vt 0.958333 1.000000
vt 0.958333 0.916667
vt 0.958333 0.083333
vt 0.958333 0.000000
vt 0.958333 0.166667
vt 0.958333 0.250000
vt 0.958333 0.333333
vt 0.958333 0.416667
vt 0.958333 0.500000
vt 0.958333 0.583333
vt 0.958333 0.666667
vt 0.958333 0.750000
vt 0.958333 0.833333
vt 0.979167 1.000000
vt 0.979167 0.916667
vt 0.979167 0.083333
vt 0.979167 0.000000
vt 0.979167 0.166667
vt 0.979167 0.250000
vt 0.979167 0.333333
vt 0.979167 0.416667
vt 0.979167 0.500000
vt 0.979167 0.583333
vt 0.979167 0.666667
vt 0.979167 0.750000
vt 0.979167 0.833333
vt 1.000000 1.000000
vt 1.000000 0.916667
vt 1.000000 0.083333
vt 1.000000 0.000000
vt 1.000000 0.166667
vt 1.000000 0.250000
vt 1.000000 0.333333
vt 1.000000 0.416667
vt 1.000000 0.500000
vt 1.000000 0.583333
vt 1.000000 0.666667
vt 1.000000 0.750000
vt 1.000000 0.833333
vt 0.000000 1.000000
vt 0.027778 1.000000
vt 0.027778 0.916667
vt 0.000000 0.916667
vt 0.000000 0.083333
vt 0.027778 0.083333
vt 0.027778 0.000000
vt 0.000000 0.000000
vt 0.000000 0.166667
vt 0.027778 0.166667
vt 0.000000 0.250000
vt 0.027778 0.250000
vt 0.000000 0.333333
vt 0.027778 0.333333
vt 0.000000 0.416667
vt 0.027778 0.416667
vt 0.000000 0.500000
vt 0.027778 0.500000
vt 0.000000 0.583333
vt 0.027778 0.583333
vt 0.000000 0.666667
vt 0.027778 0.666667
vt 0.000000 0.750000
vt 0.027778 0.750000
vt 0.000000 0.833333
vt 0.027778 0.833333
vt 0.055556 1.000000
vt 0.055556 0.916667
vt 0.055556 0.083333
vt 0.055556 0.000000
vt 0.055556 0.166667
vt 0.055556 0.250000
vt 0.055556 0.333333
vt 0.055556 0.416667
vt 0.055556 0.500000
vt 0.055556 0.583333
vt 0.055556 0.666667
vt 0.055556 0.750000
vt 0.055556 0.833333
vt 0.083333 1.000000
vt 0.083333 0.916667
vt 0.083333 0.083333
vt 0.083333 0.000000
vt 0.083333 0.166667
vt 0.083333 0.250000
vt 0.083333 0.333333
vt 0.083333 0.416667
vt 0.083333 0.500000
vt 0.083333 0.583333
vt 0.083333 0.666667
vt 0.083333 0.750000
vt 0.083333 0.833333
vt 0.111111 1.000000
vt 0.111111 0.916667
vt 0.111111 0.083333
vt 0.111111 0.000000
vt 0.111111 0.166667
vt 0.111111 0.250000
vt 0.111111 0.333333
vt 0.111111 0.416667
vt 0.111111 0.500000
vt 0.111111 0.583333
vt 0.111111 0.666667
vt 0.111111 0.750000
vt 0.111111 0.833333
vt 0.138889 1.000000
vt 0.138889 0.916667
vt 0.138889 0.083333
vt 0.138889 0.000000
vt 0.138889 0.166667
vt 0.138889 0.250000
vt 0.138889 0.333333
vt 0.138889 0.416667
vt 0.138889 0.500000
vt 0.138889 0.583333
vt 0.138889 0.666667
vt 0.138889 0.750000
vt 0.138889 0.833333
vt 0.166667 1.000000
vt 0.166667 0.916667
vt 0.166667 0.083333
vt 0.166667 0.000000
vt 0.166667 0.166667
vt 0.166667 0.250000
vt 0.166667 0.333333
vt 0.166667 0.416667
vt 0.166667 0.500000
vt 0.166667 0.583333
vt 0.166667 0.666667
vt 0.166667 0.750000
vt 0.166667 0.833333
vt 0.194444 1.000000
vt 0.194444 0.916667
vt 0.194444 0.083333
vt 0.194444 0.000000
vt 0.194444 0.166667
vt 0.194444 0.250000
vt 0.194444 0.333333
vt 0.194444 0.416667
vt 0.194444 0.500000
vt 0.194444 0.583333
vt 0.194444 0.666667
vt 0.194444 0.750000
vt 0.194444 0.833333
vt 0.222222 1.000000
vt 0.222222 0.916667
vt 0.222222 0.083333
vt 0.222222 0.000000
vt 0.222222 0.166667
vt 0.222222 0.250000
vt 0.222222 0.333333
vt 0.222222 0.416667
vt 0.222222 0.500000
vt 0.222222 0.583333
vt 0.222222 0.666667
vt 0.222222 0.750000
vt 0.222222 0.833333
vt 0.250000 1.000000
vt 0.250000 0.916667
vt 0.250000 0.083333
vt 0.250000 0.000000
vt 0.250000 0.166667
vt 0.250000 0.250000
vt 0.250000 0.333333
vt 0.250000 0.416667
vt 0.250000 0.500000
vt 0.250000 0.583333
vt 0.250000 0.666667
vt 0.250000 0.750000
vt 0.250000 0.833333
vt 0.277778 1.000000
vt 0.277778 0.916667
vt 0.277778 0.083333
vt 0.277778 0.000000
vt 0.277778 0.166667
vt 0.277778 0.250000
vt 0.277778 0.333333
vt 0.277778 0.416667
vt 0.277778 0.500000
vt 0.277778 0.583333
vt 0.277778 0.666667
vt 0.277778 0.750000
vt 0.277778 0.833333
vt 0.305556 1.000000
vt 0.305556 0.916667
vt 0.305556 0.083333
vt 0.305556 0.000000
vt 0.305556 0.166667
vt 0.305556 0.250000
vt 0.305556 0.333333
vt 0.305556 0.416667
vt 0.305556 0.500000
vt 0.305556 0.583333
vt 0.305556 0.666667
vt 0.305556 0.750000
vt 0.305556 0.833333
vt 0.333333 1.000000
vt 0.333333 0.916667
vt 0.333333 0.083333
vt 0.333333 0.000000
vt 0.333333 0.166667
vt 0.333333 0.250000
vt 0.333333 0.333333
vt 0.333333 0.416667
vt 0.333333 0.500000
vt 0.333333 0.583333
vt 0.333333 0.666667
vt 0.333333 0.750000
vt 0.333333 0.833333
vt 0.361111 1.000000
vt 0.361111 0.916667
vt 0.361111 0.083333
vt 0.361111 0.000000
vt 0.361111 0.166667
vt 0.361111 0.250000
vt 0.361111 0.333333
vt 0.361111 0.416667
vt 0.361111 0.500000
vt 0.361111 0.583333
vt 0.361111 0.666667
vt 0.361111 0.750000
vt 0.361111 0.833333
vt 0.388889 1.000000
vt 0.388889 0.916667
vt 0.388889 0.083333
vt 0.388889 0.000000
vt 0.388889 0.166667
vt 0.388889 0.250000
vt 0.388889 0.333333
vt 0.388889 0.416667
vt 0.388889 0.500000
vt 0.388889 0.583333
vt 0.388889 0.666667
vt 0.388889 0.750000
vt 0.388889 0.833333
vt 0.416667 1.000000
vt 0.416667 0.916667
vt 0.416667 0.083333
vt 0.416667 0.000000
vt 0.416667 0.166667
vt 0.416667 0.250000
vt 0.416667 0.333333
vt 0.416667 0.416667
vt 0.416667 0.500000
vt 0.416667 0.583333
vt 0.416667 0.666667
vt 0.416667 0.750000
vt 0.416667 0.833333
vt 0.444444 1.000000
vt 0.444444 0.916667
vt 0.444444 0.083333
vt 0.444444 0.000000
vt 0.444444 0.166667
vt 0.444444 0.250000
vt 0.444444 0.333333
vt 0.444444 0.416667
vt 0.444444 0.500000
vt 0.444444 0.583333
vt 0.444444 0.666667
vt 0.444444 0.750000
vt 0.444444 0.833333
vt 0.472222 1.000000
vt 0.472222 0.916667
vt 0.472222 0.083333
vt 0.472222 0.000000
vt 0.472222 0.166667
vt 0.472222 0.250000
vt 0.472222 0.333333
vt 0.472222 0.416667
vt 0.472222 0.500000
vt 0.472222 0.583333
vt 0.472222 0.666667
vt 0.472222 0.750000
vt 0.472222 0.833333
vt 0.500000 1.000000
vt 0.500000 0.916667
vt 0.500000 0.083333
vt 0.500000 0.000000
vt 0.500000 0.166667
vt 0.500000 0.250000
vt 0.500000 0.333333
vt 0.500000 0.416667
vt 0.500000 0.500000
vt 0.500000 0.583333
vt 0.500000 0.666667
vt 0.500000 0.750000
vt 0.500000 0.833333
vt 0.527778 1.000000
vt 0.527778 0.916667
vt 0.527778 0.083333
vt 0.527778 0.000000
vt 0.527778 0.166667
vt 0.527778 0.250000
vt 0.527778 0.333333
vt 0.527778 0.416667
vt 0.527778 0.500000
vt 0.527778 0.583333
vt 0.527778 0.666667
vt 0.527778 0.750000
vt 0.527778 0.833333
vt 0.555556 1.000000
vt 0.555556 0.916667
vt 0.555556 0.083333
vt 0.555556 0.000000
vt 0.555556 0.166667
vt 0.555556 0.250000
vt 0.555556 0.333333
vt 0.555556 0.416667
vt 0.555556 0.500000
vt 0.555556 0.583333
vt 0.555556 0.666667
vt 0.555556 0.750000
vt 0.555556 0.833333
vt 0.583333 1.000000
vt 0.583333 0.916667
vt 0.583333 0.083333
vt 0.583333 0.000000
vt 0.583333 0.166667
vt 0.583333 0.250000
vt 0.583333 0.333333
vt 0.583333 0.416667
vt 0.583333 0.500000
vt 0.583333 0.583333
vt 0.583333 0.666667
vt 0.583333 0.750000
vt 0.583333 0.833333
vt 0.611111 1.000000
vt 0.611111 0.916667
vt 0.611111 0.083333
vt 0.611111 0.000000
vt 0.611111 0.166667
vt 0.611111 0.250000
vt 0.611111 0.333333
vt 0.611111 0.416667
vt 0.611111 0.500000
vt 0.611111 0.583333
vt 0.611111 0.666667
vt 0.611111 0.750000
vt 0.611111 0.833333
vt 0.638889 1.000000
vt 0.638889 0.916667
vt 0.638889 0.083333
vt 0.638889 0.000000
vt 0.638889 0.166667
vt 0.638889 0.250000
vt 0.638889 0.333333
vt 0.638889 0.416667
vt 0.638889 0.500000
vt 0.638889 0.583333
vt 0.638889 0.666667
vt 0.638889 0.750000
vt 0.638889 0.833333
vt 0.666667 1.000000
vt 0.666667 0.916667
vt 0.666667 0.083333
vt 0.666667 0.000000
vt 0.666667 0.166667
vt 0.666667 0.250000
vt 0.666667 0.333333
vt 0.666667 0.416667
vt 0.666667 0.500000
vt 0.666667 0.583333
vt 0.666667 0.666667
vt 0.666667 0.750000
vt 0.666667 0.833333
vt 0.694444 1.000000
vt 0.694444 0.916667
vt 0.694444 0.083333
vt 0.694444 0.000000
vt 0.694444 0.166667
vt 0.694444 0.250000
vt 0.694444 0.333333
vt 0.694444 0.416667
vt 0.694444 0.500000
vt 0.694444 0.583333
vt 0.694444 0.666667
vt 0.694444 0.750000
vt 0.694444 0.833333
vt 0.722222 1.000000
vt 0.722222 0.916667
vt 0.722222 0.083333
vt 0.722222 0.000000
vt 0.722222 0.166667
vt 0.722222 0.250000
vt 0.722222 0.333333
vt 0.722222 0.416667
vt 0.722222 0.500000
vt 0.722222 0.583333
vt 0.722222 0.666667
vt 0.722222 0.750000
vt 0.722222 0.833333
vt 0.750000 1.000000
vt 0.750000 0.916667
vt 0.750000 0.083333
vt 0.750000 0.000000
vt 0.750000 0.166667
vt 0.750000 0.250000
vt 0.750000 0.333333
vt 0.750000 0.416667
vt 0.750000 0.500000
vt 0.750000 0.583333
vt 0.750000 0.666667
vt 0.750000 0.750000
vt 0.750000 0.833333
vt 0.777778 1.000000
vt 0.777778 0.916667
vt 0.777778 0.083333
vt 0.777778 0.000000
vt 0.777778 0.166667
vt 0.777778 0.250000
vt 0.777778 0.333333
vt 0.777778 0.416667
vt 0.777778 0.500000
vt 0.777778 0.583333
vt 0.777778 0.666667
vt 0.777778 0.750000
vt 0.777778 0.833333
vt 0.805556 1.000000
vt 0.805556 0.916667
vt 0.805556 0.083333
vt 0.805556 0.000000
vt 0.805556 0.166667
vt 0.805556 0.250000
vt 0.805556 0.333333
vt 0.805556 0.416667
vt 0.805556 0.500000
vt 0.805556 0.583333
vt 0.805556 0.666667
vt 0.805556 0.750000
vt 0.805556 0.833333
vt 0.833333 1.000000
vt 0.833333 0.916667
vt 0.833333 0.083333
vt 0.833333 0.000000
vt 0.833333 0.166667
vt 0.833333 0.250000
vt 0.833333 0.333333
vt 0.833333 0.416667
vt 0.833333 0.500000
vt 0.833333 0.583333
vt 0.833333 0.666667
vt 0.833333 0.750000
vt 0.833333 0.833333
vt 0.861111 1.000000
vt 0.861111 0.916667
vt 0.861111 0.083333
vt 0.861111 0.000000
vt 0.861111 0.166667
vt 0.861111 0.250000
vt 0.861111 0.333333
vt 0.861111 0.416667
vt 0.861111 0.500000
vt 0.861111 0.583333
vt 0.861111 0.666667
vt 0.861111 0.750000
vt 0.861111 0.833333
vt 0.888889 1.000000
vt 0.888889 0.916667
vt 0.888889 0.083333
vt 0.888889 0.000000
vt 0.888889 0.166667
vt 0.888889 0.250000
vt 0.888889 0.333333
vt 0.888889 0.416667
vt 0.888889 0.500000
vt 0.888889 0.583333
vt 0.888889 0.666667
vt 0.888889 0.750000
vt 0.888889 0.833333
vt 0.916667 1.000000
vt 0.916667 0.916667
vt 0.916667 0.083333
vt 0.916667 0.000000
vt 0.916667 0.166667
vt 0.916667 0.250000
vt 0.916667 0.333333
vt 0.916667 0.416667
vt 0.916667 0.500000
vt 0.916667 0.583333
vt 0.916667 0.666667
vt 0.916667 0.750000
vt 0.916667 0.833333
vt 0.944444 1.000000
vt 0.944444 0.916667
vt 0.944444 0.083333
vt 0.944444 0.000000
vt 0.944444 0.166667
vt 0.944444 0.250000
vt 0.944444 0.333333
vt 0.944444 0.416667
vt 0.944444 0.500000
vt 0.944444 0.583333
vt 0.944444 0.666667
vt 0.944444 0.750000
vt 0.944444 0.833333
vt 0.972222 1.000000
vt 0.972222 0.916667
vt 0.972222 0.083333
vt 0.972222 0.000000
vt 0.972222 0.166667
vt 0.972222 0.250000
vt 0.972222 0.333333
vt 0.972222 0.416667
vt 0.972222 0.500000
vt 0.972222 0.583333
vt 0.972222 0.666667
vt 0.972222 0.750000
vt 0.972222 0.833333
vt 1.000000 1.000000
vt 1.000000 0.916667
vt 1.000000 0.083333
vt 1.000000 0.000000
vt 1.000000 0.166667
vt 1.000000 0.250000
vt 1.000000 0.333333
vt 1.000000 0.416667
vt 1.000000 0.500000
vt 1.000000 0.583333
vt 1.000000 0.666667
vt 1.000000 0.750000
vt 1.000000 0.833333
vt 0.000000 1.000000
vt 0.027778 1.000000
vt 0.027778 0.916667
vt 0.000000 0.916667
vt 0.000000 0.083333
vt 0.027778 0.083333
vt 0.027778 0.000000
vt 0.000000 0.000000
vt 0.000000 0.166667
vt 0.027778 0.166667
vt 0.000000 0.250000
vt 0.027778 0.250000
vt 0.000000 0.333333
vt 0.027778 0.333333
vt 0.000000 0.416667
vt 0.027778 0.416667
vt 0.000000 0.500000
vt 0.027778 0.500000
vt 0.000000 0.583333
vt 0.027778 0.583333
vt 0.000000 0.666667
vt 0.027778 0.666667
vt 0.000000 0.750000
vt 0.027778 0.750000
vt 0.000000 0.833333
vt 0.027778 0.833333
vt 0.055556 1.000000
vt 0.055556 0.916667
vt 0.055556 0.083333
vt 0.055556 0.000000
vt 0.055556 0.166667
vt 0.055556 0.250000
vt 0.055556 0.333333
vt 0.055556 0.416667
vt 0.055556 0.500000
vt 0.055556 0.583333
vt 0.055556 0.666667
vt 0.055556 0.750000
vt 0.055556 0.833333
vt 0.083333 1.000000
vt 0.083333 0.916667
vt 0.083333 0.083333
vt 0.083333 0.000000
vt 0.083333 0.166667
vt 0.083333 0.250000
vt 0.083333 0.333333
vt 0.083333 0.416667
vt 0.083333 0.500000
vt 0.083333 0.583333
vt 0.083333 0.666667
vt 0.083333 0.750000
vt 0.083333 0.833333
vt 0.111111 1.000000
vt 0.111111 0.916667
vt 0.111111 0.083333
vt 0.111111 0.000000
vt 0.111111 0.166667
vt 0.111111 0.250000
vt 0.111111 0.333333
vt 0.111111 0.416667
vt 0.111111 0.500000
vt 0.111111 0.583333
vt 0.111111 0.666667
vt 0.111111 0.750000
vt 0.111111 0.833333
vt 0.138889 1.000000
vt 0.138889 0.916667
vt 0.138889 0.083333
vt 0.138889 0.000000
vt 0.138889 0.166667
vt 0.138889 0.250000
vt 0.138889 0.333333
vt 0.138889 0.416667
vt 0.138889 0.500000
vt 0.138889 0.583333
vt 0.138889 0.666667
vt 0.138889 0.750000
vt 0.138889 0.833333
vt 0.166667 1.000000
vt 0.166667 0.916667
vt 0.166667 0.083333
vt 0.166667 0.000000
vt 0.166667 0.166667
vt 0.166667 0.250000
vt 0.166667 0.333333
vt 0.166667 0.416667
vt 0.166667 0.500000
vt 0.166667 0.583333
vt 0.166667 0.666667
vt 0.166667 0.750000
vt 0.166667 0.833333
vt 0.194444 1.000000
vt 0.194444 0.916667
vt 0.194444 0.083333
vt 0.194444 0.000000
vt 0.194444 0.166667
vt 0.194444 0.250000
vt 0.194444 0.333333
vt 0.194444 0.416667
vt 0.194444 0.500000
vt 0.194444 0.583333
vt 0.194444 0.666667
vt 0.194444 0.750000
vt 0.194444 0.833333
vt 0.222222 1.000000
vt 0.222222 0.916667
vt 0.222222 0.083333
vt 0.222222 0.000000
vt 0.222222 0.166667
vt 0.222222 0.250000
vt 0.222222 0.333333
vt 0.222222 0.416667
vt 0.222222 0.500000
vt 0.222222 0.583333
vt 0.222222 0.666667
vt 0.222222 0.750000
vt 0.222222 0.833333
vt 0.250000 1.000000
vt 0.250000 0.916667
vt 0.250000 0.083333
vt 0.250000 0.000000
vt 0.250000 0.166667
vt 0.250000 0.250000
vt 0.250000 0.333333
vt 0.250000 0.416667
vt 0.250000 0.500000
vt 0.250000 0.583333
vt 0.250000 0.666667
vt 0.250000 0.750000
vt 0.250000 0.833333
vt 0.277778 1.000000
vt 0.277778 0.916667
vt 0.277778 0.083333
vt 0.277778 0.000000
vt 0.277778 0.166667
vt 0.277778 0.250000
vt 0.277778 0.333333
vt 0.277778 0.416667
vt 0.277778 0.500000
vt 0.277778 0.583333
vt 0.277778 0.666667
vt 0.277778 0.750000
vt 0.277778 0.833333
vt 0.305556 1.000000
vt 0.305556 0.916667
vt 0.305556 0.083333
vt 0.305556 0.000000
vt 0.305556 0.166667
vt 0.305556 0.250000
vt 0.305556 0.333333
vt 0.305556 0.416667
vt 0.305556 0.500000
vt 0.305556 0.583333
vt 0.305556 0.666667
vt 0.305556 0.750000
vt 0.305556 0.833333
vt 0.333333 1.000000
vt 0.333333 0.916667
vt 0.333333 0.083333
vt 0.333333 0.000000
vt 0.333333 0.166667
vt 0.333333 0.250000
vt 0.333333 0.333333
vt 0.333333 0.416667
vt 0.333333 0.500000
vt 0.333333 0.583333
vt 0.333333 0.666667
vt 0.333333 0.750000
vt 0.333333 0.833333
vt 0.361111 1.000000
vt 0.361111 0.916667
vt 0.361111 0.083333
vt 0.361111 0.000000
vt 0.361111 0.166667
vt 0.361111 0.250000
vt 0.361111 0.333333
vt 0.361111 0.416667
vt 0.361111 0.500000
vt 0.361111 0.583333
vt 0.361111 0.666667
vt 0.361111 0.750000
vt 0.361111 0.833333
vt 0.388889 1.000000
vt 0.388889 0.916667
vt 0.388889 0.083333
vt 0.388889 0.000000
vt 0.388889 0.166667
vt 0.388889 0.250000
vt 0.388889 0.333333
vt 0.388889 0.416667
vt 0.388889 0.500000
vt 0.388889 0.583333
vt 0.388889 0.666667
vt 0.388889 0.750000
vt 0.388889 0.833333
vt 0.416667 1.000000
vt 0.416667 0.916667
vt 0.416667 0.083333
vt 0.416667 0.000000
vt 0.416667 0.166667
vt 0.416667 0.250000
vt 0.416667 0.333333
vt 0.416667 0.416667
vt 0.416667 0.500000
vt 0.416667 0.583333
vt 0.416667 0.666667
vt 0.416667 0.750000
vt 0.416667 0.833333
vt 0.444444 1.000000
vt 0.444444 0.916667
vt 0.444444 0.083333
vt 0.444444 0.000000
vt 0.444444 0.166667
vt 0.444444 0.250000
vt 0.444444 0.333333
vt 0.444444 0.416667
vt 0.444444 0.500000
vt 0.444444 0.583333
vt 0.444444 0.666667
vt 0.444444 0.750000
vt 0.444444 0.833333
vt 0.472222 1.000000
vt 0.472222 0.916667
vt 0.472222 0.083333
vt 0.472222 0.000000
vt 0.472222 0.166667
vt 0.472222 0.250000
vt 0.472222 0.333333
vt 0.472222 0.416667
vt 0.472222 0.500000
vt 0.472222 0.583333
vt 0.472222 0.666667
vt 0.472222 0.750000
vt 0.472222 0.833333
vt 0.500000 1.000000
vt 0.500000 0.916667
vt 0.500000 0.083333
vt 0.500000 0.000000
vt 0.500000 0.166667
vt 0.500000 0.250000
vt 0.500000 0.333333
vt 0.500000 0.416667
vt 0.500000 0.500000
vt 0.500000 0.583333
vt 0.500000 0.666667
vt 0.500000 0.750000
vt 0.500000 0.833333
vt 0.527778 1.000000
vt 0.527778 0.916667
vt 0.527778 0.083333
vt 0.527778 0.000000
vt 0.527778 0.166667
vt 0.527778 0.250000
vt 0.527778 0.333333
vt 0.527778 0.416667
vt 0.527778 0.500000
vt 0.527778 0.583333
vt 0.527778 0.666667
vt 0.527778 0.750000
vt 0.527778 0.833333
vt 0.555556 1.000000
vt 0.555556 0.916667
vt 0.555556 0.083333
vt 0.555556 0.000000
vt 0.555556 0.166667
vt 0.555556 0.250000
vt 0.555556 0.333333
vt 0.555556 0.416667
vt 0.555556 0.500000
vt 0.555556 0.583333
vt 0.555556 0.666667
vt 0.555556 0.750000
vt 0.555556 0.833333
vt 0.583333 1.000000
vt 0.583333 0.916667
vt 0.583333 0.083333
vt 0.583333 0.000000
vt 0.583333 0.166667
vt 0.583333 0.250000
vt 0.583333 0.333333
vt 0.583333 0.416667
vt 0.583333 0.500000
vt 0.583333 0.583333
vt 0.583333 0.666667
vt 0.583333 0.750000
vt 0.583333 0.833333
vt 0.611111 1.000000
vt 0.611111 0.916667
vt 0.611111 0.083333
vt 0.611111 0.000000
vt 0.611111 0.166667
vt 0.611111 0.250000
vt 0.611111 0.333333
vt 0.611111 0.416667
vt 0.611111 0.500000
vt 0.611111 0.583333
vt 0.611111 0.666667
vt 0.611111 0.750000
vt 0.611111 0.833333
vt 0.638889 1.000000
vt 0.638889 0.916667
vt 0.638889 0.083333
vt 0.638889 0.000000
vt 0.638889 0.166667
vt 0.638889 0.250000
vt 0.638889 0.333333
vt 0.638889 0.416667
vt 0.638889 0.500000
vt 0.638889 0.583333
vt 0.638889 0.666667
vt 0.638889 0.750000
vt 0.638889 0.833333
vt 0.666667 1.000000
vt 0.666667 0.916667
vt 0.666667 0.083333
vt 0.666667 0.000000
vt 0.666667 0.166667
vt 0.666667 0.250000
vt 0.666667 0.333333
vt 0.666667 0.416667
vt 0.666667 0.500000
vt 0.666667 0.583333
vt 0.666667 0.666667
vt 0.666667 0.750000
vt 0.666667 0.833333
vt 0.694444 1.000000
vt 0.694444 0.916667
vt 0.694444 0.083333
vt 0.694444 0.000000
vt 0.694444 0.166667
vt 0.694444 0.250000
vt 0.694444 0.333333
vt 0.694444 0.416667
vt 0.694444 0.500000
vt 0.694444 0.583333
vt 0.694444 0.666667
vt 0.694444 0.750000
vt 0.694444 0.833333
vt 0.722222 1.000000
vt 0.722222 0.916667
vt 0.722222 0.083333
vt 0.722222 0.000000
vt 0.722222 0.166667
vt 0.722222 0.250000
vt 0.722222 0.333333
vt 0.722222 0.416667
vt 0.722222 0.500000
vt 0.722222 0.583333
vt 0.722222 0.666667
vt 0.722222 0.750000
vt 0.722222 0.833333
vt 0.750000 1.000000
vt 0.750000 0.916667
vt 0.750000 0.083333
vt 0.750000 0.000000
vt 0.750000 0.166667
vt 0.750000 0.250000
vt 0.750000 0.333333
vt 0.750000 0.416667
vt 0.750000 0.500000
vt 0.750000 0.583333
vt 0.750000 0.666667
vt 0.750000 0.750000
vt 0.750000 0.833333
vt 0.777778 1.000000
vt 0.777778 0.916667
vt 0.777778 0.083333
vt 0.777778 0.000000
vt 0.777778 0.166667
vt 0.777778 0.250000
vt 0.777778 0.333333
vt 0.777778 0.416667
vt 0.777778 0.500000
vt 0.777778 0.583333
vt 0.777778 0.666667
vt 0.777778 0.750000
vt 0.777778 0.833333
vt 0.805556 1.000000
vt 0.805556 0.916667
vt 0.805556 0.083333
vt 0.805556 0.000000
vt 0.805556 0.166667
vt 0.805556 0.250000
vt 0.805556 0.333333
vt 0.805556 0.416667
vt 0.805556 0.500000
vt 0.805556 0.583333
vt 0.805556 0.666667
vt 0.805556 0.750000
vt 0.805556 0.833333
vt 0.833333 1.000000
vt 0.833333 0.916667
vt 0.833333 0.083333
vt 0.833333 0.000000
vt 0.833333 0.166667
vt 0.833333 0.250000
vt 0.833333 0.333333
vt 0.833333 0.416667
vt 0.833333 0.500000
vt 0.833333 0.583333
vt 0.833333 0.666667
vt 0.833333 0.750000
vt 0.833333 0.833333
vt 0.861111 1.000000
vt 0.861111 0.916667
vt 0.861111 0.083333
vt 0.861111 0.000000
vt 0.861111 0.166667
vt 0.861111 0.250000
vt 0.861111 0.333333
vt 0.861111 0.416667
vt 0.861111 0.500000
vt 0.861111 0.583333
vt 0.861111 0.666667
vt 0.861111 0.750000
vt 0.861111 0.833333
vt 0.888889 1.000000
vt 0.888889 0.916667
vt 0.888889 0.083333
vt 0.888889 0.000000
vt 0.888889 0.166667
vt 0.888889 0.250000
vt 0.888889 0.333333
vt 0.888889 0.416667
vt 0.888889 0.500000
vt 0.888889 0.583333
vt 0.888889 0.666667
vt 0.888889 0.750000
vt 0.888889 0.833333
vt 0.916667 1.000000
vt 0.916667 0.916667
vt 0.916667 0.083333
vt 0.916667 0.000000
vt 0.916667 0.166667
vt 0.916667 0.250000
vt 0.916667 0.333333
vt 0.916667 0.416667
vt 0.916667 0.500000
vt 0.916667 0.583333
vt 0.916667 0.666667
vt 0.916667 0.750000
vt 0.916667 0.833333
vt 0.944444 1.000000
vt 0.944444 0.916667
vt 0.944444 0.083333
vt 0.944444 0.000000
vt 0.944444 0.166667
vt 0.944444 0.250000
vt 0.944444 0.333333
vt 0.944444 0.416667
vt 0.944444 0.500000
vt 0.944444 0.583333
vt 0.944444 0.666667
vt 0.944444 0.750000
vt 0.944444 0.833333
vt 0.972222 1.000000
vt 0.972222 0.916667
vt 0.972222 0.083333
vt 0.972222 0.000000
vt 0.972222 0.166667
vt 0.972222 0.250000
vt 0.972222 0.333333
vt 0.972222 0.416667
vt 0.972222 0.500000
vt 0.972222 0.583333
vt 0.972222 0.666667
vt 0.972222 0.750000
vt 0.972222 0.833333
vt 1.000000 1.000000
vt 1.000000 0.916667
vt 1.000000 0.083333
vt 1.000000 0.000000
vt 1.000000 0.166667
vt 1.000000 0.250000
vt 1.000000 0.333333
vt 1.000000 0.416667
vt 1.000000 0.500000
vt 1.000000 0.583333
vt 1.000000 0.666667
vt 1.000000 0.750000
vt 1.000000 0.833333
vt 0.000000 1.000000
vt 0.041667 1.000000
vt 0.041667 0.916667
vt 0.000000 0.916667
vt 0.000000 0.083333
vt 0.041667 0.083333
vt 0.041667 0.000000
vt 0.000000 0.000000
vt 0.000000 0.166667
vt 0.041667 0.166667
vt 0.000000 0.250000
vt 0.041667 0.250000
vt 0.000000 0.333333
vt 0.041667 0.333333
vt 0.000000 0.416667
vt 0.041667 0.416667
vt 0.000000 0.500000
vt 0.041667 0.500000
vt 0.000000 0.583333
vt 0.041667 0.583333
vt 0.000000 0.666667
vt 0.041667 0.666667
vt 0.000000 0.750000
vt 0.041667 0.750000
vt 0.000000 0.833333
vt 0.041667 0.833333
vt 0.083333 1.000000
vt 0.083333 0.916667
vt 0.083333 0.083333
vt 0.083333 0.000000
vt 0.083333 0.166667
vt 0.083333 0.250000
vt 0.083333 0.333333
vt 0.083333 0.416667
vt 0.083333 0.500000
vt 0.083333 0.583333
vt 0.083333 0.666667
vt 0.083333 0.750000
vt 0.083333 0.833333
vt 0.125000 1.000000
vt 0.125000 0.916667
vt 0.125000 0.083333
vt 0.125000 0.000000
vt 0.125000 0.166667
vt 0.125000 0.250000
vt 0.125000 0.333333
vt 0.125000 0.416667
vt 0.125000 0.500000
vt 0.125000 0.583333
vt 0.125000 0.666667
vt 0.125000 0.750000
vt 0.125000 0.833333
vt 0.166667 1.000000
vt 0.166667 0.916667
vt 0.166667 0.083333
vt 0.166667 0.000000
vt 0.166667 0.166667
vt 0.166667 0.250000
vt 0.166667 0.333333
vt 0.166667 0.416667
vt 0.166667 0.500000
vt 0.166667 0.583333
vt 0.166667 0.666667
vt 0.166667 0.750000
vt 0.166667 0.833333
vt 0.208333 1.000000
vt 0.208333 0.916667
vt 0.208333 0.083333
vt 0.208333 0.000000
vt 0.208333 0.166667
vt 0.208333 0.250000
vt 0.208333 0.333333
vt 0.208333 0.416667
vt 0.208333 0.500000
vt 0.208333 0.583333
vt 0.208333 0.666667
vt 0.208333 0.750000
vt 0.208333 0.833333
vt 0.250000 1.000000
vt 0.250000 0.916667
vt 0.250000 0.083333
vt 0.250000 0.000000
vt 0.250000 0.166667
vt 0.250000 0.250000
vt 0.250000 0.333333
vt 0.250000 0.416667
vt 0.250000 0.500000
vt 0.250000 0.583333
vt 0.250000 0.666667
vt 0.250000 0.750000
vt 0.250000 0.833333
vt 0.291667 1.000000
vt 0.291667 0.916667
vt 0.291667 0.083333
vt 0.291667 0.000000
vt 0.291667 0.166667
vt 0.291667 0.250000
vt 0.291667 0.333333
vt 0.291667 0.416667
vt 0.291667 0.500000
vt 0.291667 0.583333
vt 0.291667 0.666667
vt 0.291667 0.750000
vt 0.291667 0.833333
vt 0.333333 1.000000
vt 0.333333 0.916667
vt 0.333333 0.083333
vt 0.333333 0.000000
vt 0.333333 0.166667
vt 0.333333 0.250000
vt 0.333333 0.333333
vt 0.333333 0.416667
vt 0.333333 0.500000
vt 0.333333 0.583333
vt 0.333333 0.666667
vt 0.333333 0.750000
vt 0.333333 0.833333
vt 0.375000 1.000000
vt 0.375000 0.916667
vt 0.375000 0.083333
vt 0.375000 0.000000
vt 0.375000 0.166667
vt 0.375000 0.250000
vt 0.375000 0.333333
vt 0.375000 0.416667
vt 0.375000 0.500000
vt 0.375000 0.583333
vt 0.375000 0.666667
vt 0.375000 0.750000
vt 0.375000 0.833333
vt 0.416667 1.000000
vt 0.416667 0.916667
vt 0.416667 0.083333
vt 0.416667 0.000000
vt 0.416667 0.166667
vt 0.416667 0.250000
vt 0.416667 0.333333
vt 0.416667 0.416667
vt 0.416667 0.500000
vt 0.416667 0.583333
vt 0.416667 0.666667
vt 0.416667 0.750000
vt 0.416667 0.833333
vt 0.458333 1.000000
vt 0.458333 0.916667
vt 0.458333 0.083333
vt 0.458333 0.000000
vt 0.458333 0.166667
vt 0.458333 0.250000
vt 0.458333 0.333333
vt 0.458333 0.416667
vt 0.458333 0.500000
vt 0.458333 0.583333
vt 0.458333 0.666667
vt 0.458333 0.750000
vt 0.458333 0.833333
vt 0.500000 1.000000
vt 0.500000 0.916667
vt 0.500000 0.083333
vt 0.500000 0.000000
vt 0.500000 0.166667
vt 0.500000 0.250000
vt 0.500000 0.333333
vt 0.500000 0.416667
vt 0.500000 0.500000
vt 0.500000 0.583333
vt 0.500000 0.666667
vt 0.500000 0.750000
vt 0.500000 0.833333
vt 0.541667 1.000000
vt 0.541667 0.916667
vt 0.541667 0.083333
vt 0.541667 0.000000
vt 0.541667 0.166667
vt 0.541667 0.250000
vt 0.541667 0.333333
vt 0.541667 0.416667
vt 0.541667 0.500000
vt 0.541667 0.583333
vt 0.541667 0.666667
vt 0.541667 0.750000
vt 0.541667 0.833333
vt 0.583333 1.000000
vt 0.583333 0.916667
vt 0.583333 0.083333
vt 0.583333 0.000000
vt 0.583333 0.166667
vt 0.583333 0.250000
vt 0.583333 0.333333
vt 0.583333 0.416667
vt 0.583333 0.500000
vt 0.583333 0.583333
vt 0.583333 0.666667
vt 0.583333 0.750000
vt 0.583333 0.833333
vt 0.625000 1.000000
vt 0.625000 0.916667
vt 0.625000 0.083333
vt 0.625000 0.000000
vt 0.625000 0.166667
vt 0.625000 0.250000
vt 0.625000 0.333333
vt 0.625000 0.416667
vt 0.625000 0.500000
vt 0.625000 0.583333
vt 0.625000 0.666667
vt 0.625000 0.750000
vt 0.625000 0.833333
vt 0.666667 1.000000
vt 0.666667 0.916667
vt 0.666667 0.083333
vt 0.666667 0.000000
vt 0.666667 0.166667
vt 0.666667 0.250000
vt 0.666667 0.333333
vt 0.666667 0.416667
vt 0.666667 0.500000
vt 0.666667 0.583333
vt 0.666667 0.666667
vt 0.666667 0.750000
vt 0.666667 0.833333
vt 0.708333 1.000000
vt 0.708333 0.916667
vt 0.708333 0.083333
vt 0.708333 0.000000
vt 0.708333 0.166667
vt 0.708333 0.250000
vt 0.708333 0.333333
vt 0.708333 0.416667
vt 0.708333 0.500000
vt 0.708333 0.583333
vt 0.708333 0.666667
vt 0.708333 0.750000
vt 0.708333 0.833333
vt 0.750000 1.000000
vt 0.750000 0.916667
vt 0.750000 0.083333
vt 0.750000 0.000000
vt 0.750000 0.166667
vt 0.750000 0.250000
vt 0.750000 0.333333
vt 0.750000 0.416667
vt 0.750000 0.500000
vt 0.750000 0.583333
vt 0.750000 0.666667
vt 0.750000 0.750000
vt 0.750000 0.833333
vt 0.791667 1.000000
vt 0.791667 0.916667
vt 0.791667 0.083333
vt 0.791667 0.000000
vt 0.791667 0.166667
vt 0.791667 0.250000
vt 0.791667 0.333333
vt 0.791667 0.416667
vt 0.791667 0.500000
vt 0.791667 0.583333
vt 0.791667 0.666667
vt 0.791667 0.750000
vt 0.791667 0.833333
vt 0.833333 1.000000
vt 0.833333 0.916667
vt 0.833333 0.083333
vt 0.833333 0.000000
vt 0.833333 0.166667
vt 0.833333 0.250000
vt 0.833333 0.333333
vt 0.833333 0.416667
vt 0.833333 0.500000
vt 0.833333 0.583333
vt 0.833333 0.666667
vt 0.833333 0.750000
vt 0.833333 0.833333
vt 0.875000 1.000000
vt 0.875000 0.916667
vt 0.875000 0.083333
vt 0.875000 0.000000
vt 0.875000 0.166667
vt 0.875000 0.250000
vt 0.875000 0.333333
vt 0.875000 0.416667
vt 0.875000 0.500000
vt 0.875000 0.583333
vt 0.875000 0.666667
vt 0.875000 0.750000
vt 0.875000 0.833333
vt 0.916667 1.000000
vt 0.916667 0.916667
vt 0.916667 0.083333
vt 0.916667 0.000000
vt 0.916667 0.166667
vt 0.916667 0.250000
vt 0.916667 0.333333
vt 0.916667 0.416667
vt 0.916667 0.500000
vt 0.916667 0.583333
vt 0.916667 0.666667
vt 0.916667 0.750000
vt 0.916667 0.833333
vt 0.958333 1.000000
vt 0.958333 0.916667
vt 0.958333 0.083333
vt 0.958333 0.000000
vt 0.958333 0.166667
vt 0.958333 0.250000
vt 0.958333 0.333333
vt 0.958333 0.416667
vt 0.958333 0.500000
vt 0.958333 0.583333
vt 0.958333 0.666667
vt 0.958333 0.750000
vt 0.958333 0.833333
vt 1.000000 1.000000
vt 1.000000 0.916667
vt 1.000000 0.083333
vt 1.000000 0.000000
vt 1.000000 0.166667
vt 1.000000 0.250000
vt 1.000000 0.333333
vt 1.000000 0.416667
vt 1.000000 0.500000
vt 1.000000 0.583333
vt 1.000000 0.666667
vt 1.000000 0.750000
vt 1.000000 0.833333
vn 0.7692 0.4913 0.4085
vn 0.6410 0.4723 0.6049
vn 0.7817 -0.0114 0.6235
vn 0.8622 -0.0051 0.5065
vn 0.4754 0.8561 0.2027
vn 0.3389 0.8353 0.4328
vn 0.0576 0.9967 -0.0572
vn -0.0491 0.9874 0.1505
vn -0.3766 0.8755 -0.3029
vn -0.4277 0.8874 -0.1722
vn -0.7132 0.5222 -0.4675
vn -0.7008 0.5519 -0.4519
vn -0.8622 0.0303 -0.5056
vn -0.7907 0.0588 -0.6094
vn -0.7829 -0.4698 -0.4078
vn -0.6599 -0.4588 -0.5949
vn -0.4930 -0.8464 -0.2014
vn -0.3366 -0.8470 -0.4115
vn -0.0650 -0.9961 0.0598
vn 0.0826 -0.9901 -0.1137
vn 0.3838 -0.8711 0.3063
vn 0.4705 -0.8562 0.2134
vn 0.7239 -0.5052 0.4698
vn 0.7225 -0.4957 0.4819
vn 0.3271 0.3341 0.8839
vn 0.5461 -0.1135 0.8300
vn 0.0267 0.6971 0.7165
vn -0.2811 0.8859 0.3688
vn -0.5198 0.8509 -0.0752
vn -0.6261 0.5932 -0.5061
vn -0.5637 0.1686 -0.8086
vn -0.3385 -0.3136 -0.8871
vn -0.0113 -0.7089 -0.7051
vn 0.3155 -0.8936 -0.3192
vn 0.5470 -0.8241 0.1472
vn 0.6280 -0.5358 0.5644
vn -0.0169 0.0878 0.9960
vn 0.2909 -0.3009 0.9082
vn -0.3197 0.4528 0.8323
vn -0.5428 0.7042 0.4577
vn -0.6283 0.7770 -0.0383
vn -0.5470 0.6467 -0.5315
vn -0.3108 0.3403 -0.8874
vn 0.0180 -0.0638 -0.9978
vn 0.3412 -0.4530 -0.8236
vn 0.5640 -0.7134 -0.4158
vn 0.6291 -0.7704 0.1031
vn 0.5271 -0.6157 0.5857
vn -0.2509 -0.1388 0.9580
vn 0.1223 -0.4726 0.8727
vn -0.5588 0.2294 0.7969
vn -0.7240 0.5393 0.4301
vn -0.7012 0.7110 -0.0519
vn -0.4899 0.6961 -0.5248
vn -0.1411 0.4931 -0.8584
vn 0.2497 0.1537 -0.9560
vn 0.5708 -0.2298 -0.7883
vn 0.7319 -0.5499 -0.4022
vn 0.6917 -0.7161 0.0928
vn 0.4668 -0.6854 0.5588
vn -0.3779 -0.2950 0.8775
vn 0.0340 -0.5894 0.8071
vn -0.6907 0.0755 0.7191
vn -0.8239 0.4270 0.3726
vn -0.7406 0.6678 -0.0738
vn -0.4585 0.7324 -0.5033
vn -0.0499 0.5995 -0.7988
vn 0.3743 0.3023 -0.8766
vn 0.6960 -0.0787 -0.7137
vn 0.8259 -0.4378 -0.3552
vn 0.7303 -0.6759 0.0988
vn 0.4393 -0.7299 0.5237
vn -0.4484 -0.4018 0.7984
vn -0.0137 -0.6684 0.7437
vn -0.7649 -0.0301 0.6434
vn -0.8808 0.3500 0.3189
vn -0.7639 0.6389 -0.0911
vn -0.4421 0.7585 -0.4787
vn 0.0007 0.6740 -0.7387
vn 0.4450 0.4058 -0.7983
vn 0.7680 0.0263 -0.6399
vn 0.8809 -0.3600 -0.3071
vn 0.7546 -0.6472 0.1079
vn 0.4263 -0.7590 0.4921
vn -0.4924 -0.4827 0.7243
vn -0.0428 -0.7279 0.6843
vn -0.8118 -0.1105 0.5734
vn -0.9174 0.2912 0.2711
vn -0.7801 0.6170 -0.1041
vn -0.4334 0.7791 -0.4530
vn 0.0316 0.7316 -0.6809
vn 0.4894 0.4853 -0.7245
vn 0.8142 0.1065 -0.5707
vn 0.9170 -0.3008 -0.2618
vn 0.7714 -0.6255 0.1170
vn 0.4193 -0.7809 0.4629
vn -0.5235 -0.5518 0.6492
vn -0.0634 -0.7788 0.6240
vn -0.8452 -0.1794 0.5033
vn -0.9443 0.2407 0.2243
vn -0.7930 0.5983 -0.1150
vn -0.4288 0.7971 -0.4250
vn 0.0524 0.7816 -0.6215
vn 0.5207 0.5538 -0.6497
vn 0.8476 0.1749 -0.5009
vn 0.9435 -0.2510 -0.2162
vn 0.7840 -0.6078 0.1262
vn 0.4147 -0.8001 0.4333
vn -0.5479 -0.6177 0.5641
vn -0.0797 -0.8277 0.5554
vn -0.8716 -0.2453 0.4243
vn -0.9660 0.1923 0.1725
vn -0.8045 0.5804 -0.1260
vn -0.4269 0.8148 -0.3922
vn 0.0676 0.8300 -0.5536
vn 0.5451 0.6194 -0.5649
vn 0.8743 0.2397 -0.4221
vn 0.9649 -0.2047 -0.1644
vn 0.7941 -0.5922 0.1367
vn 0.4110 -0.8193 0.3998
vn -0.5675 -0.6862 0.4551
vn -0.0932 -0.8789 0.4678
vn -0.8927 -0.3139 0.3233
vn -0.9842 0.1416 0.1063
vn -0.8155 0.5616 -0.1398
vn -0.4274 0.8334 -0.3502
vn 0.0782 0.8807 -0.4671
vn 0.5642 0.6876 -0.4570
vn 0.8961 0.3061 -0.3214
vn 0.9825 -0.1583 -0.0982
vn 0.8020 -0.5780 0.1505
vn 0.4074 -0.8405 0.3572
vn -0.5777 -0.7591 0.3000
vn -0.1004 -0.9339 0.3430
vn -0.9044 -0.3871 0.1791
vn -0.9961 0.0869 0.0111
vn -0.8257 0.5406 -0.1609
vn -0.4331 0.8528 -0.2917
vn 0.0799 0.9353 -0.3446
vn 0.5736 0.7610 -0.3029
vn 0.9095 0.3761 -0.1770
vn 0.9937 -0.1114 -0.0027
vn 0.8068 -0.5656 0.1707
vn 0.4052 -0.8648 0.2965
vn -0.5626 -0.8214 0.0932
vn -0.0858 -0.9815 0.1711
vn -0.8936 -0.4488 -0.0088
vn -0.9932 0.0418 -0.1089
vn -0.8318 0.5246 -0.1812
vn -0.4460 0.8711 -0.2058
vn 0.0652 0.9825 -0.1741
vn 0.5613 0.8223 -0.0937
vn 0.9013 0.4329 0.0129
vn 0.9906 -0.0740 0.1151
vn 0.8100 -0.5565 0.1849
vn 0.4151 -0.8864 0.2048
vn -0.5176 -0.8464 -0.1251
vn -0.0435 -0.9989 -0.0183
vn -0.8573 -0.4745 -0.1995
vn -0.9747 0.0227 -0.2222
vn -0.8351 0.5176 -0.1862
vn -0.4695 0.8773 -0.0994
vn 0.0274 0.9995 0.0156
vn 0.5185 0.8456 0.1268
vn 0.8657 0.4577 0.2025
vn 0.9735 -0.0539 0.2222
vn 0.8168 -0.5474 0.1818
vn 0.4436 -0.8913 0.0937
vn -0.4540 -0.8305 -0.3226
vn 0.0143 -0.9817 -0.1895
vn -0.8043 -0.4634 -0.3719
vn -0.9456 0.0259 -0.3241
vn -0.8380 0.5114 -0.1901
vn -0.5047 0.8632 -0.0037
vn -0.0314 0.9822 0.1852
vn 0.4527 0.8308 0.3237
vn 0.8118 0.4496 0.3725
vn 0.9463 -0.0537 0.3188
vn 0.8229 -0.5391 0.1794
vn 0.4807 -0.8768 -0.0065
vn -0.3773 -0.7855 -0.4906
vn 0.0811 -0.9413 -0.3277
vn -0.7370 -0.4250 -0.5255
vn -0.9048 0.0476 -0.4230
vn -0.8347 0.5100 -0.2079
vn -0.5406 0.8388 0.0646
vn -0.0979 0.9417 0.3217
vn 0.3736 0.7867 0.4914
vn 0.7427 0.4148 0.5256
vn 0.9069 -0.0700 0.4154
vn 0.8236 -0.5331 0.1935
vn 0.5201 -0.8505 -0.0783
vn -0.2959 -0.7257 -0.6211
vn 0.1480 -0.8918 -0.4274
vn -0.6618 -0.3699 -0.6521
vn -0.8548 0.0836 -0.5122
vn -0.8229 0.5167 -0.2362
vn -0.5712 0.8141 0.1046
vn -0.1636 0.8929 0.4194
vn 0.2903 0.7281 0.6209
vn 0.6654 0.3634 0.6520
vn 0.8576 -0.1003 0.5045
vn 0.8156 -0.5348 0.2207
vn 0.5547 -0.8233 -0.1203
vn -0.2163 -0.6636 -0.7161
vn 0.2083 -0.8451 -0.4924
vn -0.5833 -0.3080 -0.7516
vn -0.7974 0.1287 -0.5896
vn -0.8016 0.5327 -0.2713
vn -0.5924 0.7965 0.1210
vn -0.2226 0.8469 0.4828
vn 0.2092 0.6673 0.7148
vn 0.5849 0.3049 0.7516
vn 0.8003 -0.1405 0.5829
vn 0.7973 -0.5464 0.2564
vn 0.5794 -0.8033 -0.1373
vn -0.1418 -0.6062 -0.7826
vn 0.2585 -0.8074 -0.5303
vn -0.5037 -0.2457 -0.8282
vn -0.7332 0.1794 -0.6559
vn -0.7696 0.5581 -0.3101
vn -0.6017 0.7897 0.1197
vn -0.2715 0.8103 0.5193
vn 0.1335 0.6114 0.7799
vn 0.5033 0.2456 0.8285
vn 0.7357 -0.1874 0.6508
vn 0.7674 -0.5684 0.2966
vn 0.5917 -0.7946 -0.1361
vn -0.0735 -0.5568 -0.8274
vn 0.2969 -0.7815 -0.5488
vn -0.4233 -0.1857 -0.8867
vn -0.6614 0.2340 -0.7126
vn -0.7253 0.5926 -0.3502
vn -0.5972 0.7950 0.1062
vn -0.3088 0.7855 0.5363
vn 0.0642 0.5639 0.8233
vn 0.4210 0.1884 0.8873
vn 0.6633 -0.2387 0.7092
vn 0.7246 -0.6003 0.3384
vn 0.5895 -0.7984 -0.1226
vn -0.0115 -0.5166 -0.8561
vn 0.3221 -0.7679 -0.5536
vn -0.3409 -0.1293 -0.9312
vn -0.5799 0.2914 -0.7608
vn -0.6663 0.6356 -0.3899
vn -0.5767 0.8125 0.0852
vn -0.3330 0.7733 0.5395
vn 0.0014 0.5259 0.8506
vn 0.3368 0.1350 0.9318
vn 0.5810 -0.2933 0.7592
vn 0.6666 -0.6414 0.3797
vn 0.5710 -0.8146 -0.1016
vn 0.0442 -0.4856 -0.8730
vn 0.3328 -0.7662 -0.5496
vn -0.2549 -0.0773 -0.9639
vn -0.4860 0.3504 -0.8006
vn -0.5893 0.6859 -0.4268
vn -0.5374 0.8411 0.0604
vn -0.3425 0.7733 0.5335
vn -0.0547 0.4976 0.8656
vn 0.2492 0.0861 0.9646
vn 0.4862 -0.3498 0.8007
vn 0.5903 -0.6903 0.4183
vn 0.5335 -0.8423 -0.0771
vn 0.0933 -0.4637 -0.8810
vn 0.3267 -0.7751 -0.5407
vn -0.1636 -0.0306 -0.9860
vn -0.3765 0.4092 -0.8311
vn -0.4904 0.7413 -0.4582
vn -0.4756 0.8789 0.0359
vn -0.3348 0.7842 0.5224
vn -0.1036 0.4792 0.8715
vn 0.1570 0.0432 0.9866
vn 0.3758 -0.4060 0.8330
vn 0.4920 -0.7445 0.4512
vn 0.4735 -0.8792 -0.0529
vn 0.1351 -0.4500 -0.8827
vn 0.3012 -0.7918 -0.5313
vn -0.0657 0.0091 -0.9978
vn -0.2487 0.4639 -0.8502
vn -0.3665 0.7968 -0.4803
vn -0.3883 0.9214 0.0164
vn -0.3071 0.8029 0.5108
vn -0.1431 0.4697 0.8711
vn 0.0604 0.0082 0.9981
vn 0.2482 -0.4575 0.8538
vn 0.3682 -0.7992 0.4751
vn 0.3872 -0.9214 -0.0337
vn 0.2096 -0.4308 -0.8777
vn 0.2920 -0.7982 -0.5268
vn 0.0725 0.0471 -0.9962
vn -0.0837 0.5113 -0.8553
vn -0.2185 0.8430 -0.4916
vn -0.2958 0.9552 0.0028
vn -0.2936 0.8148 0.4998
vn -0.2106 0.4543 0.8655
vn -0.0697 -0.0320 0.9970
vn 0.0897 -0.5116 0.8545
vn 0.2239 -0.8505 0.4760
vn 0.2975 -0.9542 -0.0316
vn 0.3660 -0.3965 -0.8419
vn 0.3468 -0.7861 -0.5116
vn 0.2901 0.0935 -0.9524
vn 0.1395 0.5585 -0.8177
vn -0.0475 0.8804 -0.4718
vn -0.2229 0.9748 -0.0008
vn -0.3399 0.8113 0.4756
vn -0.3646 0.4248 0.8286
vn -0.2879 -0.0839 0.9540
vn -0.1307 -0.5704 0.8109
vn 0.0617 -0.8947 0.4423
vn 0.2362 -0.9707 -0.0431
vn 0.5503 -0.3685 -0.7492
vn 0.4257 -0.7755 -0.4661
vn 0.5317 0.1316 -0.8366
vn 0.3765 0.5969 -0.7084
vn 0.1238 0.9094 -0.3970
vn -0.1630 0.9864 0.0198
vn -0.4101 0.8016 0.4349
vn -0.5495 0.3966 0.7353
vn -0.5378 -0.1220 0.8342
vn -0.3745 -0.6081 0.6999
vn -0.1071 -0.9224 0.3710
vn 0.1864 -0.9808 -0.0572
vn 0.6830 -0.3647 -0.6328
vn 0.4738 -0.7782 -0.4123
vn 0.7126 0.1418 -0.6870
vn 0.5575 0.6104 -0.5625
vn 0.2574 0.9213 -0.2914
vn -0.1122 0.9920 0.0575
vn -0.4559 0.7988 0.3926
vn -0.6800 0.3875 0.6224
vn -0.7192 -0.1327 0.6820
vn -0.5587 -0.6173 0.5538
vn -0.2435 -0.9305 0.2735
vn 0.1356 -0.9874 -0.0809
vn 0.7533 -0.3766 -0.5391
vn 0.4896 -0.7876 -0.3742
vn 0.8169 0.1321 -0.5613
vn 0.6662 0.6052 -0.4358
vn 0.3403 0.9198 -0.1954
vn -0.0768 0.9923 0.0972
vn -0.4759 0.8004 0.3645
vn -0.7494 0.3919 0.5337
vn -0.8204 -0.1245 0.5580
vn -0.6673 -0.6077 0.4306
vn -0.3317 -0.9248 0.1860
vn 0.0928 -0.9897 -0.1089
vn 0.7787 -0.3918 -0.4900
vn 0.4846 -0.7971 -0.3602
vn 0.8644 0.1169 -0.4889
vn 0.7205 0.5939 -0.3580
vn 0.3855 0.9132 -0.1318
vn -0.0525 0.9902 0.1296
vn -0.4775 0.8030 0.3566
vn -0.7757 0.4001 0.4881
vn -0.8656 -0.1111 0.4882
vn -0.7219 -0.5930 0.3566
vn -0.3828 -0.9148 0.1287
vn 0.0594 -0.9892 -0.1338
vn 0.7754 -0.4034 -0.4858
vn 0.4671 -0.8037 -0.3684
vn 0.8750 0.1050 -0.4726
vn 0.7398 0.5848 -0.3327
vn 0.4068 0.9076 -0.1038
vn -0.0347 0.9876 0.1527
vn -0.4667 0.8039 0.3685
vn -0.7742 0.4057 0.4859
vn -0.8750 -0.1011 0.4734
vn -0.7419 -0.5813 0.3342
vn -0.4096 -0.9061 0.1053
vn 0.0331 -0.9878 -0.1520
vn 0.7491 -0.4089 -0.5211
vn 0.4393 -0.8070 -0.3946
vn 0.8563 0.1001 -0.5067
vn 0.7316 0.5817 -0.3554
vn 0.4098 0.9057 -0.1084
vn -0.0211 0.9857 0.1673
vn -0.4451 0.8022 0.3979
vn -0.7498 0.4058 0.5225
vn -0.8555 -0.0978 0.5084
vn -0.7344 -0.5757 0.3593
vn -0.4177 -0.9013 0.1144
vn 0.0117 -0.9868 -0.1617
vn 0.6968 -0.4084 -0.5896
vn 0.3992 -0.8074 -0.4344
vn 0.8050 0.1027 -0.5843
vn 0.6933 0.5857 -0.4199
vn 0.3934 0.9084 -0.1418
vn -0.0111 0.9847 0.1737
vn -0.4104 0.7976 0.4419
vn -0.6993 0.4000 0.5924
vn -0.8034 -0.1021 0.5865
vn -0.6963 -0.5774 0.4263
vn -0.4051 -0.9014 0.1529
vn -0.0047 -0.9868 -0.1620
vn 0.6111 -0.4035 -0.6810
vn 0.3441 -0.8059 -0.4817
vn 0.7114 0.1111 -0.6939
vn 0.6157 0.5953 -0.5162
vn 0.3517 0.9149 -0.1980
vn -0.0056 0.9850 0.1724
vn -0.3587 0.7914 0.4949
vn -0.6149 0.3901 0.6853
vn -0.7094 -0.1121 0.6958
vn -0.6187 -0.5849 0.5245
vn -0.3655 -0.9056 0.2150
vn -0.0139 -0.9881 -0.1529
vn 0.4880 -0.3976 -0.7770
vn 0.2737 -0.8043 -0.5274
vn 0.5689 0.1207 -0.8135
vn 0.4922 0.6059 -0.6249
vn 0.2803 0.9225 -0.2653
vn -0.0061 0.9864 0.1641
vn -0.2882 0.7863 0.5465
vn -0.4925 0.3804 0.7827
vn -0.5676 -0.1230 0.8141
vn -0.4951 -0.5943 0.6337
vn -0.2933 -0.9118 0.2874
vn -0.0127 -0.9905 -0.1368
vn 0.3360 -0.3966 -0.8543
vn 0.1942 -0.8051 -0.5605
vn 0.3861 0.1243 -0.9140
vn 0.3296 0.6113 -0.7194
vn 0.1828 0.9271 -0.3271
vn -0.0129 0.9885 0.1504
vn -0.2045 0.7860 0.5834
vn -0.3417 0.3779 0.8605
vn -0.3891 -0.1277 0.9123
vn -0.3348 -0.5998 0.7267
vn -0.1927 -0.9162 0.3512
vn 0.0005 -0.9930 -0.1185
vn 0.3066 -0.4025 -0.8625
vn 0.2263 -0.7995 -0.5564
vn 0.3048 0.1015 -0.9470
vn 0.2231 0.5869 -0.7783
vn 0.0893 0.9181 -0.3861
vn -0.0514 0.9913 0.1207
vn -0.1676 0.7935 0.5850
vn -0.2492 0.3926 0.8853
vn -0.2741 -0.1153 0.9547
vn -0.2149 -0.6005 0.7702
vn -0.0801 -0.9215 0.3800
vn 0.0844 -0.9908 -0.1051
vn 0.6442 -0.3355 -0.6872
vn 0.5814 -0.7186 -0.3813
vn 0.5491 0.1303 -0.8255
vn 0.3157 0.5678 -0.7602
vn 0.0057 0.8755 -0.4831
vn 0.5390 0.8243 0.1734
vn 0.6618 0.4761 0.5790
vn 0.6387 0.3356 0.6923
vn 0.1146 -0.1749 0.9779
vn -0.2345 -0.6339 0.7369
vn 0.0747 -0.9051 0.4184
vn 0.3758 -0.9265 0.0186
vn 0.9872 0.0155 -0.1583
vn 0.9177 -0.3709 0.1424
vn 0.8155 0.3978 -0.4204
vn 0.4453 0.6825 -0.5795
vn -0.0267 0.7989 -0.6009
vn -0.3324 0.6570 -0.6766
vn 0.2980 -0.5745 -0.7623
vn 0.2977 -0.6385 -0.7097
vn -0.4037 -0.8905 0.2100
vn -0.2983 -0.7393 0.6036
vn 0.1795 -0.7989 0.5741
vn 0.6241 -0.6665 0.4078
vn 0.8737 0.3786 0.3053
vn 0.8038 -0.0198 0.5945
vn 0.7252 0.6858 -0.0604
vn 0.3873 0.8216 -0.4181
vn -0.0583 0.7246 -0.6867
vn -0.4451 0.3450 -0.8263
vn -0.5438 -0.1953 -0.8162
vn -0.5738 -0.5896 -0.5683
vn -0.6135 -0.7863 -0.0729
vn -0.3360 -0.8383 0.4292
vn 0.1145 -0.7129 0.6918
vn 0.5311 -0.4154 0.7385
vn 0.7088 0.5223 0.4741
vn 0.6426 0.1036 0.7592
vn 0.5892 0.8053 0.0652
vn 0.3138 0.8772 -0.3633
vn -0.0456 0.7139 -0.6988
vn -0.3916 0.3549 -0.8489
vn -0.6299 -0.1017 -0.7700
vn -0.6980 -0.5300 -0.4815
vn -0.5781 -0.8137 -0.0606
vn -0.2995 -0.8765 0.3768
vn 0.0623 -0.7029 0.7085
vn 0.4070 -0.3435 0.8463
vn 0.6341 0.5627 0.5304
vn 0.5744 0.1325 0.8078
vn 0.5254 0.8434 0.1124
vn 0.2770 0.9003 -0.3358
vn -0.0456 0.7170 -0.6955
vn -0.3563 0.3411 -0.8698
vn -0.5716 -0.1273 -0.8106
vn -0.6330 -0.5619 -0.5325
vn -0.5235 -0.8449 -0.1103
vn -0.2725 -0.8994 0.3416
vn 0.0517 -0.7117 0.7006
vn 0.3616 -0.3335 0.8706
vn 0.6026 0.5732 0.5553
vn 0.5511 0.1343 0.8235
vn 0.4931 0.8588 0.1391
vn 0.2522 0.9153 -0.3141
vn -0.0560 0.7277 -0.6836
vn -0.3495 0.3456 -0.8709
vn -0.5497 -0.1295 -0.8253
vn -0.6026 -0.5704 -0.5581
vn -0.4935 -0.8583 -0.1406
vn -0.2515 -0.9152 0.3150
vn 0.0582 -0.7256 0.6856
vn 0.3520 -0.3411 0.8716
vn 0.5948 0.5711 0.5657
vn 0.5538 0.1236 0.8234
vn 0.4765 0.8651 0.1568
vn 0.2309 0.9277 -0.2934
vn -0.0760 0.7429 -0.6651
vn -0.3627 0.3602 -0.8595
vn -0.5528 -0.1188 -0.8248
vn -0.5953 -0.5666 -0.5697
vn -0.4783 -0.8632 -0.1614
vn -0.2327 -0.9280 0.2907
vn 0.0757 -0.7430 0.6650
vn 0.3638 -0.3577 0.8600
vn 0.6051 0.5612 0.5647
vn 0.5776 0.1043 0.8096
vn 0.4698 0.8665 0.1687
vn 0.2092 0.9394 -0.2715
vn -0.1068 0.7620 -0.6386
vn -0.3941 0.3823 -0.8357
vn -0.5768 -0.0990 -0.8109
vn -0.6061 -0.5546 -0.5701
vn -0.4735 -0.8629 -0.1765
vn -0.2136 -0.9402 0.2655
vn 0.1043 -0.7640 0.6367
vn 0.3943 -0.3813 0.8361
vn 0.6328 0.5448 0.5502
vn 0.6235 0.0771 0.7780
vn 0.4713 0.8644 0.1749
vn 0.1841 0.9516 -0.2459
vn -0.1514 0.7856 -0.5999
vn -0.4462 0.4120 -0.7945
vn -0.6229 -0.0705 -0.7790
vn -0.6349 -0.5351 -0.5573
vn -0.4779 -0.8584 -0.1863
vn -0.1922 -0.9525 0.2360
vn 0.1460 -0.7896 0.5960
vn 0.4451 -0.4122 0.7949
vn 0.6804 0.5221 0.5142
vn 0.6958 0.0414 0.7171
vn 0.4806 0.8596 0.1731
vn 0.1525 0.9652 -0.2123
vn -0.2147 0.8144 -0.5391
vn -0.5243 0.4499 -0.7229
vn -0.6961 -0.0323 -0.7172
vn -0.6850 -0.5071 -0.5229
vn -0.4925 -0.8495 -0.1890
vn -0.1672 -0.9658 0.1978
vn 0.2044 -0.8209 0.5332
vn 0.5212 -0.4515 0.7242
vn 0.7495 0.4986 0.4355
vn 0.8011 0.0015 0.5985
vn 0.4941 0.8553 0.1556
vn 0.1095 0.9804 -0.1635
vn -0.3013 0.8469 -0.4381
vn -0.6324 0.4928 -0.5977
vn -0.7989 0.0103 -0.6014
vn -0.7573 -0.4756 -0.4476
vn -0.5165 -0.8381 -0.1753
vn -0.1367 -0.9799 0.1452
vn 0.2838 -0.8577 0.4287
vn 0.6297 -0.4981 0.5961
vn 0.1175 0.4802 0.8692
vn 0.0798 0.4690 0.8796
vn 0.2447 -0.0102 0.9695
vn 0.2712 -0.0012 0.9625
vn -0.0669 0.8344 0.5470
vn -0.1061 0.8237 0.5570
vn -0.2340 0.9689 0.0803
vn -0.2641 0.9605 0.0869
vn -0.3395 0.8468 -0.4094
vn -0.3522 0.8426 -0.4073
vn -0.3545 0.4977 -0.7916
vn -0.3464 0.4992 -0.7942
vn -0.2738 0.0132 -0.9617
vn -0.2470 0.0204 -0.9688
vn -0.1186 -0.4758 -0.8715
vn -0.0805 -0.4651 -0.8816
vn 0.0688 -0.8359 -0.5445
vn 0.1079 -0.8249 -0.5549
vn 0.2374 -0.9689 -0.0697
vn 0.2669 -0.9605 -0.0779
vn 0.3415 -0.8393 0.4230
vn 0.3535 -0.8363 0.4191
vn 0.3535 -0.4842 0.8004
vn 0.3450 -0.4877 0.8019
vn 0.0151 0.4474 0.8942
vn 0.1993 -0.0265 0.9796
vn -0.1729 0.8021 0.5715
vn -0.3152 0.9440 0.0969
vn -0.3738 0.8347 -0.4042
vn -0.3323 0.5020 -0.7984
vn -0.2012 0.0336 -0.9789
vn -0.0155 -0.4446 -0.8956
vn 0.1744 -0.8029 -0.5700
vn 0.3171 -0.9441 -0.0904
vn 0.3741 -0.8304 0.4128
vn 0.3307 -0.4941 0.8040
vn -0.0266 0.4312 0.9018
vn 0.1702 -0.0390 0.9846
vn -0.2163 0.7863 0.5787
vn -0.3484 0.9319 0.1012
vn -0.3876 0.8287 -0.4037
vn -0.3229 0.5036 -0.8013
vn -0.1714 0.0430 -0.9843
vn 0.0263 -0.4296 -0.9026
vn 0.2171 -0.7867 -0.5778
vn 0.3493 -0.9319 -0.0976
vn 0.3875 -0.8264 0.4086
vn 0.3218 -0.4993 0.8044
vn -0.0442 0.4235 0.9048
vn 0.1582 -0.0456 0.9863
vn -0.2348 0.7792 0.5811
vn -0.3626 0.9263 0.1018
vn -0.3933 0.8255 -0.4048
vn -0.3186 0.5034 -0.8031
vn -0.1585 0.0463 -0.9863
vn 0.0442 -0.4232 -0.9049
vn 0.2350 -0.7793 -0.5809
vn 0.3627 -0.9264 -0.1011
vn 0.3933 -0.8250 0.4057
vn 0.3184 -0.5026 0.8037
vn -0.0363 0.4259 0.9040
vn 0.1643 -0.0452 0.9854
vn -0.2272 0.7826 0.5795
vn -0.3569 0.9288 0.0993
vn -0.3907 0.8255 -0.4073
vn -0.3198 0.5008 -0.8043
vn -0.1634 0.0423 -0.9856
vn 0.0364 -0.4271 -0.9035
vn 0.2265 -0.7823 -0.5802
vn 0.3562 -0.9288 -0.1019
vn 0.3908 -0.8271 0.4039
vn 0.3206 -0.5039 0.8021
vn -0.0005 0.4388 0.8986
vn 0.1899 -0.0375 0.9811
vn -0.1909 0.7969 0.5731
vn -0.3295 0.9395 0.0930
vn -0.3792 0.8287 -0.4116
vn -0.3272 0.4956 -0.8045
vn -0.1882 0.0306 -0.9816
vn 0.0005 -0.4417 -0.8972
vn 0.1891 -0.7964 -0.5745
vn 0.3276 -0.9396 -0.0990
vn 0.3790 -0.8328 0.4035
vn 0.3289 -0.5030 0.7992
vn 0.0665 0.4607 0.8850
vn 0.2375 -0.0237 0.9711
vn -0.1225 0.8205 0.5583
vn -0.2779 0.9572 0.0801
vn -0.3579 0.8347 -0.4186
vn -0.3420 0.4880 -0.8030
vn -0.2354 0.0123 -0.9718
vn -0.0669 -0.4653 -0.8826
vn 0.1192 -0.8196 -0.5604
vn 0.2741 -0.9575 -0.0899
vn 0.3565 -0.8416 0.4056
vn 0.3435 -0.5006 0.7945
vn 0.1675 0.4867 0.8574
vn 0.3085 -0.0074 0.9512
vn -0.0193 0.8485 0.5289
vn -0.2001 0.9781 0.0561
vn -0.3263 0.8416 -0.4302
vn -0.3649 0.4793 -0.7982
vn -0.3068 -0.0089 -0.9517
vn -0.1681 -0.4930 -0.8536
vn 0.0146 -0.8469 -0.5315
vn 0.1938 -0.9785 -0.0695
vn 0.3223 -0.8520 0.4125
vn 0.3649 -0.4976 0.7869
vn 0.3000 0.5077 0.8076
vn 0.4010 0.0056 0.9160
vn 0.1166 0.8713 0.4767
vn -0.0982 0.9950 0.0151
vn -0.2855 0.8470 -0.4483
vn -0.3956 0.4720 -0.7879
vn -0.4004 -0.0262 -0.9159
vn -0.3002 -0.5152 -0.8027
vn -0.1216 -0.8688 -0.4800
vn 0.0891 -0.9955 -0.0314
vn 0.2772 -0.8605 0.4273
vn 0.3920 -0.4955 0.7750
vn 0.4514 0.5121 0.7308
vn 0.5061 0.0076 0.8625
vn 0.2721 0.8766 0.3970
vn 0.0183 0.9988 -0.0457
vn -0.2393 0.8477 -0.4735
vn -0.4309 0.4695 -0.7706
vn -0.5071 -0.0306 -0.8613
vn -0.4501 -0.5202 -0.7257
vn -0.2759 -0.8734 -0.4013
vn -0.0294 -0.9991 0.0281
vn 0.2258 -0.8629 0.4521
vn 0.4224 -0.4960 0.7586
vn 0.5966 0.4921 0.6339
vn 0.6045 -0.0046 0.7966
vn 0.4244 0.8560 0.2952
vn 0.1326 0.9834 -0.1238
vn -0.1955 0.8408 -0.5047
vn -0.4681 0.4734 -0.7461
vn -0.6140 -0.0163 -0.7891
vn -0.5981 -0.4999 -0.6264
vn -0.4265 -0.8531 -0.3004
vn -0.1436 -0.9839 0.1060
vn 0.1769 -0.8551 0.4873
vn 0.4504 -0.4975 0.7414
vn 0.7420 0.4598 0.4878
vn 0.7421 -0.0375 0.6692
vn 0.5348 0.8272 0.1722
vn 0.1805 0.9662 -0.1839
vn -0.2201 0.8465 -0.4846
vn -0.5596 0.5065 -0.6559
vn -0.7520 0.0370 -0.6580
vn -0.7502 -0.4423 -0.4914
vn -0.5539 -0.8090 -0.1964
vn -0.2120 -0.9650 0.1542
vn 0.1872 -0.8628 0.4694
vn 0.5372 -0.5239 0.6610
vn 0.8764 0.4086 0.2547
vn 0.9148 -0.1071 0.3893
vn 0.5947 0.8022 0.0522
vn 0.1578 0.9743 -0.1604
vn -0.3153 0.8902 -0.3287
vn -0.7045 0.5780 -0.4118
vn -0.9130 0.1194 -0.3900
vn -0.8894 -0.3696 -0.2690
vn -0.6379 -0.7661 -0.0784
vn -0.2172 -0.9667 0.1353
vn 0.2693 -0.9095 0.3167
vn 0.6894 -0.5955 0.4123
vn 0.9333 0.3590 0.0004
vn 0.9849 -0.1647 0.0527
vn 0.6239 0.7797 -0.0524
vn 0.1489 0.9845 -0.0926
vn -0.3599 0.9265 -0.1093
vn -0.7711 0.6291 -0.0979
vn -0.9832 0.1718 -0.0613
vn -0.9438 -0.3304 -0.0085
vn -0.6592 -0.7505 0.0467
vn -0.1968 -0.9764 0.0889
vn 0.3244 -0.9400 0.1054
vn 0.7604 -0.6430 0.0915
vn 0.9200 0.3426 -0.1902
vn 0.9648 -0.1806 -0.1909
vn 0.6232 0.7698 -0.1378
vn 0.1598 0.9859 -0.0494
vn -0.3426 0.9381 0.0504
vn -0.7520 0.6449 0.1362
vn -0.9648 0.1850 0.1865
vn -0.9272 -0.3235 0.1887
vn -0.6464 -0.7498 0.1412
vn -0.1917 -0.9799 0.0552
vn 0.3181 -0.9468 -0.0474
vn 0.7434 -0.6543 -0.1383
vn 0.8843 0.3405 -0.3193
vn 0.9187 -0.1802 -0.3514
vn 0.6093 0.7671 -0.2005
vn 0.1710 0.9848 -0.0285
vn -0.3106 0.9387 0.1498
vn -0.7081 0.6448 0.2877
vn -0.9189 0.1824 0.3498
vn -0.8887 -0.3280 0.3203
vn -0.6240 -0.7537 0.2062
vn -0.1919 -0.9807 0.0363
vn 0.2940 -0.9448 -0.1446
vn 0.7018 -0.6519 -0.2871
vn 0.8453 0.3433 -0.4094
vn 0.8707 -0.1752 -0.4596
vn 0.5907 0.7677 -0.2484
vn 0.1776 0.9839 -0.0210
vn -0.2813 0.9362 0.2109
vn -0.6641 0.6402 0.3860
vn -0.8708 0.1758 0.4590
vn -0.8479 -0.3351 0.4109
vn -0.6004 -0.7583 0.2539
vn -0.1921 -0.9809 0.0286
vn 0.2692 -0.9409 -0.2054
vn 0.6592 -0.6461 -0.3846
vn 0.8069 0.3475 -0.4776
vn 0.8260 -0.1695 -0.5376
vn 0.5694 0.7698 -0.2885
vn 0.1790 0.9836 -0.0221
vn -0.2582 0.9334 0.2492
vn -0.6254 0.6349 0.4536
vn -0.8263 0.1687 0.5373
vn -0.8085 -0.3420 0.4789
vn -0.5762 -0.7628 0.2934
vn -0.1899 -0.9814 0.0292
vn 0.2485 -0.9374 -0.2437
vn 0.6211 -0.6405 -0.4516
vn 0.7680 0.3520 -0.5350
vn 0.7837 -0.1643 -0.5989
vn 0.5444 0.7727 -0.3263
vn 0.1745 0.9842 -0.0301
vn -0.2412 0.9312 0.2733
vn -0.5916 0.6300 0.5031
vn -0.7842 0.1621 0.5989
vn -0.7689 -0.3486 0.5360
vn -0.5496 -0.7671 0.3308
vn -0.1835 -0.9823 0.0370
vn 0.2327 -0.9351 -0.2674
vn 0.5873 -0.6359 -0.5006
vn 0.7248 0.3565 -0.5894
vn 0.7407 -0.1600 -0.6525
vn 0.5127 0.7763 -0.3667
vn 0.1624 0.9857 -0.0454
vn -0.2305 0.9297 0.2873
vn -0.5608 0.6255 0.5424
vn -0.7413 0.1558 0.6528
vn -0.7252 -0.3547 0.5901
vn -0.5168 -0.7715 0.3710
vn -0.1707 -0.9839 0.0529
vn 0.2219 -0.9339 -0.2803
vn 0.5560 -0.6327 -0.5389
vn 0.6702 0.3606 -0.6487
vn 0.6909 -0.1570 -0.7056
vn 0.4674 0.7802 -0.4157
vn 0.1382 0.9879 -0.0704
vn -0.2271 0.9288 0.2928
vn -0.5304 0.6213 0.5767
vn -0.6916 0.1497 0.7065
vn -0.6696 -0.3606 0.6493
vn -0.4707 -0.7756 0.4204
vn -0.1468 -0.9859 0.0798
vn 0.2173 -0.9341 -0.2832
vn 0.5244 -0.6313 -0.5713
vn 0.5884 0.3622 -0.7229
vn 0.6227 -0.1574 -0.7665
vn 0.3931 0.7829 -0.4823
vn 0.0906 0.9897 -0.1108
vn -0.2352 0.9277 0.2898
vn -0.4954 0.6169 0.6115
vn -0.6221 0.1440 0.7696
vn -0.5845 -0.3649 0.7247
vn -0.3940 -0.7776 0.4900
vn -0.0997 -0.9870 0.1258
vn 0.2226 -0.9358 -0.2734
vn 0.4877 -0.6331 -0.6011
vn 0.4379 0.3486 -0.8286
vn 0.5078 -0.1706 -0.8444
vn 0.2432 0.7740 -0.5846
vn -0.0190 0.9842 -0.1762
vn -0.2697 0.9212 0.2804
vn -0.4410 0.6112 0.6572
vn -0.4938 0.1448 0.8574
vn -0.4196 -0.3559 0.8350
vn -0.2382 -0.7655 0.5977
vn 0.0063 -0.9789 0.2044
vn 0.2531 -0.9359 -0.2451
vn 0.4378 -0.6412 -0.6301
vn 0.1145 0.3001 -0.9470
vn 0.2404 -0.2247 -0.9443
vn -0.0462 0.7371 -0.6742
vn -0.1867 0.9586 -0.2147
vn -0.2691 0.9173 0.2936
vn -0.2790 0.6381 0.7176
vn -0.2187 0.1985 0.9554
vn -0.1040 -0.2907 0.9511
vn 0.0373 -0.7075 0.7057
vn 0.1710 -0.9452 0.2782
vn 0.2645 -0.9377 -0.2251
vn 0.2925 -0.6781 -0.6742
vn -0.3091 0.2156 -0.9262
vn -0.1865 -0.3091 -0.9326
vn -0.3403 0.6714 -0.6583
vn -0.2777 0.9362 -0.2155
vn -0.1441 0.9494 0.2788
vn 0.0237 0.7167 0.6970
vn 0.1837 0.3029 0.9351
vn 0.2966 -0.1859 0.9367
vn 0.3352 -0.6284 0.7019
vn 0.2888 -0.9140 0.2849
vn 0.1650 -0.9624 -0.2155
vn -0.0094 -0.7449 -0.6671
vn -0.6118 0.1490 -0.7768
vn -0.5265 -0.3739 -0.7635
vn -0.5255 0.6283 -0.5736
vn -0.2978 0.9305 -0.2133
vn 0.0045 0.9795 0.2013
vn 0.3013 0.7722 0.5593
vn 0.5188 0.3684 0.7714
vn 0.6041 -0.1288 0.7864
vn 0.5349 -0.5956 0.5993
vn 0.3243 -0.9113 0.2538
vn 0.0219 -0.9864 -0.1628
vn -0.2920 -0.7913 -0.5372
vn -0.7754 0.1264 -0.6187
vn -0.7055 -0.3931 -0.5896
vn -0.6319 0.6102 -0.4779
vn -0.3177 0.9253 -0.2069
vn 0.0785 0.9898 0.1184
vn 0.4506 0.7926 0.4107
vn 0.7034 0.3898 0.5944
vn 0.7735 -0.1139 0.6234
vn 0.6421 -0.5896 0.4898
vn 0.3399 -0.9128 0.2262
vn -0.0566 -0.9934 -0.0992
vn -0.4409 -0.8041 -0.3988
vn -0.8571 0.1211 -0.5006
vn -0.7934 -0.3960 -0.4622
vn -0.6873 0.6045 -0.4027
vn -0.3321 0.9227 -0.1959
vn 0.1103 0.9919 0.0629
vn 0.5213 0.7974 0.3040
vn 0.7935 0.3933 0.4642
vn 0.8571 -0.1138 0.5023
vn 0.6951 -0.5919 0.4080
vn 0.3478 -0.9149 0.2052
vn -0.0945 -0.9941 -0.0532
vn -0.5133 -0.8048 -0.2980
vn -0.9005 0.1207 -0.4178
vn -0.8386 -0.3947 -0.3754
vn -0.7183 0.6030 -0.3470
vn -0.3427 0.9215 -0.1827
vn 0.1237 0.9919 0.0304
vn 0.5557 0.7975 0.2347
vn 0.8394 0.3921 0.3764
vn 0.9007 -0.1168 0.4183
vn 0.7235 -0.5953 0.3494
vn 0.3533 -0.9165 0.1874
vn -0.1126 -0.9933 -0.0251
vn -0.5495 -0.8028 -0.2313
vn -0.9254 0.1213 -0.3591
vn -0.8631 -0.3930 -0.3172
vn -0.7377 0.6027 -0.3041
vn -0.3515 0.9211 -0.1671
vn 0.1283 0.9916 0.0145
vn 0.5729 0.7968 0.1919
vn 0.8641 0.3901 0.3179
vn 0.9254 -0.1199 0.3593
vn 0.7408 -0.5983 0.3052
vn 0.3586 -0.9179 0.1697
vn -0.1203 -0.9926 -0.0114
vn -0.5679 -0.8009 -0.1897
vn -0.9407 0.1215 -0.3168
vn -0.8762 -0.3922 -0.2799
vn -0.7516 0.6026 -0.2682
vn -0.3601 0.9211 -0.1475
vn 0.1276 0.9917 0.0128
vn 0.5805 0.7964 0.1694
vn 0.8776 0.3886 0.2806
vn 0.9405 -0.1225 0.3168
vn 0.7529 -0.6008 0.2686
vn 0.3644 -0.9192 0.1488
vn -0.1218 -0.9925 -0.0108
vn -0.5761 -0.8000 -0.1678
vn -0.9506 0.1206 -0.2861
vn -0.8820 -0.3927 -0.2606
vn -0.7633 0.6019 -0.2346
vn -0.3703 0.9211 -0.1199
vn 0.1222 0.9921 0.0270
vn 0.5813 0.7964 0.1666
vn 0.8841 0.3874 0.2614
vn 0.9501 -0.1246 0.2860
vn 0.7626 -0.6029 0.2344
vn 0.3719 -0.9204 0.1202
vn -0.1180 -0.9927 -0.0259
vn -0.5769 -0.7999 -0.1653
vn -0.9569 0.1174 -0.2655
vn -0.8803 -0.3947 -0.2630
vn -0.7760 0.5992 -0.1970
vn -0.3851 0.9198 -0.0755
vn 0.1099 0.9917 0.0664
vn 0.5748 0.7958 0.1906
vn 0.8842 0.3857 0.2632
vn 0.9559 -0.1271 0.2648
vn 0.7720 -0.6048 0.1953
vn 0.3833 -0.9207 0.0737
vn -0.1068 -0.9920 -0.0673
vn -0.5688 -0.8001 -0.1904
vn -0.9594 0.1080 -0.2604
vn -0.8617 -0.3992 -0.3132
vn -0.7926 0.5925 -0.1440
vn -0.4048 0.9144 0.0015
vn 0.0884 0.9857 0.1432
vn 0.5542 0.7929 0.2532
vn 0.8740 0.3836 0.2980
vn 0.9583 -0.1322 0.2532
vn 0.7838 -0.6072 0.1299
vn 0.4046 -0.9140 -0.0311
vn -0.0761 -0.9802 -0.1826
vn -0.5370 -0.7939 -0.2852
vn -0.9409 0.0933 -0.3255
vn -0.7610 -0.3330 -0.5567
vn -0.6215 0.6811 -0.3871
vn 0.0361 0.8002 -0.5986
vn 0.2732 0.7661 -0.5817
vn 0.4711 0.7045 -0.5307
vn 0.8176 0.4854 -0.3095
vn 0.9628 -0.1270 0.2386
vn 0.8224 -0.5643 -0.0716
vn 0.4910 -0.7881 -0.3712
vn 0.0499 -0.8183 -0.5726
vn -0.4003 -0.6550 -0.6408
vn -0.8998 0.0667 -0.4312
vn -0.6234 -0.2436 -0.7430
vn -0.8395 0.4719 -0.2694
vn 0.6287 0.0273 -0.7772
vn 0.2634 -0.2237 -0.9384
vn -0.1106 -0.0513 -0.9925
vn 0.8839 0.4060 -0.2321
vn 0.9665 -0.1885 0.1741
vn 0.8256 -0.5016 -0.2583
vn 0.5194 -0.5950 -0.6133
vn 0.1479 -0.5660 -0.8110
vn -0.2430 -0.4493 -0.8597
vn 0.9031 0.3964 0.1648
vn 0.7654 -0.2957 -0.5715
vn 0.9102 -0.0771 -0.4069
vn 0.9017 -0.0637 -0.4276
vn 0.0550 0.1056 0.9929
vn 0.2933 -0.6767 0.6754
vn 0.4633 -0.0131 0.8861
vn 0.3175 -0.5512 0.7716
vn 0.0750 0.3405 0.9372
vn -0.7212 -0.5857 0.3699
vn -0.9832 0.1819 0.0106
vn -0.9966 -0.0157 0.0814
vn -0.8419 0.0454 0.5377
vn -0.8443 0.1044 0.5255
vn -0.4571 -0.0429 0.8884
vn -0.4832 0.2001 0.8523
vn 0.0083 -0.1078 0.9941
vn -0.0048 0.2481 0.9687
vn 0.4483 -0.1462 0.8818
vn 0.4739 0.2359 0.8484
vn 0.8002 -0.1559 0.5791
vn 0.8372 0.1658 0.5210
vn 0.9851 -0.1307 0.1115
vn 0.9964 0.0546 0.0650
vn 0.6021 -0.5230 -0.6032
vn 0.8937 -0.0918 -0.4391
vn 0.2576 -0.9179 -0.3019
vn -0.1030 -0.9934 0.0508
vn -0.5537 -0.8267 0.0997
vn -0.9384 -0.3005 0.1707
vn -0.8655 0.1379 0.4815
vn -0.5462 0.4922 0.6778
vn -0.0931 0.7102 0.6978
vn 0.3781 0.7504 0.5421
vn 0.7557 0.6051 0.2504
vn 0.9463 0.3045 -0.1083
vn 0.6279 -0.5271 -0.5726
vn 0.8661 -0.0728 -0.4946
vn 0.2215 -0.8427 -0.4907
vn -0.2446 -0.9297 -0.2751
vn -0.6476 -0.7618 0.0118
vn -0.8751 -0.3827 0.2960
vn -0.8583 0.0995 0.5034
vn -0.6052 0.5480 0.5774
vn -0.1929 0.8448 0.4990
vn 0.2662 0.9191 0.2905
vn 0.6549 0.7557 0.0061
vn 0.8744 0.3953 -0.2811
vn 0.6188 -0.5246 -0.5847
vn 0.8209 -0.0513 -0.5687
vn 0.2512 -0.8600 -0.4440
vn -0.1856 -0.9654 -0.1830
vn -0.5740 -0.8088 0.1281
vn -0.8068 -0.4306 0.4045
vn -0.8187 0.0651 0.5705
vn -0.6073 0.5411 0.5816
vn -0.2333 0.8689 0.4366
vn 0.2008 0.9637 0.1761
vn 0.5800 0.8041 -0.1302
vn 0.8063 0.4337 -0.4023
vn 0.5770 -0.5101 -0.6378
vn 0.7522 -0.0284 -0.6583
vn 0.2486 -0.8586 -0.4482
vn -0.1479 -0.9793 -0.1379
vn -0.5066 -0.8359 0.2110
vn -0.7289 -0.4640 0.5033
vn -0.7520 0.0352 0.6582
vn -0.5694 0.5241 0.6333
vn -0.2330 0.8687 0.4370
vn 0.1642 0.9785 0.1243
vn 0.5155 0.8281 -0.2202
vn 0.7298 0.4600 -0.5057
vn 0.4984 -0.4893 -0.7156
vn 0.6510 -0.0031 -0.7591
vn 0.2144 -0.8485 -0.4837
vn -0.1282 -0.9842 -0.1220
vn -0.4387 -0.8556 0.2745
vn -0.6317 -0.4931 0.5981
vn -0.6519 0.0056 0.7582
vn -0.4929 0.5026 0.7102
vn -0.1997 0.8604 0.4687
vn 0.1455 0.9841 0.1019
vn 0.4495 0.8448 -0.2901
vn 0.6334 0.4837 -0.6040
vn 0.3758 -0.4627 -0.8029
vn 0.5080 0.0264 -0.8609
vn 0.1450 -0.8325 -0.5347
vn -0.1255 -0.9843 -0.1235
vn -0.3648 -0.8730 0.3237
vn -0.5066 -0.5228 0.6855
vn -0.5097 -0.0271 0.8599
vn -0.3717 0.4762 0.7969
vn -0.1320 0.8467 0.5153
vn 0.1418 0.9852 0.0958
vn 0.3753 0.8597 -0.3464
vn 0.5082 0.5087 -0.6949
vn 0.2074 -0.4302 -0.8785
vn 0.3214 0.0613 -0.9449
vn 0.0392 -0.8113 -0.5832
vn -0.1404 -0.9812 -0.1325
vn -0.2841 -0.8896 0.3575
vn -0.3518 -0.5547 0.7540
vn -0.3229 -0.0647 0.9442
vn -0.2041 0.4438 0.8726
vn -0.0294 0.8277 0.5604
vn 0.1520 0.9835 0.0979
vn 0.2910 0.8750 -0.3868
vn 0.3522 0.5373 -0.7664
vn 0.0064 -0.3930 -0.9195
vn 0.1050 0.1010 -0.9893
vn -0.0941 -0.7863 -0.6106
vn -0.1705 -0.9755 -0.1392
vn -0.2019 -0.9054 0.3735
vn -0.1785 -0.5881 0.7888
vn -0.1058 -0.1063 0.9887
vn -0.0035 0.4058 0.9139
vn 0.0993 0.8037 0.5866
vn 0.1744 0.9794 0.1018
vn 0.2022 0.8913 -0.4059
vn 0.1765 0.5694 -0.8029
vn -0.1988 -0.3546 -0.9136
vn -0.1116 0.1420 -0.9835
vn -0.2344 -0.7602 -0.6058
vn -0.2086 -0.9684 -0.1369
vn -0.1265 -0.9194 0.3723
vn -0.0092 -0.6201 0.7844
vn 0.1114 -0.1482 0.9827
vn 0.2011 0.3657 0.9087
vn 0.2349 0.7769 0.5841
vn 0.2047 0.9734 0.1023
vn 0.1201 0.9073 -0.4029
vn 0.0045 0.6024 -0.7982
vn -0.3801 -0.3188 -0.8683
vn -0.3005 0.1800 -0.9366
vn -0.3607 -0.7357 -0.5732
vn -0.2460 -0.9611 -0.1253
vn -0.0646 -0.9309 0.3593
vn 0.1354 -0.6478 0.7497
vn 0.2991 -0.1857 0.9359
vn 0.3805 0.3279 0.8647
vn 0.3573 0.7505 0.5559
vn 0.2369 0.9666 0.0972
vn 0.0537 0.9215 -0.3845
vn -0.1425 0.6328 -0.7611
vn -0.5559 -0.2797 -0.7828
vn -0.4799 0.2180 -0.8498
vn -0.4877 -0.7064 -0.5129
vn -0.2914 -0.9507 -0.1063
vn -0.0164 -0.9427 0.3330
vn 0.2636 -0.6780 0.6861
vn 0.4716 -0.2254 0.8525
vn 0.5504 0.2899 0.7829
vn 0.4777 0.7246 0.4967
vn 0.2736 0.9588 0.0762
vn -0.0042 0.9328 -0.3604
vn -0.2793 0.6604 -0.6970
vn -0.7573 -0.2249 -0.6130
vn -0.6840 0.2710 -0.6772
vn -0.6366 -0.6644 -0.3914
vn -0.3501 -0.9343 -0.0663
vn 0.0313 -0.9593 0.2805
vn 0.4085 -0.7235 0.5564
vn 0.6764 -0.2824 0.6802
vn 0.7542 0.2412 0.6106
vn 0.6184 0.6938 0.3689
vn 0.3131 0.9492 0.0296
vn -0.0725 0.9473 -0.3120
vn -0.4353 0.6981 -0.5683
vn -0.9163 -0.1706 -0.3621
vn -0.8489 0.3279 -0.4146
vn -0.7486 -0.6269 -0.2159
vn -0.3843 -0.9231 -0.0119
vn 0.0870 -0.9766 0.1966
vn 0.5416 -0.7637 0.3514
vn 0.8495 -0.3351 0.4074
vn 0.9176 0.1892 0.3494
vn 0.7277 0.6573 0.1957
vn 0.3410 0.9400 -0.0104
vn -0.1311 0.9681 -0.2135
vn -0.5639 0.7430 -0.3606
vn -0.9805 -0.1436 -0.1340
vn -0.9190 0.3610 -0.1582
vn -0.7867 -0.6128 -0.0740
vn -0.3833 -0.9236 0.0059
vn 0.1278 -0.9883 0.0826
vn 0.6083 -0.7823 0.1339
vn 0.9218 -0.3586 0.1471
vn 0.9789 0.1638 0.1217
vn 0.7668 0.6386 0.0643
vn 0.3489 0.9370 -0.0117
vn -0.1579 0.9836 -0.0869
vn -0.6197 0.7721 -0.1408
vn -0.9899 -0.1415 -0.0031
vn -0.9297 0.3677 0.0195
vn -0.7877 -0.6156 -0.0242
vn -0.3726 -0.9271 -0.0397
vn 0.1464 -0.9881 -0.0467
vn 0.6268 -0.7780 -0.0424
vn 0.9346 -0.3546 -0.0256
vn 0.9865 0.1634 0.0000
vn 0.7723 0.6347 0.0258
vn 0.3531 0.9346 0.0431
vn -0.1576 0.9864 0.0473
vn -0.6257 0.7791 0.0382
vn -0.9898 -0.1420 0.0097
vn -0.9260 0.3639 0.1004
vn -0.7864 -0.6120 -0.0833
vn -0.3677 -0.9167 -0.1562
vn 0.1534 -0.9701 -0.1881
vn 0.6318 -0.7570 -0.1667
vn 0.9355 -0.3398 -0.0967
vn 0.9863 0.1649 0.0004
vn 0.7762 0.6231 0.0964
vn 0.3634 0.9168 0.1657
vn -0.1445 0.9709 0.1908
vn -0.6158 0.7700 0.1666
vn -0.9887 -0.1077 -0.1036
vn -0.9226 0.3767 0.0827
vn -0.7823 -0.5647 -0.2629
vn -0.3566 -0.8642 -0.3550
vn 0.1688 -0.9222 -0.3478
vn 0.6428 -0.7281 -0.2382
vn 0.9375 -0.3427 -0.0605
vn 0.9829 0.1280 0.1324
vn 0.7743 0.5629 0.2890
vn 0.3672 0.8533 0.3702
vn -0.1362 0.9245 0.3561
vn -0.6081 0.7531 0.2508
vn -0.9400 0.0242 -0.3402
vn -0.8941 0.4471 -0.0267
vn -0.7171 -0.4105 -0.5632
vn -0.2855 -0.7248 -0.6270
vn 0.2198 -0.8314 -0.5104
vn 0.6545 -0.7127 -0.2524
vn 0.9097 -0.4092 0.0704
vn 0.9283 -0.0032 0.3717
vn 0.7113 0.4021 0.5765
vn 0.3143 0.7057 0.6349
vn -0.1650 0.8305 0.5319
vn -0.6067 0.7395 0.2915
vn -0.7732 0.2499 -0.5828
vn -0.7999 0.5771 -0.1646
vn -0.5233 -0.1515 -0.8385
vn -0.1259 -0.5094 -0.8513
vn 0.3004 -0.7206 -0.6249
vn 0.6400 -0.7318 -0.2340
vn 0.8087 -0.5488 0.2116
vn 0.7689 -0.2257 0.5983
vn 0.5343 0.1534 0.8313
vn 0.1641 0.4936 0.8541
vn -0.2503 0.7093 0.6590
vn -0.6042 0.7423 0.2897
vn -0.5533 0.4556 -0.6973
vn -0.6619 0.7079 -0.2465
vn -0.2906 0.0753 -0.9539
vn 0.0504 -0.3269 -0.9437
vn 0.3761 -0.6364 -0.6734
vn 0.5996 -0.7683 -0.2240
vn 0.6642 -0.6934 0.2793
vn 0.5567 -0.4385 0.7055
vn 0.3066 -0.0723 0.9491
vn -0.0229 0.3126 0.9496
vn -0.3489 0.6189 0.7036
vn -0.5849 0.7655 0.2680
vn -0.3819 0.5832 -0.7169
vn -0.5419 0.7971 -0.2662
vn -0.1171 0.2086 -0.9709
vn 0.1788 -0.2230 -0.9583
vn 0.4252 -0.5921 -0.6845
vn 0.5567 -0.7988 -0.2279
vn 0.5402 -0.7914 0.2860
vn 0.3825 -0.5762 0.7223
vn 0.1254 -0.2115 0.9693
vn -0.1652 0.2088 0.9639
vn -0.4137 0.5764 0.7046
vn -0.5528 0.7932 0.2553
vn -0.2657 0.6559 -0.7065
vn -0.4556 0.8510 -0.2613
vn -0.0035 0.2819 -0.9594
vn 0.2591 -0.1684 -0.9510
vn 0.4509 -0.5717 -0.6854
vn 0.5214 -0.8198 -0.2369
vn 0.4531 -0.8486 0.2729
vn 0.2654 -0.6532 0.7092
vn 0.0078 -0.2859 0.9582
vn -0.2523 0.1572 0.9548
vn -0.4462 0.5600 0.6980
vn -0.5213 0.8148 0.2535
vn -0.2286 0.6824 -0.6943
vn -0.4433 0.8580 -0.2592
vn 0.0477 0.3218 -0.9456
vn 0.3099 -0.1286 -0.9420
vn 0.4861 -0.5449 -0.6832
vn 0.5307 -0.8127 -0.2405
vn 0.4337 -0.8608 0.2663
vn 0.2203 -0.6774 0.7019
vn -0.0540 -0.3127 0.9483
vn -0.3153 0.1336 0.9395
vn -0.4929 0.5419 0.6807
vn -0.5397 0.8061 0.2428
vn -0.3188 0.6316 -0.7066
vn -0.5922 0.7498 -0.2949
vn 0.0396 0.3372 -0.9406
vn 0.3723 -0.0788 -0.9248
vn 0.5565 -0.5039 -0.6605
vn 0.5898 -0.7732 -0.2329
vn 0.5133 -0.8129 0.2751
vn 0.2747 -0.6309 0.7256
vn -0.0821 -0.3042 0.9490
vn -0.4238 0.0811 0.9021
vn -0.6517 0.4349 0.6214
vn -0.7121 0.6767 0.1868
vn -0.4618 0.4251 -0.7784
vn -0.8171 0.3822 -0.4315
vn 0.0105 0.3541 -0.9351
vn 0.2826 0.0961 -0.9544
vn -0.2580 -0.8506 -0.4582
vn -0.2638 -0.9113 -0.3160
vn 0.3327 -0.7791 0.5312
vn 0.3460 -0.3881 0.8542
vn -0.1316 -0.3296 0.9349
vn -0.5800 -0.1614 0.7985
vn -0.8833 0.0473 0.4664
vn -0.9694 0.2448 0.0203
vn -0.4375 0.1604 -0.8848
vn -0.7659 -0.1174 -0.6321
vn 0.0035 0.4029 -0.9152
vn 0.0299 0.7396 -0.6723
vn -0.4785 0.8428 0.2463
vn -0.4470 0.8003 0.3995
vn 0.2172 0.3922 0.8939
vn 0.3298 -0.1541 0.9314
vn -0.1071 -0.4428 0.8902
vn -0.5295 -0.5557 0.6409
vn -0.8173 -0.5257 0.2359
vn -0.9026 -0.3665 -0.2256
vn -0.3341 0.0743 -0.9396
vn -0.5466 -0.3563 -0.7578
vn -0.0356 0.5019 -0.8642
vn 0.2343 0.8231 -0.5173
vn 0.3629 0.9318 -0.0077
vn 0.4449 0.7725 0.4531
vn 0.4637 0.3852 0.7979
vn 0.2993 -0.1010 0.9488
vn 0.0062 -0.5249 0.8511
vn -0.2982 -0.7907 0.5346
vn -0.5241 -0.8473 0.0855
vn -0.6146 -0.6893 -0.3835
vn -0.3470 0.0990 -0.9326
vn -0.4710 -0.3863 -0.7931
vn -0.1306 0.5615 -0.8171
vn 0.1190 0.8716 -0.4755
vn 0.3356 0.9420 -0.0052
vn 0.4631 0.7558 0.4629
vn 0.4668 0.3669 0.8046
vn 0.3440 -0.1177 0.9315
vn 0.1278 -0.5685 0.8127
vn -0.1230 -0.8680 0.4811
vn -0.3412 -0.9397 0.0233
vn -0.4687 -0.7647 -0.4421
vn -0.4555 0.1415 -0.8789
vn -0.5316 -0.3639 -0.7648
vn -0.2557 0.6097 -0.7502
vn 0.0146 0.9095 -0.4155
vn 0.2820 0.9590 0.0292
vn 0.4738 0.7500 0.4615
vn 0.5393 0.3441 0.7686
vn 0.4627 -0.1498 0.8738
vn 0.2648 -0.6040 0.7516
vn -0.0026 -0.9016 0.4326
vn -0.2694 -0.9630 -0.0032
vn -0.4635 -0.7678 -0.4422
vn -0.6334 0.1944 -0.7490
vn -0.6820 -0.3238 -0.6558
vn -0.4097 0.6591 -0.6307
vn -0.0718 0.9378 -0.3396
vn 0.2857 0.9576 0.0370
vn 0.5655 0.7225 0.3976
vn 0.6960 0.3017 0.6515
vn 0.6466 -0.1946 0.7375
vn 0.4307 -0.6415 0.6347
vn 0.1023 -0.9248 0.3663
vn -0.2544 -0.9671 -0.0033
vn -0.5428 -0.7493 -0.3792
vn -0.8352 0.2591 -0.4850
vn -0.8708 -0.2710 -0.4102
vn -0.5619 0.7129 -0.4196
vn -0.1348 0.9612 -0.2405
vn 0.3234 0.9463 -0.0021
vn 0.6916 0.6837 0.2328
vn 0.8794 0.2481 0.4062
vn 0.8432 -0.2490 0.4764
vn 0.5927 -0.6836 0.4258
vn 0.1883 -0.9456 0.2650
vn -0.2694 -0.9625 0.0310
vn -0.6597 -0.7193 -0.2175
vn -0.9415 0.3172 -0.1139
vn -0.9755 -0.2140 -0.0501
vn -0.6395 0.7547 -0.1464
vn -0.1643 0.9767 -0.1375
vn 0.3478 0.9332 -0.0900
vn 0.7625 0.6467 -0.0182
vn 0.9787 0.1970 0.0581
vn 0.9460 -0.3014 0.1195
vn 0.6729 -0.7243 0.1503
vn 0.2246 -0.9640 0.1426
vn -0.2886 -0.9525 0.0977
vn -0.7316 -0.6811 0.0273
vn -0.9113 0.3525 0.2125
vn -0.9457 -0.1719 0.2756
vn -0.6232 0.7770 0.0889
vn -0.1653 0.9846 -0.0571
vn 0.3328 0.9249 -0.1836
vn 0.7385 0.6226 -0.2587
vn 0.9503 0.1617 -0.2660
vn 0.9179 -0.3393 -0.2054
vn 0.6496 -0.7547 -0.0922
vn 0.2099 -0.9766 0.0460
vn -0.2902 -0.9408 0.1751
vn -0.7162 -0.6475 0.2604
vn -0.8266 0.3714 0.4228
vn -0.8593 -0.1484 0.4895
vn -0.5669 0.7881 0.2396
vn -0.1537 0.9881 -0.0076
vn 0.2986 0.9210 -0.2502
vn 0.6688 0.6106 -0.4241
vn 0.8623 0.1423 -0.4859
vn 0.8313 -0.3621 -0.4216
vn 0.5835 -0.7735 -0.2475
vn 0.1806 -0.9835 -0.0070
vn -0.2733 -0.9320 0.2380
vn -0.6556 -0.6269 0.4209
vn -0.7799 0.3767 0.4998
vn -0.8109 -0.1395 0.5682
vn -0.5367 0.7904 0.2953
vn -0.1478 0.9890 0.0109
vn 0.2796 0.9199 -0.2750
vn 0.6299 0.6063 -0.4854
vn 0.8126 0.1354 -0.5669
vn 0.7828 -0.3698 -0.5004
vn 0.5478 -0.7798 -0.3028
vn 0.1660 -0.9858 -0.0233
vn -0.2627 -0.9279 0.2645
vn -0.6213 -0.6179 0.4818
vn -0.4024 0.4683 0.7866
vn -0.3669 0.4907 0.7903
vn -0.1440 0.0615 0.9876
vn -0.2011 0.0277 0.9792
vn -0.4944 0.7811 0.3813
vn -0.4896 0.7849 0.3797
vn -0.4534 0.8825 -0.1248
vn -0.4810 0.8669 -0.1302
vn -0.2923 0.7487 -0.5949
vn -0.3454 0.7190 -0.6031
vn -0.0551 0.4186 -0.9065
vn -0.1196 0.3828 -0.9160
vn 0.1965 -0.0209 -0.9803
vn 0.1375 -0.0534 -0.9890
vn 0.3972 -0.4564 -0.7962
vn 0.3593 -0.4766 -0.8023
vn 0.4932 -0.7729 -0.3992
vn 0.4866 -0.7756 -0.4021
vn 0.4567 -0.8831 0.1071
vn 0.4837 -0.8685 0.1082
vn 0.2962 -0.7544 0.5857
vn 0.3492 -0.7265 0.5918
vn 0.0549 -0.4206 0.9055
vn 0.1188 -0.3855 0.9150
vn -0.2867 0.5423 0.7897
vn -0.0140 0.1425 0.9897
vn -0.4806 0.7920 0.3764
vn -0.5452 0.8274 -0.1343
vn -0.4662 0.6442 -0.6063
vn -0.2658 0.2937 -0.9181
vn 0.0038 -0.1328 -0.9911
vn 0.2733 -0.5260 -0.8054
vn 0.4719 -0.7828 -0.4057
vn 0.5446 -0.8320 0.1059
vn 0.4687 -0.6554 0.5922
vn 0.2635 -0.2979 0.9175
vn -0.1927 0.6115 0.7674
vn 0.1420 0.2538 0.9568
vn -0.4730 0.7991 0.3709
vn -0.6254 0.7709 -0.1205
vn -0.6129 0.5404 -0.5764
vn -0.4416 0.1709 -0.8808
vn -0.1561 -0.2423 -0.9575
vn 0.1710 -0.5942 -0.7859
vn 0.4552 -0.7924 -0.4060
vn 0.6189 -0.7806 0.0867
vn 0.6140 -0.5559 0.5603
vn 0.4388 -0.1759 0.8812
vn -0.0965 0.6948 0.7126
vn 0.3048 0.3922 0.8679
vn -0.4681 0.8047 0.3650
vn -0.7113 0.6988 -0.0759
vn -0.7667 0.4110 -0.4931
vn -0.6240 0.0185 -0.7812
vn -0.3207 -0.3784 -0.8683
vn 0.0667 -0.6791 -0.7310
vn 0.4395 -0.8039 -0.4006
vn 0.6980 -0.7149 0.0410
vn 0.7675 -0.4292 0.4761
vn 0.6235 -0.0219 0.7815
vn -0.0178 0.7793 0.6264
vn 0.4389 0.5362 0.7210
vn -0.4649 0.8081 0.3617
vn -0.7831 0.6218 0.0030
vn -0.8940 0.2748 -0.3538
vn -0.7736 -0.1414 -0.6176
vn -0.4543 -0.5212 -0.7224
vn -0.0161 -0.7677 -0.6406
vn 0.4298 -0.8144 -0.3899
vn 0.7654 -0.6427 -0.0324
vn 0.8949 -0.2925 0.3371
vn 0.7757 0.1418 0.6149
vn 0.0298 0.8496 0.5266
vn 0.5178 0.6576 0.5472
vn -0.4619 0.8097 0.3620
vn -0.8257 0.5549 0.1012
vn -0.9702 0.1571 -0.1846
vn -0.8626 -0.2797 -0.4214
vn -0.5322 -0.6443 -0.5491
vn -0.0622 -0.8430 -0.5343
vn 0.4279 -0.8205 -0.3789
vn 0.8078 -0.5767 -0.1214
vn 0.9702 -0.1722 0.1704
vn 0.8643 0.2822 0.4162
vn 0.0483 0.8993 0.4346
vn 0.5456 0.7444 0.3849
vn -0.4588 0.8100 0.3652
vn -0.8397 0.5057 0.1978
vn -0.9973 0.0704 -0.0211
vn -0.8943 -0.3816 -0.2337
vn -0.5586 -0.7345 -0.3853
vn -0.0756 -0.8965 -0.4365
vn 0.4305 -0.8220 -0.3728
vn 0.8247 -0.5253 -0.2094
vn 0.9965 -0.0829 0.0111
vn 0.8944 0.3839 0.2293
vn 0.0489 0.9314 0.3607
vn 0.5425 0.8013 0.2524
vn -0.4555 0.8094 0.3706
vn -0.8355 0.4723 0.2808
vn -0.9930 0.0122 0.1169
vn -0.8898 -0.4498 -0.0772
vn -0.5534 -0.7942 -0.2509
vn -0.0704 -0.9306 -0.3591
vn 0.4337 -0.8204 -0.3727
vn 0.8240 -0.4886 -0.2868
vn 0.9921 -0.0221 -0.1231
vn 0.8891 0.4516 0.0747
vn 0.0413 0.9512 0.3057
vn 0.5251 0.8377 0.1501
vn -0.4518 0.8080 0.3781
vn -0.8222 0.4498 0.3489
vn -0.9735 -0.0261 0.2271
vn -0.8681 -0.4943 0.0458
vn -0.5341 -0.8325 -0.1475
vn -0.0581 -0.9514 -0.3023
vn 0.4353 -0.8174 -0.3773
vn 0.8137 -0.4628 -0.3516
vn 0.9728 0.0186 -0.2308
vn 0.8671 0.4959 -0.0468
vn 0.0312 0.9634 0.2661
vn 0.5028 0.8614 0.0723
vn -0.4473 0.8060 0.3876
vn -0.8048 0.4340 0.4049
vn -0.9478 -0.0521 0.3147
vn -0.8401 -0.5237 0.1414
vn -0.5103 -0.8572 -0.0692
vn -0.0445 -0.9640 -0.2619
vn 0.4346 -0.8139 -0.3855
vn 0.7985 -0.4444 -0.4060
vn 0.9473 0.0465 -0.3168
vn 0.8390 0.5254 -0.1415
vn 0.0215 0.9709 0.2384
vn 0.4799 0.8772 0.0130
vn -0.4414 0.8037 0.3990
vn -0.7854 0.4224 0.4525
vn -0.9199 -0.0703 0.3856
vn -0.8106 -0.5440 0.2167
vn -0.4864 -0.8737 -0.0095
vn -0.0323 -0.9717 -0.2337
vn 0.4314 -0.8104 -0.3963
vn 0.7806 -0.4307 -0.4529
vn 0.9196 0.0664 -0.3872
vn 0.8094 0.5460 -0.2164
vn 0.0089 0.9795 0.2014
vn 0.4601 0.8869 -0.0402
vn -0.4444 0.8073 0.3883
vn -0.7773 0.4181 0.4700
vn -0.9011 -0.0822 0.4257
vn -0.7842 -0.5596 0.2680
vn -0.4588 -0.8876 0.0392
vn -0.0116 -0.9797 -0.1998
vn 0.4389 -0.8114 -0.3860
vn 0.7730 -0.4264 -0.4697
vn 0.9008 0.0735 -0.4279
vn 0.7867 0.5547 -0.2708
vn -0.0147 0.9888 0.1484
vn 0.4383 0.8944 -0.0889
vn -0.4639 0.8156 0.3457
vn -0.7873 0.4221 0.4493
vn -0.8980 -0.0841 0.4317
vn -0.7680 -0.5665 0.2985
vn -0.4336 -0.8970 0.0861
vn 0.0156 -0.9887 -0.1490
vn 0.4606 -0.8180 -0.3445
vn 0.7837 -0.4297 -0.4486
vn 0.8982 0.0739 -0.4333
vn 0.7723 0.5589 -0.3019
vn -0.0393 0.9940 0.1023
vn 0.4158 0.9001 -0.1298
vn -0.4836 0.8198 0.3068
vn -0.7972 0.4252 0.4285
vn -0.8965 -0.0826 0.4352
vn -0.7562 -0.5676 0.3254
vn -0.4145 -0.9008 0.1290
vn 0.0373 -0.9941 -0.1016
vn 0.4794 -0.8227 -0.3053
vn 0.7942 -0.4316 -0.4277
vn 0.8968 0.0757 -0.4359
vn 0.7586 0.5636 -0.3269
vn -0.0567 0.9959 0.0702
vn 0.3959 0.9030 -0.1664
vn -0.4937 0.8206 0.2877
vn -0.7975 0.4255 0.4277
vn -0.8876 -0.0829 0.4531
vn -0.7409 -0.5685 0.3576
vn -0.3970 -0.9025 0.1668
vn 0.0528 -0.9962 -0.0683
vn 0.4889 -0.8243 -0.2855
vn 0.7949 -0.4315 -0.4266
vn 0.8879 0.0777 -0.4534
vn 0.7420 0.5667 -0.3581
vn -0.0707 0.9964 0.0461
vn 0.3760 0.9044 -0.2015
vn -0.4977 0.8205 0.2811
vn -0.7907 0.4252 0.4404
vn -0.8722 -0.0830 0.4819
vn -0.7215 -0.5687 0.3950
vn -0.3788 -0.9029 0.2031
vn 0.0651 -0.9969 -0.0431
vn 0.4923 -0.8248 -0.2781
vn 0.7882 -0.4312 -0.4390
vn 0.8726 0.0790 -0.4820
vn 0.7217 0.5683 -0.3951
vn -0.0828 0.9962 0.0271
vn 0.3543 0.9045 -0.2372
vn -0.4969 0.8201 0.2837
vn -0.7772 0.4252 0.4639
vn -0.8500 -0.0824 0.5202
vn -0.6969 -0.5677 0.4382
vn -0.3585 -0.9022 0.2397
vn 0.0758 -0.9969 -0.0228
vn 0.4907 -0.8252 -0.2798
vn 0.7747 -0.4316 -0.4621
vn 0.8504 0.0790 -0.5202
vn 0.6964 0.5686 -0.4378
vn -0.0941 0.9955 0.0115
vn 0.3291 0.9035 -0.2744
vn -0.4912 0.8201 0.2936
vn -0.7561 0.4261 0.4967
vn -0.8195 -0.0804 0.5674
vn -0.6655 -0.5652 0.4875
vn -0.3347 -0.9003 0.2781
vn 0.0858 -0.9963 -0.0056
vn 0.4843 -0.8260 -0.2885
vn 0.7536 -0.4331 -0.4945
vn 0.8199 0.0774 -0.5672
vn 0.6643 0.5673 -0.4866
vn -0.1053 0.9944 -0.0017
vn 0.2989 0.9012 -0.3137
vn -0.4801 0.8206 0.3099
vn -0.7258 0.4285 0.5381
vn -0.7784 -0.0764 0.6230
vn -0.6250 -0.5609 0.5430
vn -0.3057 -0.8971 0.3189
vn 0.0956 -0.9954 0.0095
vn 0.4725 -0.8275 -0.3032
vn 0.7233 -0.4364 -0.5352
vn 0.7789 0.0737 -0.6228
vn 0.6233 0.5641 -0.5416
vn -0.1167 0.9931 -0.0130
vn 0.2618 0.8973 -0.3553
vn -0.4624 0.8222 0.3317
vn -0.6840 0.4331 0.5870
vn -0.7239 -0.0698 0.6863
vn -0.5726 -0.5540 0.6043
vn -0.2697 -0.8922 0.3623
vn 0.1058 -0.9941 0.0233
vn 0.4543 -0.8302 -0.3230
vn 0.6815 -0.4419 -0.5833
vn 0.7244 0.0672 -0.6860
vn 0.5704 0.5583 -0.6023
vn -0.1285 0.9915 -0.0225
vn 0.2157 0.8915 -0.3983
vn -0.4368 0.8253 0.3579
vn -0.6277 0.4404 0.6418
vn -0.6524 -0.0597 0.7555
vn -0.5053 -0.5439 0.6700
vn -0.2245 -0.8852 0.4075
vn 0.1169 -0.9925 0.0360
vn 0.4284 -0.8344 -0.3466
vn 0.6255 -0.4504 -0.6371
vn 0.6531 0.0572 -0.7551
vn 0.5027 0.5494 -0.6674
vn -0.1408 0.9896 -0.0302
vn 0.1591 0.8833 -0.4410
vn -0.4013 0.8303 0.3867
vn -0.5543 0.4514 0.6993
vn -0.5607 -0.0453 0.8267
vn -0.4198 -0.5298 0.7368
vn -0.1681 -0.8757 0.4527
vn 0.1292 -0.9905 0.0474
vn 0.3934 -0.8405 -0.3725
vn 0.5525 -0.4624 -0.6934
vn 0.5615 0.0428 -0.8263
vn 0.4169 0.5367 -0.7335
vn -0.1534 0.9875 -0.0361
vn 0.0909 0.8724 -0.4801
vn -0.3552 0.8375 0.4151
vn -0.4619 0.4665 0.7543
vn -0.4469 -0.0261 0.8942
vn -0.3147 -0.5115 0.7995
vn -0.0996 -0.8635 0.4944
vn 0.1429 -0.9881 0.0570
vn 0.3486 -0.8486 -0.3979
vn 0.4609 -0.4785 -0.7474
vn 0.4476 0.0236 -0.8939
vn 0.3117 0.5196 -0.7955
vn -0.1597 0.9864 -0.0386
vn 0.0539 0.8656 -0.4978
vn -0.3292 0.8414 0.4286
vn -0.4102 0.4742 0.7790
vn -0.3833 -0.0151 0.9235
vn -0.2566 -0.5000 0.8271
vn -0.0621 -0.8558 0.5135
vn 0.1502 -0.9867 0.0614
vn 0.3235 -0.8528 -0.4099
vn 0.4096 -0.4866 -0.7716
vn 0.3840 0.0128 -0.9232
vn 0.2535 0.5087 -0.8227
s 1
f 1/1/1 13/2/2 24/3/3 12/4/4
f 2/5/5 14/6/6 13/7/2 1/8/1
f 3/9/7 15/10/8 14/6/6 2/5/5
f 4/11/9 16/12/10 15/10/8 3/9/7
f 5/13/11 17/14/12 16/12/10 4/11/9
f 6/15/13 18/16/14 17/14/12 5/13/11
f 7/17/15 19/18/16 18/16/14 6/15/13
f 8/19/17 20/20/18 19/18/16 7/17/15
f 9/21/19 21/22/20 20/20/18 8/19/17
f 10/23/21 22/24/22 21/22/20 9/21/19
f 11/25/23 23/26/24 22/24/22 10/23/21
f 12/4/4 24/3/3 23/26/24 11/25/23
f 13/2/2 25/27/25 36/28/26 24/3/3
f 14/6/6 26/29/27 25/30/25 13/7/2
f 15/10/8 27/31/28 26/29/27 14/6/6
f 16/12/10 28/32/29 27/31/28 15/10/8
f 17/14/12 29/33/30 28/32/29 16/12/10
f 18/16/14 30/34/31 29/33/30 17/14/12
f 19/18/16 31/35/32 30/34/31 18/16/14
f 20/20/18 32/36/33 31/35/32 19/18/16
f 21/22/20 33/37/34 32/36/33 20/20/18
f 22/24/22 34/38/35 33/37/34 21/22/20
f 23/26/24 35/39/36 34/38/35 22/24/22
f 24/3/3 36/28/26 35/39/36 23/26/24
f 25/27/25 37/40/37 48/41/38 36/28/26
f 26/29/27 38/42/39 37/43/37 25/30/25
f 27/31/28 39/44/40 38/42/39 26/29/27
f 28/32/29 40/45/41 39/44/40 27/31/28
f 29/33/30 41/46/42 40/45/41 28/32/29
f 30/34/31 42/47/43 41/46/42 29/33/30
f 31/35/32 43/48/44 42/47/43 30/34/31
f 32/36/33 44/49/45 43/48/44 31/35/32
f 33/37/34 45/50/46 44/49/45 32/36/33
f 34/38/35 46/51/47 45/50/46 33/37/34
f 35/39/36 47/52/48 46/51/47 34/38/35
f 36/28/26 48/41/38 47/52/48 35/39/36
f 37/40/37 49/53/49 60/54/50 48/41/38
f 38/42/39 50/55/51 49/56/49 37/43/37
f 39/44/40 51/57/52 50/55/51 38/42/39
f 40/45/41 52/58/53 51/57/52 39/44/40
f 41/46/42 53/59/54 52/58/53 40/45/41
f 42/47/43 54/60/55 53/59/54 41/46/42
f 43/48/44 55/61/56 54/60/55 42/47/43
f 44/49/45 56/62/57 55/61/56 43/48/44
f 45/50/46 57/63/58 56/62/57 44/49/45
f 46/51/47 58/64/59 57/63/58 45/50/46
f 47/52/48 59/65/60 58/64/59 46/51/47
f 48/41/38 60/54/50 59/65/60 47/52/48
f 49/53/49 61/66/61 72/67/62 60/54/50
f 50/55/51 62/68/63 61/69/61 49/56/49
f 51/57/52 63/70/64 62/68/63 50/55/51
f 52/58/53 64/71/65 63/70/64 51/57/52
f 53/59/54 65/72/66 64/71/65 52/58/53
f 54/60/55 66/73/67 65/72/66 53/59/54
f 55/61/56 67/74/68 66/73/67 54/60/55
f 56/62/57 68/75/69 67/74/68 55/61/56
f 57/63/58 69/76/70 68/75/69 56/62/57
f 58/64/59 70/77/71 69/76/70 57/63/58
f 59/65/60 71/78/72 70/77/71 58/64/59
f 60/54/50 72/67/62 71/78/72 59/65/60
f 61/66/61 73/79/73 84/80/74 72/67/62
f 62/68/63 74/81/75 73/82/73 61/69/61
f 63/70/64 75/83/76 74/81/75 62/68/63
f 64/71/65 76/84/77 75/83/76 63/70/64
f 65/72/66 77/85/78 76/84/77 64/71/65
f 66/73/67 78/86/79 77/85/78 65/72/66
f 67/74/68 79/87/80 78/86/79 66/73/67
f 68/75/69 80/88/81 79/87/80 67/74/68
f 69/76/70 81/89/82 80/88/81 68/75/69
f 70/77/71 82/90/83 81/89/82 69/76/70
f 71/78/72 83/91/84 82/90/83 70/77/71
f 72/67/62 84/80/74 83/91/84 71/78/72
f 73/79/73 85/92/85 96/93/86 84/80/74
f 74/81/75 86/94/87 85/95/85 73/82/73
f 75/83/76 87/96/88 86/94/87 74/81/75
f 76/84/77 88/97/89 87/96/88 75/83/76
f 77/85/78 89/98/90 88/97/89 76/84/77
f 78/86/79 90/99/91 89/98/90 77/85/78
f 79/87/80 91/100/92 90/99/91 78/86/79
f 80/88/81 92/101/93 91/100/92 79/87/80
f 81/89/82 93/102/94 92/101/93 80/88/81
f 82/90/83 94/103/95 93/102/94 81/89/82
f 83/91/84 95/104/96 94/103/95 82/90/83
f 84/80/74 96/93/86 95/104/96 83/91/84
f 85/92/85 97/105/97 108/106/98 96/93/86
f 86/94/87 98/107/99 97/108/97 85/95/85
f 87/96/88 99/109/100 98/107/99 86/94/87
f 88/97/89 100/110/101 99/109/100 87/96/88
f 89/98/90 101/111/102 100/110/101 88/97/89
f 90/99/91 102/112/103 101/111/102 89/98/90
f 91/100/92 103/113/104 102/112/103 90/99/91
f 92/101/93 104/114/105 103/113/104 91/100/92
f 93/102/94 105/115/106 104/114/105 92/101/93
f 94/103/95 106/116/107 105/115/106 93/102/94
f 95/104/96 107/117/108 106/116/107 94/103/95
f 96/93/86 108/106/98 107/117/108 95/104/96
f 97/105/97 109/118/109 120/119/110 108/106/98
f 98/107/99 110/120/111 109/121/109 97/108/97
f 99/109/100 111/122/112 110/120/111 98/107/99
f 100/110/101 112/123/113 111/122/112 99/109/100
f 101/111/102 113/124/114 112/123/113 100/110/101
f 102/112/103 114/125/115 113/124/114 101/111/102
f 103/113/104 115/126/116 114/125/115 102/112/103
f 104/114/105 116/127/117 115/126/116 103/113/104
f 105/115/106 117/128/118 116/127/117 104/114/105
f 106/116/107 118/129/119 117/128/118 105/115/106
f 107/117/108 119/130/120 118/129/119 106/116/107
f 108/106/98 120/119/110 119/130/120 107/117/108
f 109/118/109 121/131/121 132/132/122 120/119/110
f 110/120/111 122/133/123 121/134/121 109/121/109
f 111/122/112 123/135/124 122/133/123 110/120/111
f 112/123/113 124/136/125 123/135/124 111/122/112
f 113/124/114 125/137/126 124/136/125 112/123/113
f 114/125/115 126/138/127 125/137/126 113/124/114
f 115/126/116 127/139/128 126/138/127 114/125/115
f 116/127/117 128/140/129 127/139/128 115/126/116
f 117/128/118 129/141/130 128/140/129 116/127/117
f 118/129/119 130/142/131 129/141/130 117/128/118
f 119/130/120 131/143/132 130/142/131 118/129/119
f 120/119/110 132/132/122 131/143/132 119/130/120
f 121/131/121 133/144/133 144/145/134 132/132/122
f 122/133/123 134/146/135 133/147/133 121/134/121
f 123/135/124 135/148/136 134/146/135 122/133/123
f 124/136/125 136/149/137 135/148/136 123/135/124
f 125/137/126 137/150/138 136/149/137 124/136/125
f 126/138/127 138/151/139 137/150/138 125/137/126
f 127/139/128 139/152/140 138/151/139 126/138/127
f 128/140/129 140/153/141 139/152/140 127/139/128
f 129/141/130 141/154/142 140/153/141 128/140/129
f 130/142/131 142/155/143 141/154/142 129/141/130
f 131/143/132 143/156/144 142/155/143 130/142/131
f 132/132/122 144/145/134 143/156/144 131/143/132
f 133/144/133 145/157/145 156/158/146 144/145/134
f 134/146/135 146/159/147 145/160/145 133/147/133
f 135/148/136 147/161/148 146/159/147 134/146/135
f 136/149/137 148/162/149 147/161/148 135/148/136
f 137/150/138 149/163/150 148/162/149 136/149/137
f 138/151/139 150/164/151 149/163/150 137/150/138
f 139/152/140 151/165/152 150/164/151 138/151/139
f 140/153/141 152/166/153 151/165/152 139/152/140
f 141/154/142 153/167/154 152/166/153 140/153/141
f 142/155/143 154/168/155 153/167/154 141/154/142
f 143/156/144 155/169/156 154/168/155 142/155/143
f 144/145/134 156/158/146 155/169/156 143/156/144
f 145/157/145 157/170/157 168/171/158 156/158/146
f 146/159/147 158/172/159 157/173/157 145/160/145
f 147/161/148 159/174/160 158/172/159 146/159/147
f 148/162/149 160/175/161 159/174/160 147/161/148
f 149/163/150 161/176/162 160/175/161 148/162/149
f 150/164/151 162/177/163 161/176/162 149/163/150
f 151/165/152 163/178/164 162/177/163 150/164/151
f 152/166/153 164/179/165 163/178/164 151/165/152
f 153/167/154 165/180/166 164/179/165 152/166/153
f 154/168/155 166/181/167 165/180/166 153/167/154
f 155/169/156 167/182/168 166/181/167 154/168/155
f 156/158/146 168/171/158 167/182/168 155/169/156
f 157/170/157 169/183/169 180/184/170 168/171/158
f 158/172/159 170/185/171 169/186/169 157/173/157
f 159/174/160 171/187/172 170/185/171 158/172/159
f 160/175/161 172/188/173 171/187/172 159/174/160
f 161/176/162 173/189/174 172/188/173 160/175/161
f 162/177/163 174/190/175 173/189/174 161/176/162
f 163/178/164 175/191/176 174/190/175 162/177/163
f 164/179/165 176/192/177 175/191/176 163/178/164
f 165/180/166 177/193/178 176/192/177 164/179/165
f 166/181/167 178/194/179 177/193/178 165/180/166
f 167/182/168 179/195/180 178/194/179 166/181/167
f 168/171/158 180/184/170 179/195/180 167/182/168
f 169/183/169 181/196/181 192/197/182 180/184/170
f 170/185/171 182/198/183 181/199/181 169/186/169
f 171/187/172 183/200/184 182/198/183 170/185/171
f 172/188/173 184/201/185 183/200/184 171/187/172
f 173/189/174 185/202/186 184/201/185 172/188/173
f 174/190/175 186/203/187 185/202/186 173/189/174
f 175/191/176 187/204/188 186/203/187 174/190/175
f 176/192/177 188/205/189 187/204/188 175/191/176
f 177/193/178 189/206/190 188/205/189 176/192/177
f 178/194/179 190/207/191 189/206/190 177/193/178
f 179/195/180 191/208/192 190/207/191 178/194/179
f 180/184/170 192/197/182 191/208/192 179/195/180
f 181/196/181 193/209/193 204/210/194 192/197/182
f 182/198/183 194/211/195 193/212/193 181/199/181
f 183/200/184 195/213/196 194/211/195 182/198/183
f 184/201/185 196/214/197 195/213/196 183/200/184
f 185/202/186 197/215/198 196/214/197 184/201/185
f 186/203/187 198/216/199 197/215/198 185/202/186
f 187/204/188 199/217/200 198/216/199 186/203/187
f 188/205/189 200/218/201 199/217/200 187/204/188
f 189/206/190 201/219/202 200/218/201 188/205/189
f 190/207/191 202/220/203 201/219/202 189/206/190
f 191/208/192 203/221/204 202/220/203 190/207/191
f 192/197/182 204/210/194 203/221/204 191/208/192
f 193/209/193 205/222/205 216/223/206 204/210/194
f 194/211/195 206/224/207 205/225/205 193/212/193
f 195/213/196 207/226/208 206/224/207 194/211/195
f 196/214/197 208/227/209 207/226/208 195/213/196
f 197/215/198 209/228/210 208/227/209 196/214/197
f 198/216/199 210/229/211 209/228/210 197/215/198
f 199/217/200 211/230/212 210/229/211 198/216/199
f 200/218/201 212/231/213 211/230/212 199/217/200
f 201/219/202 213/232/214 212/231/213 200/218/201
f 202/220/203 214/233/215 213/232/214 201/219/202
f 203/221/204 215/234/216 214/233/215 202/220/203
f 204/210/194 216/223/206 215/234/216 203/221/204
f 205/222/205 217/235/217 228/236/218 216/223/206
f 206/224/207 218/237/219 217/238/217 205/225/205
f 207/226/208 219/239/220 218/237/219 206/224/207
f 208/227/209 220/240/221 219/239/220 207/226/208
f 209/228/210 221/241/222 220/240/221 208/227/209
f 210/229/211 222/242/223 221/241/222 209/228/210
f 211/230/212 223/243/224 222/242/223 210/229/211
f 212/231/213 224/244/225 223/243/224 211/230/212
f 213/232/214 225/245/226 224/244/225 212/231/213
f 214/233/215 226/246/227 225/245/226 213/232/214
f 215/234/216 227/247/228 226/246/227 214/233/215
f 216/223/206 228/236/218 227/247/228 215/234/216
f 217/235/217 229/248/229 240/249/230 228/236/218
f 218/237/219 230/250/231 229/251/229 217/238/217
f 219/239/220 231/252/232 230/250/231 218/237/219
f 220/240/221 232/253/233 231/252/232 219/239/220
f 221/241/222 233/254/234 232/253/233 220/240/221
f 222/242/223 234/255/235 233/254/234 221/241/222
f 223/243/224 235/256/236 234/255/235 222/242/223
f 224/244/225 236/257/237 235/256/236 223/243/224
f 225/245/226 237/258/238 236/257/237 224/244/225
f 226/246/227 238/259/239 237/258/238 225/245/226
f 227/247/228 239/260/240 238/259/239 226/246/227
f 228/236/218 240/249/230 239/260/240 227/247/228
f 229/248/229 241/261/241 252/262/242 240/249/230
f 230/250/231 242/263/243 241/264/241 229/251/229
f 231/252/232 243/265/244 242/263/243 230/250/231
f 232/253/233 244/266/245 243/265/244 231/252/232
f 233/254/234 245/267/246 244/266/245 232/253/233
f 234/255/235 246/268/247 245/267/246 233/254/234
f 235/256/236 247/269/248 246/268/247 234/255/235
f 236/257/237 248/270/249 247/269/248 235/256/236
f 237/258/238 249/271/250 248/270/249 236/257/237
f 238/259/239 250/272/251 249/271/250 237/258/238
f 239/260/240 251/273/252 250/272/251 238/259/239
f 240/249/230 252/262/242 251/273/252 239/260/240
f 241/261/241 253/274/253 264/275/254 252/262/242
f 242/263/243 254/276/255 253/277/253 241/264/241
f 243/265/244 255/278/256 254/276/255 242/263/243
f 244/266/245 256/279/257 255/278/256 243/265/244
f 245/267/246 257/280/258 256/279/257 244/266/245
f 246/268/247 258/281/259 257/280/258 245/267/246
f 247/269/248 259/282/260 258/281/259 246/268/247
f 248/270/249 260/283/261 259/282/260 247/269/248
f 249/271/250 261/284/262 260/283/261 248/270/249
f 250/272/251 262/285/263 261/284/262 249/271/250
f 251/273/252 263/286/264 262/285/263 250/272/251
f 252/262/242 264/275/254 263/286/264 251/273/252
f 253/274/253 265/287/265 276/288/266 264/275/254
f 254/276/255 266/289/267 265/290/265 253/277/253
f 255/278/256 267/291/268 266/289/267 254/276/255
f 256/279/257 268/292/269 267/291/268 255/278/256
f 257/280/258 269/293/270 268/292/269 256/279/257
f 258/281/259 270/294/271 269/293/270 257/280/258
f 259/282/260 271/295/272 270/294/271 258/281/259
f 260/283/261 272/296/273 271/295/272 259/282/260
f 261/284/262 273/297/274 272/296/273 260/283/261
f 262/285/263 274/298/275 273/297/274 261/284/262
f 263/286/264 275/299/276 274/298/275 262/285/263
f 264/275/254 276/288/266 275/299/276 263/286/264
f 265/287/265 277/300/277 288/301/278 276/288/266
f 266/289/267 278/302/279 277/303/277 265/290/265
f 267/291/268 279/304/280 278/302/279 266/289/267
f 268/292/269 280/305/281 279/304/280 267/291/268
f 269/293/270 281/306/282 280/305/281 268/292/269
f 270/294/271 282/307/283 281/306/282 269/293/270
f 271/295/272 283/308/284 282/307/283 270/294/271
f 272/296/273 284/309/285 283/308/284 271/295/272
f 273/297/274 285/310/286 284/309/285 272/296/273
f 274/298/275 286/311/287 285/310/286 273/297/274
f 275/299/276 287/312/288 286/311/287 274/298/275
f 276/288/266 288/301/278 287/312/288 275/299/276
f 277/300/277 289/313/289 300/314/290 288/301/278
f 278/302/279 290/315/291 289/316/289 277/303/277
f 279/304/280 291/317/292 290/315/291 278/302/279
f 280/305/281 292/318/293 291/317/292 279/304/280
f 281/306/282 293/319/294 292/318/293 280/305/281
f 282/307/283 294/320/295 293/319/294 281/306/282
f 283/308/284 295/321/296 294/320/295 282/307/283
f 284/309/285 296/322/297 295/321/296 283/308/284
f 285/310/286 297/323/298 296/322/297 284/309/285
f 286/311/287 298/324/299 297/323/298 285/310/286
f 287/312/288 299/325/300 298/324/299 286/311/287
f 288/301/278 300/314/290 299/325/300 287/312/288
f 289/313/289 301/326/301 312/327/302 300/314/290
f 290/315/291 302/328/303 301/329/301 289/316/289
f 291/317/292 303/330/304 302/328/303 290/315/291
f 292/318/293 304/331/305 303/330/304 291/317/292
f 293/319/294 305/332/306 304/331/305 292/318/293
f 294/320/295 306/333/307 305/332/306 293/319/294
f 295/321/296 307/334/308 306/333/307 294/320/295
f 296/322/297 308/335/309 307/334/308 295/321/296
f 297/323/298 309/336/310 308/335/309 296/322/297
f 298/324/299 310/337/311 309/336/310 297/323/298
f 299/325/300 311/338/312 310/337/311 298/324/299
f 300/314/290 312/327/302 311/338/312 299/325/300
f 301/326/301 313/339/313 324/340/314 312/327/302
f 302/328/303 314/341/315 313/342/313 301/329/301
f 303/330/304 315/343/316 314/341/315 302/328/303
f 304/331/305 316/344/317 315/343/316 303/330/304
f 305/332/306 317/345/318 316/344/317 304/331/305
f 306/333/307 318/346/319 317/345/318 305/332/306
f 307/334/308 319/347/320 318/346/319 306/333/307
f 308/335/309 320/348/321 319/347/320 307/334/308
f 309/336/310 321/349/322 320/348/321 308/335/309
f 310/337/311 322/350/323 321/349/322 309/336/310
f 311/338/312 323/351/324 322/350/323 310/337/311
f 312/327/302 324/340/314 323/351/324 311/338/312
f 313/339/313 325/352/325 336/353/326 324/340/314
f 314/341/315 326/354/327 325/355/325 313/342/313
f 315/343/316 327/356/328 326/354/327 314/341/315
f 316/344/317 328/357/329 327/356/328 315/343/316
f 317/345/318 329/358/330 328/357/329 316/344/317
f 318/346/319 330/359/331 329/358/330 317/345/318
f 319/347/320 331/360/332 330/359/331 318/346/319
f 320/348/321 332/361/333 331/360/332 319/347/320
f 321/349/322 333/362/334 332/361/333 320/348/321
f 322/350/323 334/363/335 333/362/334 321/349/322
f 323/351/324 335/364/336 334/363/335 322/350/323
f 324/340/314 336/353/326 335/364/336 323/351/324
f 325/352/325 337/365/337 348/366/338 336/353/326
f 326/354/327 338/367/339 337/368/337 325/355/325
f 327/356/328 339/369/340 338/367/339 326/354/327
f 328/357/329 340/370/341 339/369/340 327/356/328
f 329/358/330 341/371/342 340/370/341 328/357/329
f 330/359/331 342/372/343 341/371/342 329/358/330
f 331/360/332 343/373/344 342/372/343 330/359/331
f 332/361/333 344/374/345 343/373/344 331/360/332
f 333/362/334 345/375/346 344/374/345 332/361/333
f 334/363/335 346/376/347 345/375/346 333/362/334
f 335/364/336 347/377/348 346/376/347 334/363/335
f 336/353/326 348/366/338 347/377/348 335/364/336
f 337/365/337 349/378/349 360/379/350 348/366/338
f 338/367/339 350/380/351 349/381/349 337/368/337
f 339/369/340 351/382/352 350/380/351 338/367/339
f 340/370/341 352/383/353 351/382/352 339/369/340
f 341/371/342 353/384/354 352/383/353 340/370/341
f 342/372/343 354/385/355 353/384/354 341/371/342
f 343/373/344 355/386/356 354/385/355 342/372/343
f 344/374/345 356/387/357 355/386/356 343/373/344
f 345/375/346 357/388/358 356/387/357 344/374/345
f 346/376/347 358/389/359 357/388/358 345/375/346
f 347/377/348 359/390/360 358/389/359 346/376/347
f 348/366/338 360/379/350 359/390/360 347/377/348
f 349/378/349 361/391/361 372/392/362 360/379/350
f 350/380/351 362/393/363 361/394/361 349/381/349
f 351/382/352 363/395/364 362/393/363 350/380/351
f 352/383/353 364/396/365 363/395/364 351/382/352
f 353/384/354 365/397/366 364/396/365 352/383/353
f 354/385/355 366/398/367 365/397/366 353/384/354
f 355/386/356 367/399/368 366/398/367 354/385/355
f 356/387/357 368/400/369 367/399/368 355/386/356
f 357/388/358 369/401/370 368/400/369 356/387/357
f 358/389/359 370/402/371 369/401/370 357/388/358
f 359/390/360 371/403/372 370/402/371 358/389/359
f 360/379/350 372/392/362 371/403/372 359/390/360
f 361/391/361 373/404/373 384/405/374 372/392/362
f 362/393/363 374/406/375 373/407/373 361/394/361
f 363/395/364 375/408/376 374/406/375 362/393/363
f 364/396/365 376/409/377 375/408/376 363/395/364
f 365/397/366 377/410/378 376/409/377 364/396/365
f 366/398/367 378/411/379 377/410/378 365/397/366
f 367/399/368 379/412/380 378/411/379 366/398/367
f 368/400/369 380/413/381 379/412/380 367/399/368
f 369/401/370 381/414/382 380/413/381 368/400/369
f 370/402/371 382/415/383 381/414/382 369/401/370
f 371/403/372 383/416/384 382/415/383 370/402/371
f 372/392/362 384/405/374 383/416/384 371/403/372
f 373/404/373 385/417/385 396/418/386 384/405/374
f 374/406/375 386/419/387 385/420/385 373/407/373
f 375/408/376 387/421/388 386/419/387 374/406/375
f 376/409/377 388/422/389 387/421/388 375/408/376
f 377/410/378 389/423/390 388/422/389 376/409/377
f 378/411/379 390/424/391 389/423/390 377/410/378
f 379/412/380 391/425/392 390/424/391 378/411/379
f 380/413/381 392/426/393 391/425/392 379/412/380
f 381/414/382 393/427/394 392/426/393 380/413/381
f 382/415/383 394/428/395 393/427/394 381/414/382
f 383/416/384 395/429/396 394/428/395 382/415/383
f 384/405/374 396/418/386 395/429/396 383/416/384
f 385/417/385 397/430/397 408/431/398 396/418/386
f 386/419/387 398/432/399 397/433/397 385/420/385
f 387/421/388 399/434/400 398/432/399 386/419/387
f 388/422/389 400/435/401 399/434/400 387/421/388
f 389/423/390 401/436/402 400/435/401 388/422/389
f 390/424/391 402/437/403 401/436/402 389/423/390
f 391/425/392 403/438/404 402/437/403 390/424/391
f 392/426/393 404/439/405 403/438/404 391/425/392
f 393/427/394 405/440/406 404/439/405 392/426/393
f 394/428/395 406/441/407 405/440/406 393/427/394
f 395/429/396 407/442/408 406/441/407 394/428/395
f 396/418/386 408/431/398 407/442/408 395/429/396
f 397/430/397 409/443/409 420/444/410 408/431/398
f 398/432/399 410/445/411 409/446/409 397/433/397
f 399/434/400 411/447/412 410/445/411 398/432/399
f 400/435/401 412/448/413 411/447/412 399/434/400
f 401/436/402 413/449/414 412/448/413 400/435/401
f 402/437/403 414/450/415 413/449/414 401/436/402
f 403/438/404 415/451/416 414/450/415 402/437/403
f 404/439/405 416/452/417 415/451/416 403/438/404
f 405/440/406 417/453/418 416/452/417 404/439/405
f 406/441/407 418/454/419 417/453/418 405/440/406
f 407/442/408 419/455/420 418/454/419 406/441/407
f 408/431/398 420/444/410 419/455/420 407/442/408
f 409/443/409 421/456/421 432/457/422 420/444/410
f 410/445/411 422/458/423 421/459/421 409/446/409
f 411/447/412 423/460/424 422/458/423 410/445/411
f 412/448/413 424/461/425 423/460/424 411/447/412
f 413/449/414 425/462/426 424/461/425 412/448/413
f 414/450/415 426/463/427 425/462/426 413/449/414
f 415/451/416 427/464/428 426/463/427 414/450/415
f 416/452/417 428/465/429 427/464/428 415/451/416
f 417/453/418 429/466/430 428/465/429 416/452/417
f 418/454/419 430/467/431 429/466/430 417/453/418
f 419/455/420 431/468/432 430/467/431 418/454/419
f 420/444/410 432/457/422 431/468/432 419/455/420
f 421/456/421 433/469/433 444/470/434 432/457/422
f 422/458/423 434/471/435 433/472/433 421/459/421
f 423/460/424 435/473/436 434/471/435 422/458/423
f 424/461/425 436/474/437 435/473/436 423/460/424
f 425/462/426 437/475/438 436/474/437 424/461/425
f 426/463/427 438/476/439 437/475/438 425/462/426
f 427/464/428 439/477/440 438/476/439 426/463/427
f 428/465/429 440/478/441 439/477/440 427/464/428
f 429/466/430 441/479/442 440/478/441 428/465/429
f 430/467/431 442/480/443 441/479/442 429/466/430
f 431/468/432 443/481/444 442/480/443 430/467/431
f 432/457/422 444/470/434 443/481/444 431/468/432
f 433/469/433 445/482/445 456/483/446 444/470/434
f 434/471/435 446/484/447 445/485/445 433/472/433
f 435/473/436 447/486/448 446/484/447 434/471/435
f 436/474/437 448/487/449 447/486/448 435/473/436
f 437/475/438 449/488/450 448/487/449 436/474/437
f 438/476/439 450/489/451 449/488/450 437/475/438
f 439/477/440 451/490/452 450/489/451 438/476/439
f 440/478/441 452/491/453 451/490/452 439/477/440
f 441/479/442 453/492/454 452/491/453 440/478/441
f 442/480/443 454/493/455 453/492/454 441/479/442
f 443/481/444 455/494/456 454/493/455 442/480/443
f 444/470/434 456/483/446 455/494/456 443/481/444
f 445/482/445 457/495/457 468/496/458 456/483/446
f 446/484/447 458/497/459 457/498/457 445/485/445
f 447/486/448 459/499/460 458/497/459 446/484/447
f 448/487/449 460/500/461 459/499/460 447/486/448
f 449/488/450 461/501/462 460/500/461 448/487/449
f 450/489/451 462/502/463 461/501/462 449/488/450
f 451/490/452 463/503/464 462/502/463 450/489/451
f 452/491/453 464/504/465 463/503/464 451/490/452
f 453/492/454 465/505/466 464/504/465 452/491/453
f 454/493/455 466/506/467 465/505/466 453/492/454
f 455/494/456 467/507/468 466/506/467 454/493/455
f 456/483/446 468/496/458 467/507/468 455/494/456
f 457/495/457 469/508/469 480/509/470 468/496/458
f 458/497/459 470/510/471 469/511/469 457/498/457
f 459/499/460 471/512/472 470/510/471 458/497/459
f 460/500/461 472/513/473 471/512/472 459/499/460
f 461/501/462 473/514/474 472/513/473 460/500/461
f 462/502/463 474/515/475 473/514/474 461/501/462
f 463/503/464 475/516/476 474/515/475 462/502/463
f 464/504/465 476/517/477 475/516/476 463/503/464
f 465/505/466 477/518/478 476/517/477 464/504/465
f 466/506/467 478/519/479 477/518/478 465/505/466
f 467/507/468 479/520/480 478/519/479 466/506/467
f 468/496/458 480/509/470 479/520/480 467/507/468
f 469/508/469 481/521/481 492/522/482 480/509/470
f 470/510/471 482/523/483 481/524/481 469/511/469
f 471/512/472 483/525/484 482/523/483 470/510/471
f 472/513/473 484/526/485 483/525/484 471/512/472
f 473/514/474 485/527/486 484/526/485 472/513/473
f 474/515/475 486/528/487 485/527/486 473/514/474
f 475/516/476 487/529/488 486/528/487 474/515/475
f 476/517/477 488/530/489 487/529/488 475/516/476
f 477/518/478 489/531/490 488/530/489 476/517/477
f 478/519/479 490/532/491 489/531/490 477/518/478
f 479/520/480 491/533/492 490/532/491 478/519/479
f 480/509/470 492/522/482 491/533/492 479/520/480
f 481/521/481 493/534/493 504/535/494 492/522/482
f 482/523/483 494/536/495 493/537/493 481/524/481
f 483/525/484 495/538/496 494/536/495 482/523/483
f 484/526/485 496/539/497 495/538/496 483/525/484
f 485/527/486 497/540/498 496/539/497 484/526/485
f 486/528/487 498/541/499 497/540/498 485/527/486
f 487/529/488 499/542/500 498/541/499 486/528/487
f 488/530/489 500/543/501 499/542/500 487/529/488
f 489/531/490 501/544/502 500/543/501 488/530/489
f 490/532/491 502/545/503 501/544/502 489/531/490
f 491/533/492 503/546/504 502/545/503 490/532/491
f 492/522/482 504/535/494 503/546/504 491/533/492
f 493/534/493 505/547/505 516/548/506 504/535/494
f 494/536/495 506/549/507 505/550/505 493/537/493
f 495/538/496 507/551/508 506/549/507 494/536/495
f 496/539/497 508/552/509 507/551/508 495/538/496
f 497/540/498 509/553/510 508/552/509 496/539/497
f 498/541/499 510/554/511 509/553/510 497/540/498
f 499/542/500 511/555/512 510/554/511 498/541/499
f 500/543/501 512/556/513 511/555/512 499/542/500
f 501/544/502 513/557/514 512/556/513 500/543/501
f 502/545/503 514/558/515 513/557/514 501/544/502
f 503/546/504 515/559/516 514/558/515 502/545/503
f 504/535/494 516/548/506 515/559/516 503/546/504
f 505/547/505 517/560/517 528/561/518 516/548/506
f 506/549/507 518/562/519 517/563/517 505/550/505
f 507/551/508 519/564/520 518/562/519 506/549/507
f 508/552/509 520/565/521 519/564/520 507/551/508
f 509/553/510 521/566/522 520/565/521 508/552/509
f 510/554/511 522/567/523 521/566/522 509/553/510
f 511/555/512 523/568/524 522/567/523 510/554/511
f 512/556/513 524/569/525 523/568/524 511/555/512
f 513/557/514 525/570/526 524/569/525 512/556/513
f 514/558/515 526/571/527 525/570/526 513/557/514
f 515/559/516 527/572/528 526/571/527 514/558/515
f 516/548/506 528/561/518 527/572/528 515/559/516
f 517/560/517 529/573/529 540/574/530 528/561/518
f 518/562/519 530/575/531 529/576/529 517/563/517
f 519/564/520 531/577/532 530/575/531 518/562/519
f 520/565/521 532/578/533 531/577/532 519/564/520
f 521/566/522 533/579/534 532/578/533 520/565/521
f 522/567/523 534/580/535 533/579/534 521/566/522
f 523/568/524 535/581/536 534/580/535 522/567/523
f 524/569/525 536/582/537 535/581/536 523/568/524
f 525/570/526 537/583/538 536/582/537 524/569/525
f 526/571/527 538/584/539 537/583/538 525/570/526
f 527/572/528 539/585/540 538/584/539 526/571/527
f 528/561/518 540/574/530 539/585/540 527/572/528
f 529/573/529 541/586/541 552/587/542 540/574/530
f 530/575/531 542/588/543 541/589/541 529/576/529
f 531/577/532 543/590/544 542/588/543 530/575/531
f 532/578/533 544/591/545 543/590/544 531/577/532
f 533/579/534 545/592/546 544/591/545 532/578/533
f 534/580/535 546/593/547 545/592/546 533/579/534
f 535/581/536 547/594/548 546/593/547 534/580/535
f 536/582/537 548/595/549 547/594/548 535/581/536
f 537/583/538 549/596/550 548/595/549 536/582/537
f 538/584/539 550/597/551 549/596/550 537/583/538
f 539/585/540 551/598/552 550/597/551 538/584/539
f 540/574/530 552/587/542 551/598/552 539/585/540
f 541/586/541 553/599/553 564/600/554 552/587/542
f 542/588/543 554/601/555 553/602/553 541/589/541
f 543/590/544 555/603/556 554/601/555 542/588/543
f 544/591/545 556/604/557 555/603/556 543/590/544
f 545/592/546 557/605/558 556/604/557 544/591/545
f 546/593/547 558/606/559 557/605/558 545/592/546
f 547/594/548 559/607/560 558/606/559 546/593/547
f 548/595/549 560/608/561 559/607/560 547/594/548
f 549/596/550 561/609/562 560/608/561 548/595/549
f 550/597/551 562/610/563 561/609/562 549/596/550
f 551/598/552 563/611/564 562/610/563 550/597/551
f 552/587/542 564/600/554 563/611/564 551/598/552
f 553/599/553 565/612/565 576/613/566 564/600/554
f 554/601/555 566/614/567 565/615/565 553/602/553
f 555/603/556 567/616/568 566/614/567 554/601/555
f 556/604/557 568/617/569 567/616/568 555/603/556
f 557/605/558 569/618/570 568/617/569 556/604/557
f 558/606/559 570/619/571 569/618/570 557/605/558
f 559/607/560 571/620/572 570/619/571 558/606/559
f 560/608/561 572/621/573 571/620/572 559/607/560
f 561/609/562 573/622/574 572/621/573 560/608/561
f 562/610/563 574/623/575 573/622/574 561/609/562
f 563/611/564 575/624/576 574/623/575 562/610/563
f 564/600/554 576/613/566 575/624/576 563/611/564
f 565/612/565 1/625/1 12/626/4 576/613/566
f 566/614/567 2/627/5 1/628/1 565/615/565
f 567/616/568 3/629/7 2/627/5 566/614/567
f 568/617/569 4/630/9 3/629/7 567/616/568
f 569/618/570 5/631/11 4/630/9 568/617/569
f 570/619/571 6/632/13 5/631/11 569/618/570
f 571/620/572 7/633/15 6/632/13 570/619/571
f 572/621/573 8/634/17 7/633/15 571/620/572
f 573/622/574 9/635/19 8/634/17 572/621/573
f 574/623/575 10/636/21 9/635/19 573/622/574
f 575/624/576 11/637/23 10/636/21 574/623/575
f 576/613/566 12/626/4 11/637/23 575/624/576
f 577/638/577 589/639/578 600/640/579 588/641/580
f 578/642/581 590/643/582 589/644/578 577/645/577
f 579/646/583 591/647/584 590/643/582 578/642/581
f 580/648/585 592/649/586 591/647/584 579/646/583
f 581/650/587 593/651/588 592/649/586 580/648/585
f 582/652/589 594/653/590 593/651/588 581/650/587
f 583/654/591 595/655/592 594/653/590 582/652/589
f 584/656/593 596/657/594 595/655/592 583/654/591
f 585/658/595 597/659/596 596/657/594 584/656/593
f 586/660/597 598/661/598 597/659/596 585/658/595
f 587/662/599 599/663/600 598/661/598 586/660/597
f 588/641/580 600/640/579 599/663/600 587/662/599
f 589/639/578 601/664/601 612/665/602 600/640/579
f 590/643/582 602/666/603 601/667/601 589/644/578
f 591/647/584 603/668/604 602/666/603 590/643/582
f 592/649/586 604/669/605 603/668/604 591/647/584
f 593/651/588 605/670/606 604/669/605 592/649/586
f 594/653/590 606/671/607 605/670/606 593/651/588
f 595/655/592 607/672/608 606/671/607 594/653/590
f 596/657/594 608/673/609 607/672/608 595/655/592
f 597/659/596 609/674/610 608/673/609 596/657/594
f 598/661/598 610/675/611 609/674/610 597/659/596
f 599/663/600 611/676/612 610/675/611 598/661/598
f 600/640/579 612/665/602 611/676/612 599/663/600
f 601/664/601 613/677/613 624/678/614 612/665/602
f 602/666/603 614/679/615 613/680/613 601/667/601
f 603/668/604 615/681/616 614/679/615 602/666/603
f 604/669/605 616/682/617 615/681/616 603/668/604
f 605/670/606 617/683/618 616/682/617 604/669/605
f 606/671/607 618/684/619 617/683/618 605/670/606
f 607/672/608 619/685/620 618/684/619 606/671/607
f 608/673/609 620/686/621 619/685/620 607/672/608
f 609/674/610 621/687/622 620/686/621 608/673/609
f 610/675/611 622/688/623 621/687/622 609/674/610
f 611/676/612 623/689/624 622/688/623 610/675/611
f 612/665/602 624/678/614 623/689/624 611/676/612
f 613/677/613 625/690/625 636/691/626 624/678/614
f 614/679/615 626/692/627 625/693/625 613/680/613
f 615/681/616 627/694/628 626/692/627 614/679/615
f 616/682/617 628/695/629 627/694/628 615/681/616
f 617/683/618 629/696/630 628/695/629 616/682/617
f 618/684/619 630/697/631 629/696/630 617/683/618
f 619/685/620 631/698/632 630/697/631 618/684/619
f 620/686/621 632/699/633 631/698/632 619/685/620
f 621/687/622 633/700/634 632/699/633 620/686/621
f 622/688/623 634/701/635 633/700/634 621/687/622
f 623/689/624 635/702/636 634/701/635 622/688/623
f 624/678/614 636/691/626 635/702/636 623/689/624
f 625/690/625 637/703/637 648/704/638 636/691/626
f 626/692/627 638/705/639 637/706/637 625/693/625
f 627/694/628 639/707/640 638/705/639 626/692/627
f 628/695/629 640/708/641 639/707/640 627/694/628
f 629/696/630 641/709/642 640/708/641 628/695/629
f 630/697/631 642/710/643 641/709/642 629/696/630
f 631/698/632 643/711/644 642/710/643 630/697/631
f 632/699/633 644/712/645 643/711/644 631/698/632
f 633/700/634 645/713/646 644/712/645 632/699/633
f 634/701/635 646/714/647 645/713/646 633/700/634
f 635/702/636 647/715/648 646/714/647 634/701/635
f 636/691/626 648/704/638 647/715/648 635/702/636
f 637/703/637 649/716/649 660/717/650 648/704/638
f 638/705/639 650/718/651 649/719/649 637/706/637
f 639/707/640 651/720/652 650/718/651 638/705/639
f 640/708/641 652/721/653 651/720/652 639/707/640
f 641/709/642 653/722/654 652/721/653 640/708/641
f 642/710/643 654/723/655 653/722/654 641/709/642
f 643/711/644 655/724/656 654/723/655 642/710/643
f 644/712/645 656/725/657 655/724/656 643/711/644
f 645/713/646 657/726/658 656/725/657 644/712/645
f 646/714/647 658/727/659 657/726/658 645/713/646
f 647/715/648 659/728/660 658/727/659 646/714/647
f 648/704/638 660/717/650 659/728/660 647/715/648
f 649/716/649 661/729/661 672/730/662 660/717/650
f 650/718/651 662/731/663 661/732/661 649/719/649
f 651/720/652 663/733/664 662/731/663 650/718/651
f 652/721/653 664/734/665 663/733/664 651/720/652
f 653/722/654 665/735/666 664/734/665 652/721/653
f 654/723/655 666/736/667 665/735/666 653/722/654
f 655/724/656 667/737/668 666/736/667 654/723/655
f 656/725/657 668/738/669 667/737/668 655/724/656
f 657/726/658 669/739/670 668/738/669 656/725/657
f 658/727/659 670/740/671 669/739/670 657/726/658
f 659/728/660 671/741/672 670/740/671 658/727/659
f 660/717/650 672/730/662 671/741/672 659/728/660
f 661/729/661 673/742/673 684/743/674 672/730/662
f 662/731/663 674/744/675 673/745/673 661/732/661
f 663/733/664 675/746/676 674/744/675 662/731/663
f 664/734/665 676/747/677 675/746/676 663/733/664
f 665/735/666 677/748/678 676/747/677 664/734/665
f 666/736/667 678/749/679 677/748/678 665/735/666
f 667/737/668 679/750/680 678/749/679 666/736/667
f 668/738/669 680/751/681 679/750/680 667/737/668
f 669/739/670 681/752/682 680/751/681 668/738/669
f 670/740/671 682/753/683 681/752/682 669/739/670
f 671/741/672 683/754/684 682/753/683 670/740/671
f 672/730/662 684/743/674 683/754/684 671/741/672
f 673/742/673 685/755/685 696/756/686 684/743/674
f 674/744/675 686/757/687 685/758/685 673/745/673
f 675/746/676 687/759/688 686/757/687 674/744/675
f 676/747/677 688/760/689 687/759/688 675/746/676
f 677/748/678 689/761/690 688/760/689 676/747/677
f 678/749/679 690/762/691 689/761/690 677/748/678
f 679/750/680 691/763/692 690/762/691 678/749/679
f 680/751/681 692/764/693 691/763/692 679/750/680
f 681/752/682 693/765/694 692/764/693 680/751/681
f 682/753/683 694/766/695 693/765/694 681/752/682
f 683/754/684 695/767/696 694/766/695 682/753/683
f 684/743/674 696/756/686 695/767/696 683/754/684
f 685/755/685 697/768/697 708/769/698 696/756/686
f 686/757/687 698/770/699 697/771/697 685/758/685
f 687/759/688 699/772/700 698/770/699 686/757/687
f 688/760/689 700/773/701 699/772/700 687/759/688
f 689/761/690 701/774/702 700/773/701 688/760/689
f 690/762/691 702/775/703 701/774/702 689/761/690
f 691/763/692 703/776/704 702/775/703 690/762/691
f 692/764/693 704/777/705 703/776/704 691/763/692
f 693/765/694 705/778/706 704/777/705 692/764/693
f 694/766/695 706/779/707 705/778/706 693/765/694
f 695/767/696 707/780/708 706/779/707 694/766/695
f 696/756/686 708/769/698 707/780/708 695/767/696
f 697/768/697 709/781/709 720/782/710 708/769/698
f 698/770/699 710/783/711 709/784/709 697/771/697
f 699/772/700 711/785/712 710/783/711 698/770/699
f 700/773/701 712/786/713 711/785/712 699/772/700
f 701/774/702 713/787/714 712/786/713 700/773/701
f 702/775/703 714/788/715 713/787/714 701/774/702
f 703/776/704 715/789/716 714/788/715 702/775/703
f 704/777/705 716/790/717 715/789/716 703/776/704
f 705/778/706 717/791/718 716/790/717 704/777/705
f 706/779/707 718/792/719 717/791/718 705/778/706
f 707/780/708 719/793/720 718/792/719 706/779/707
f 708/769/698 720/782/710 719/793/720 707/780/708
f 709/781/709 721/794/721 732/795/722 720/782/710
f 710/783/711 722/796/723 721/797/721 709/784/709
f 711/785/712 723/798/724 722/796/723 710/783/711
f 712/786/713 724/799/725 723/798/724 711/785/712
f 713/787/714 725/800/726 724/799/725 712/786/713
f 714/788/715 726/801/727 725/800/726 713/787/714
f 715/789/716 727/802/728 726/801/727 714/788/715
f 716/790/717 728/803/729 727/802/728 715/789/716
f 717/791/718 729/804/730 728/803/729 716/790/717
f 718/792/719 730/805/731 729/804/730 717/791/718
f 719/793/720 731/806/732 730/805/731 718/792/719
f 720/782/710 732/795/722 731/806/732 719/793/720
f 721/794/721 733/807/733 744/808/734 732/795/722
f 722/796/723 734/809/735 733/810/733 721/797/721
f 723/798/724 735/811/736 734/809/735 722/796/723
f 724/799/725 736/812/737 735/811/736 723/798/724
f 725/800/726 737/813/738 736/812/737 724/799/725
f 726/801/727 738/814/739 737/813/738 725/800/726
f 727/802/728 739/815/740 738/814/739 726/801/727
f 728/803/729 740/816/741 739/815/740 727/802/728
f 729/804/730 741/817/742 740/816/741 728/803/729
f 730/805/731 742/818/743 741/817/742 729/804/730
f 731/806/732 743/819/744 742/818/743 730/805/731
f 732/795/722 744/808/734 743/819/744 731/806/732
f 733/807/733 745/820/745 756/821/746 744/808/734
f 734/809/735 746/822/747 745/823/745 733/810/733
f 735/811/736 747/824/748 746/822/747 734/809/735
f 736/812/737 748/825/749 747/824/748 735/811/736
f 737/813/738 749/826/750 748/825/749 736/812/737
f 738/814/739 750/827/751 749/826/750 737/813/738
f 739/815/740 751/828/752 750/827/751 738/814/739
f 740/816/741 752/829/753 751/828/752 739/815/740
f 741/817/742 753/830/754 752/829/753 740/816/741
f 742/818/743 754/831/755 753/830/754 741/817/742
f 743/819/744 755/832/756 754/831/755 742/818/743
f 744/808/734 756/821/746 755/832/756 743/819/744
f 745/820/745 757/833/757 768/834/758 756/821/746
f 746/822/747 758/835/759 757/836/757 745/823/745
f 747/824/748 759/837/760 758/835/759 746/822/747
f 748/825/749 760/838/761 759/837/760 747/824/748
f 749/826/750 761/839/762 760/838/761 748/825/749
f 750/827/751 762/840/763 761/839/762 749/826/750
f 751/828/752 763/841/764 762/840/763 750/827/751
f 752/829/753 764/842/765 763/841/764 751/828/752
f 753/830/754 765/843/766 764/842/765 752/829/753
f 754/831/755 766/844/767 765/843/766 753/830/754
f 755/832/756 767/845/768 766/844/767 754/831/755
f 756/821/746 768/834/758 767/845/768 755/832/756
f 757/833/757 769/846/769 780/847/770 768/834/758
f 758/835/759 770/848/771 769/849/769 757/836/757
f 759/837/760 771/850/772 770/848/771 758/835/759
f 760/838/761 772/851/773 771/850/772 759/837/760
f 761/839/762 773/852/774 772/851/773 760/838/761
f 762/840/763 774/853/775 773/852/774 761/839/762
f 763/841/764 775/854/776 774/853/775 762/840/763
f 764/842/765 776/855/777 775/854/776 763/841/764
f 765/843/766 777/856/778 776/855/777 764/842/765
f 766/844/767 778/857/779 777/856/778 765/843/766
f 767/845/768 779/858/780 778/857/779 766/844/767
f 768/834/758 780/847/770 779/858/780 767/845/768
f 769/846/769 781/859/781 792/860/782 780/847/770
f 770/848/771 782/861/783 781/862/781 769/849/769
f 771/850/772 783/863/784 782/861/783 770/848/771
f 772/851/773 784/864/785 783/863/784 771/850/772
f 773/852/774 785/865/786 784/864/785 772/851/773
f 774/853/775 786/866/787 785/865/786 773/852/774
f 775/854/776 787/867/788 786/866/787 774/853/775
f 776/855/777 788/868/789 787/867/788 775/854/776
f 777/856/778 789/869/790 788/868/789 776/855/777
f 778/857/779 790/870/791 789/869/790 777/856/778
f 779/858/780 791/871/792 790/870/791 778/857/779
f 780/847/770 792/860/782 791/871/792 779/858/780
f 781/859/781 793/872/793 804/873/794 792/860/782
f 782/861/783 794/874/795 793/875/793 781/862/781
f 783/863/784 795/876/796 794/874/795 782/861/783
f 784/864/785 796/877/797 795/876/796 783/863/784
f 785/865/786 797/878/798 796/877/797 784/864/785
f 786/866/787 798/879/799 797/878/798 785/865/786
f 787/867/788 799/880/800 798/879/799 786/866/787
f 788/868/789 800/881/801 799/880/800 787/867/788
f 789/869/790 801/882/802 800/881/801 788/868/789
f 790/870/791 802/883/803 801/882/802 789/869/790
f 791/871/792 803/884/804 802/883/803 790/870/791
f 792/860/782 804/873/794 803/884/804 791/871/792
f 793/872/793 805/885/805 816/886/806 804/873/794
f 794/874/795 806/887/807 805/888/805 793/875/793
f 795/876/796 807/889/808 806/887/807 794/874/795
f 796/877/797 808/890/809 807/889/808 795/876/796
f 797/878/798 809/891/810 808/890/809 796/877/797
f 798/879/799 810/892/811 809/891/810 797/878/798
f 799/880/800 811/893/812 810/892/811 798/879/799
f 800/881/801 812/894/813 811/893/812 799/880/800
f 801/882/802 813/895/814 812/894/813 800/881/801
f 802/883/803 814/896/815 813/895/814 801/882/802
f 803/884/804 815/897/816 814/896/815 802/883/803
f 804/873/794 816/886/806 815/897/816 803/884/804
f 805/885/805 817/898/817 828/899/818 816/886/806
f 806/887/807 818/900/819 817/901/817 805/888/805
f 807/889/808 819/902/820 818/900/819 806/887/807
f 808/890/809 820/903/821 819/902/820 807/889/808
f 809/891/810 821/904/822 820/903/821 808/890/809
f 810/892/811 822/905/823 821/904/822 809/891/810
f 811/893/812 823/906/824 822/905/823 810/892/811
f 812/894/813 824/907/825 823/906/824 811/893/812
f 813/895/814 825/908/826 824/907/825 812/894/813
f 814/896/815 826/909/827 825/908/826 813/895/814
f 815/897/816 827/910/828 826/909/827 814/896/815
f 816/886/806 828/899/818 827/910/828 815/897/816
f 817/898/817 829/911/829 840/912/830 828/899/818
f 818/900/819 830/913/831 829/914/829 817/901/817
f 819/902/820 831/915/832 830/913/831 818/900/819
f 820/903/821 832/916/833 831/915/832 819/902/820
f 821/904/822 833/917/834 832/916/833 820/903/821
f 822/905/823 834/918/835 833/917/834 821/904/822
f 823/906/824 835/919/836 834/918/835 822/905/823
f 824/907/825 836/920/837 835/919/836 823/906/824
f 825/908/826 837/921/838 836/920/837 824/907/825
f 826/909/827 838/922/839 837/921/838 825/908/826
f 827/910/828 839/923/840 838/922/839 826/909/827
f 828/899/818 840/912/830 839/923/840 827/910/828
f 829/911/829 841/924/841 852/925/842 840/912/830
f 830/913/831 842/926/843 841/927/841 829/914/829
f 831/915/832 843/928/844 842/926/843 830/913/831
f 832/916/833 844/929/845 843/928/844 831/915/832
f 833/917/834 845/930/846 844/929/845 832/916/833
f 834/918/835 846/931/847 845/930/846 833/917/834
f 835/919/836 847/932/848 846/931/847 834/918/835
f 836/920/837 848/933/849 847/932/848 835/919/836
f 837/921/838 849/934/850 848/933/849 836/920/837
f 838/922/839 850/935/851 849/934/850 837/921/838
f 839/923/840 851/936/852 850/935/851 838/922/839
f 840/912/830 852/925/842 851/936/852 839/923/840
f 841/924/841 853/937/853 864/938/854 852/925/842
f 842/926/843 854/939/855 853/940/853 841/927/841
f 843/928/844 855/941/856 854/939/855 842/926/843
f 844/929/845 856/942/857 855/941/856 843/928/844
f 845/930/846 857/943/858 856/942/857 844/929/845
f 846/931/847 858/944/859 857/943/858 845/930/846
f 847/932/848 859/945/860 858/944/859 846/931/847
f 848/933/849 860/946/861 859/945/860 847/932/848
f 849/934/850 861/947/862 860/946/861 848/933/849
f 850/935/851 862/948/863 861/947/862 849/934/850
f 851/936/852 863/949/864 862/948/863 850/935/851
f 852/925/842 864/938/854 863/949/864 851/936/852
f 853/937/853 865/950/865 876/951/866 864/938/854
f 854/939/855 866/952/867 865/953/865 853/940/853
f 855/941/856 867/954/868 866/952/867 854/939/855
f 856/942/857 868/955/869 867/954/868 855/941/856
f 857/943/858 869/956/870 868/955/869 856/942/857
f 858/944/859 870/957/871 869/956/870 857/943/858
f 859/945/860 871/958/872 870/957/871 858/944/859
f 860/946/861 872/959/873 871/958/872 859/945/860
f 861/947/862 873/960/874 872/959/873 860/946/861
f 862/948/863 874/961/875 873/960/874 861/947/862
f 863/949/864 875/962/876 874/961/875 862/948/863
f 864/938/854 876/951/866 875/962/876 863/949/864
f 865/950/865 877/963/877 888/964/878 876/951/866
f 866/952/867 878/965/879 877/966/877 865/953/865
f 867/954/868 879/967/880 878/965/879 866/952/867
f 868/955/869 880/968/881 879/967/880 867/954/868
f 869/956/870 881/969/882 880/968/881 868/955/869
f 870/957/871 882/970/883 881/969/882 869/956/870
f 871/958/872 883/971/884 882/970/883 870/957/871
f 872/959/873 884/972/885 883/971/884 871/958/872
f 873/960/874 885/973/886 884/972/885 872/959/873
f 874/961/875 886/974/887 885/973/886 873/960/874
f 875/962/876 887/975/888 886/974/887 874/961/875
f 876/951/866 888/964/878 887/975/888 875/962/876
f 877/963/877 889/976/889 900/977/890 888/964/878
f 878/965/879 890/978/891 889/979/889 877/966/877
f 879/967/880 891/980/892 890/978/891 878/965/879
f 880/968/881 892/981/893 891/980/892 879/967/880
f 881/969/882 893/982/894 892/981/893 880/968/881
f 882/970/883 894/983/895 893/982/894 881/969/882
f 883/971/884 895/984/896 894/983/895 882/970/883
f 884/972/885 896/985/897 895/984/896 883/971/884
f 885/973/886 897/986/898 896/985/897 884/972/885
f 886/974/887 898/987/899 897/986/898 885/973/886
f 887/975/888 899/988/900 898/987/899 886/974/887
f 888/964/878 900/977/890 899/988/900 887/975/888
f 889/976/889 901/989/901 912/990/902 900/977/890
f 890/978/891 902/991/903 901/992/901 889/979/889
f 891/980/892 903/993/904 902/991/903 890/978/891
f 892/981/893 904/994/905 903/993/904 891/980/892
f 893/982/894 905/995/906 904/994/905 892/981/893
f 894/983/895 906/996/907 905/995/906 893/982/894
f 895/984/896 907/997/908 906/996/907 894/983/895
f 896/985/897 908/998/909 907/997/908 895/984/896
f 897/986/898 909/999/910 908/998/909 896/985/897
f 898/987/899 910/1000/911 909/999/910 897/986/898
f 899/988/900 911/1001/912 910/1000/911 898/987/899
f 900/977/890 912/990/902 911/1001/912 899/988/900
f 901/989/901 913/1002/913 924/1003/914 912/990/902
f 902/991/903 914/1004/915 913/1005/913 901/992/901
f 903/993/904 915/1006/916 914/1004/915 902/991/903
f 904/994/905 916/1007/917 915/1006/916 903/993/904
f 905/995/906 917/1008/918 916/1007/917 904/994/905
f 906/996/907 918/1009/919 917/1008/918 905/995/906
f 907/997/908 919/1010/920 918/1009/919 906/996/907
f 908/998/909 920/1011/921 919/1010/920 907/997/908
f 909/999/910 921/1012/922 920/1011/921 908/998/909
f 910/1000/911 922/1013/923 921/1012/922 909/999/910
f 911/1001/912 923/1014/924 922/1013/923 910/1000/911
f 912/990/902 924/1003/914 923/1014/924 911/1001/912
f 913/1002/913 925/1015/925 936/1016/926 924/1003/914
f 914/1004/915 926/1017/927 925/1018/925 913/1005/913
f 915/1006/916 927/1019/928 926/1017/927 914/1004/915
f 916/1007/917 928/1020/929 927/1019/928 915/1006/916
f 917/1008/918 929/1021/930 928/1020/929 916/1007/917
f 918/1009/919 930/1022/931 929/1021/930 917/1008/918
f 919/1010/920 931/1023/932 930/1022/931 918/1009/919
f 920/1011/921 932/1024/933 931/1023/932 919/1010/920
f 921/1012/922 933/1025/934 932/1024/933 920/1011/921
f 922/1013/923 934/1026/935 933/1025/934 921/1012/922
f 923/1014/924 935/1027/936 934/1026/935 922/1013/923
f 924/1003/914 936/1016/926 935/1027/936 923/1014/924
f 925/1015/925 937/1028/937 948/1029/938 936/1016/926
f 926/1017/927 938/1030/939 937/1031/937 925/1018/925
f 927/1019/928 939/1032/940 938/1030/939 926/1017/927
f 928/1020/929 940/1033/941 939/1032/940 927/1019/928
f 929/1021/930 941/1034/942 940/1033/941 928/1020/929
f 930/1022/931 942/1035/943 941/1034/942 929/1021/930
f 931/1023/932 943/1036/944 942/1035/943 930/1022/931
f 932/1024/933 944/1037/945 943/1036/944 931/1023/932
f 933/1025/934 945/1038/946 944/1037/945 932/1024/933
f 934/1026/935 946/1039/947 945/1038/946 933/1025/934
f 935/1027/936 947/1040/948 946/1039/947 934/1026/935
f 936/1016/926 948/1029/938 947/1040/948 935/1027/936
f 937/1028/937 949/1041/949 960/1042/950 948/1029/938
f 938/1030/939 950/1043/951 949/1044/949 937/1031/937
f 939/1032/940 951/1045/952 950/1043/951 938/1030/939
f 940/1033/941 952/1046/953 951/1045/952 939/1032/940
f 941/1034/942 953/1047/954 952/1046/953 940/1033/941
f 942/1035/943 954/1048/955 953/1047/954 941/1034/942
f 943/1036/944 955/1049/956 954/1048/955 942/1035/943
f 944/1037/945 956/1050/957 955/1049/956 943/1036/944
f 945/1038/946 957/1051/958 956/1050/957 944/1037/945
f 946/1039/947 958/1052/959 957/1051/958 945/1038/946
f 947/1040/948 959/1053/960 958/1052/959 946/1039/947
f 948/1029/938 960/1042/950 959/1053/960 947/1040/948
f 949/1041/949 961/1054/961 972/1055/962 960/1042/950
f 950/1043/951 962/1056/963 961/1057/961 949/1044/949
f 951/1045/952 963/1058/964 962/1056/963 950/1043/951
f 952/1046/953 964/1059/965 963/1058/964 951/1045/952
f 953/1047/954 965/1060/966 964/1059/965 952/1046/953
f 954/1048/955 966/1061/967 965/1060/966 953/1047/954
f 955/1049/956 967/1062/968 966/1061/967 954/1048/955
f 956/1050/957 968/1063/969 967/1062/968 955/1049/956
f 957/1051/958 969/1064/970 968/1063/969 956/1050/957
f 958/1052/959 970/1065/971 969/1064/970 957/1051/958
f 959/1053/960 971/1066/972 970/1065/971 958/1052/959
f 960/1042/950 972/1055/962 971/1066/972 959/1053/960
f 961/1054/961 973/1067/973 984/1068/974 972/1055/962
f 962/1056/963 974/1069/975 973/1070/973 961/1057/961
f 963/1058/964 975/1071/976 974/1069/975 962/1056/963
f 964/1059/965 976/1072/977 975/1071/976 963/1058/964
f 965/1060/966 977/1073/978 976/1072/977 964/1059/965
f 966/1061/967 978/1074/979 977/1073/978 965/1060/966
f 967/1062/968 979/1075/980 978/1074/979 966/1061/967
f 968/1063/969 980/1076/981 979/1075/980 967/1062/968
f 969/1064/970 981/1077/982 980/1076/981 968/1063/969
f 970/1065/971 982/1078/983 981/1077/982 969/1064/970
f 971/1066/972 983/1079/984 982/1078/983 970/1065/971
f 972/1055/962 984/1068/974 983/1079/984 971/1066/972
f 973/1067/973 985/1080/985 996/1081/986 984/1068/974
f 974/1069/975 986/1082/987 985/1083/985 973/1070/973
f 975/1071/976 987/1084/988 986/1082/987 974/1069/975
f 976/1072/977 988/1085/989 987/1084/988 975/1071/976
f 977/1073/978 989/1086/990 988/1085/989 976/1072/977
f 978/1074/979 990/1087/991 989/1086/990 977/1073/978
f 979/1075/980 991/1088/992 990/1087/991 978/1074/979
f 980/1076/981 992/1089/993 991/1088/992 979/1075/980
f 981/1077/982 993/1090/994 992/1089/993 980/1076/981
f 982/1078/983 994/1091/995 993/1090/994 981/1077/982
f 983/1079/984 995/1092/996 994/1091/995 982/1078/983
f 984/1068/974 996/1081/986 995/1092/996 983/1079/984
f 985/1080/985 997/1093/997 1008/1094/998 996/1081/986
f 986/1082/987 998/1095/999 997/1096/997 985/1083/985
f 987/1084/988 999/1097/1000 998/1095/999 986/1082/987
f 988/1085/989 1000/1098/1001 999/1097/1000 987/1084/988
f 989/1086/990 1001/1099/1002 1000/1098/1001 988/1085/989
f 990/1087/991 1002/1100/1003 1001/1099/1002 989/1086/990
f 991/1088/992 1003/1101/1004 1002/1100/1003 990/1087/991
f 992/1089/993 1004/1102/1005 1003/1101/1004 991/1088/992
f 993/1090/994 1005/1103/1006 1004/1102/1005 992/1089/993
f 994/1091/995 1006/1104/1007 1005/1103/1006 993/1090/994
f 995/1092/996 1007/1105/1008 1006/1104/1007 994/1091/995
f 996/1081/986 1008/1094/998 1007/1105/1008 995/1092/996
f 997/1093/997 1009/1106/1009 1020/1107/1010 1008/1094/998
f 998/1095/999 1010/1108/1011 1009/1109/1009 997/1096/997
f 999/1097/1000 1011/1110/1012 1010/1108/1011 998/1095/999
f 1000/1098/1001 1012/1111/1013 1011/1110/1012 999/1097/1000
f 1001/1099/1002 1013/1112/1014 1012/1111/1013 1000/1098/1001
f 1002/1100/1003 1014/1113/1015 1013/1112/1014 1001/1099/1002
f 1003/1101/1004 1015/1114/1016 1014/1113/1015 1002/1100/1003
f 1004/1102/1005 1016/1115/1017 1015/1114/1016 1003/1101/1004
f 1005/1103/1006 1017/1116/1018 1016/1115/1017 1004/1102/1005
f 1006/1104/1007 1018/1117/1019 1017/1116/1018 1005/1103/1006
f 1007/1105/1008 1019/1118/1020 1018/1117/1019 1006/1104/1007
f 1008/1094/998 1020/1107/1010 1019/1118/1020 1007/1105/1008
f 1021/1119/1021 1033/1120/1022 1044/1121/1023 1032/1122/1024
f 1022/1123/1025 1034/1124/1026 1033/1125/1022 1021/1126/1021
f 1023/1127/1027 1035/1128/1028 1034/1124/1026 1022/1123/1025
f 1024/1129/1029 1036/1130/1030 1035/1128/1028 1023/1127/1027
f 1025/1131/1031 1037/1132/1032 1036/1130/1030 1024/1129/1029
f 1026/1133/1033 1038/1134/1034 1037/1132/1032 1025/1131/1031
f 1027/1135/1035 1039/1136/1036 1038/1134/1034 1026/1133/1033
f 1028/1137/1037 1040/1138/1038 1039/1136/1036 1027/1135/1035
f 1029/1139/1039 1041/1140/1040 1040/1138/1038 1028/1137/1037
f 1030/1141/1041 1042/1142/1042 1041/1140/1040 1029/1139/1039
f 1031/1143/1043 1043/1144/1044 1042/1142/1042 1030/1141/1041
f 1032/1122/1024 1044/1121/1023 1043/1144/1044 1031/1143/1043
f 1033/1120/1022 1045/1145/1045 1056/1146/1046 1044/1121/1023
f 1034/1124/1026 1046/1147/1047 1045/1148/1045 1033/1125/1022
f 1035/1128/1028 1047/1149/1048 1046/1147/1047 1034/1124/1026
f 1036/1130/1030 1048/1150/1049 1047/1149/1048 1035/1128/1028
f 1037/1132/1032 1049/1151/1050 1048/1150/1049 1036/1130/1030
f 1038/1134/1034 1050/1152/1051 1049/1151/1050 1037/1132/1032
f 1039/1136/1036 1051/1153/1052 1050/1152/1051 1038/1134/1034
f 1040/1138/1038 1052/1154/1053 1051/1153/1052 1039/1136/1036
f 1041/1140/1040 1053/1155/1054 1052/1154/1053 1040/1138/1038
f 1042/1142/1042 1054/1156/1055 1053/1155/1054 1041/1140/1040
f 1043/1144/1044 1055/1157/1056 1054/1156/1055 1042/1142/1042
f 1044/1121/1023 1056/1146/1046 1055/1157/1056 1043/1144/1044
f 1045/1145/1045 1057/1158/1057 1068/1159/1058 1056/1146/1046
f 1046/1147/1047 1058/1160/1059 1057/1161/1057 1045/1148/1045
f 1047/1149/1048 1059/1162/1060 1058/1160/1059 1046/1147/1047
f 1048/1150/1049 1060/1163/1061 1059/1162/1060 1047/1149/1048
f 1049/1151/1050 1061/1164/1062 1060/1163/1061 1048/1150/1049
f 1050/1152/1051 1062/1165/1063 1061/1164/1062 1049/1151/1050
f 1051/1153/1052 1063/1166/1064 1062/1165/1063 1050/1152/1051
f 1052/1154/1053 1064/1167/1065 1063/1166/1064 1051/1153/1052
f 1053/1155/1054 1065/1168/1066 1064/1167/1065 1052/1154/1053
f 1054/1156/1055 1066/1169/1067 1065/1168/1066 1053/1155/1054
f 1055/1157/1056 1067/1170/1068 1066/1169/1067 1054/1156/1055
f 1056/1146/1046 1068/1159/1058 1067/1170/1068 1055/1157/1056
f 1057/1158/1057 1069/1171/1069 1080/1172/1070 1068/1159/1058
f 1058/1160/1059 1070/1173/1071 1069/1174/1069 1057/1161/1057
f 1059/1162/1060 1071/1175/1072 1070/1173/1071 1058/1160/1059
f 1060/1163/1061 1072/1176/1073 1071/1175/1072 1059/1162/1060
f 1061/1164/1062 1073/1177/1074 1072/1176/1073 1060/1163/1061
f 1062/1165/1063 1074/1178/1075 1073/1177/1074 1061/1164/1062
f 1063/1166/1064 1075/1179/1076 1074/1178/1075 1062/1165/1063
f 1064/1167/1065 1076/1180/1077 1075/1179/1076 1063/1166/1064
f 1065/1168/1066 1077/1181/1078 1076/1180/1077 1064/1167/1065
f 1066/1169/1067 1078/1182/1079 1077/1181/1078 1065/1168/1066
f 1067/1170/1068 1079/1183/1080 1078/1182/1079 1066/1169/1067
f 1068/1159/1058 1080/1172/1070 1079/1183/1080 1067/1170/1068
f 1069/1171/1069 1081/1184/1081 1092/1185/1082 1080/1172/1070
f 1070/1173/1071 1082/1186/1083 1081/1187/1081 1069/1174/1069
f 1071/1175/1072 1083/1188/1084 1082/1186/1083 1070/1173/1071
f 1072/1176/1073 1084/1189/1085 1083/1188/1084 1071/1175/1072
f 1073/1177/1074 1085/1190/1086 1084/1189/1085 1072/1176/1073
f 1074/1178/1075 1086/1191/1087 1085/1190/1086 1073/1177/1074
f 1075/1179/1076 1087/1192/1088 1086/1191/1087 1074/1178/1075
f 1076/1180/1077 1088/1193/1089 1087/1192/1088 1075/1179/1076
f 1077/1181/1078 1089/1194/1090 1088/1193/1089 1076/1180/1077
f 1078/1182/1079 1090/1195/1091 1089/1194/1090 1077/1181/1078
f 1079/1183/1080 1091/1196/1092 1090/1195/1091 1078/1182/1079
f 1080/1172/1070 1092/1185/1082 1091/1196/1092 1079/1183/1080
f 1081/1184/1081 1093/1197/1093 1104/1198/1094 1092/1185/1082
f 1082/1186/1083 1094/1199/1095 1093/1200/1093 1081/1187/1081
f 1083/1188/1084 1095/1201/1096 1094/1199/1095 1082/1186/1083
f 1084/1189/1085 1096/1202/1097 1095/1201/1096 1083/1188/1084
f 1085/1190/1086 1097/1203/1098 1096/1202/1097 1084/1189/1085
f 1086/1191/1087 1098/1204/1099 1097/1203/1098 1085/1190/1086
f 1087/1192/1088 1099/1205/1100 1098/1204/1099 1086/1191/1087
f 1088/1193/1089 1100/1206/1101 1099/1205/1100 1087/1192/1088
f 1089/1194/1090 1101/1207/1102 1100/1206/1101 1088/1193/1089
f 1090/1195/1091 1102/1208/1103 1101/1207/1102 1089/1194/1090
f 1091/1196/1092 1103/1209/1104 1102/1208/1103 1090/1195/1091
f 1092/1185/1082 1104/1198/1094 1103/1209/1104 1091/1196/1092
f 1093/1197/1093 1105/1210/1105 1116/1211/1106 1104/1198/1094
f 1094/1199/1095 1106/1212/1107 1105/1213/1105 1093/1200/1093
f 1095/1201/1096 1107/1214/1108 1106/1212/1107 1094/1199/1095
f 1096/1202/1097 1108/1215/1109 1107/1214/1108 1095/1201/1096
f 1097/1203/1098 1109/1216/1110 1108/1215/1109 1096/1202/1097
f 1098/1204/1099 1110/1217/1111 1109/1216/1110 1097/1203/1098
f 1099/1205/1100 1111/1218/1112 1110/1217/1111 1098/1204/1099
f 1100/1206/1101 1112/1219/1113 1111/1218/1112 1099/1205/1100
f 1101/1207/1102 1113/1220/1114 1112/1219/1113 1100/1206/1101
f 1102/1208/1103 1114/1221/1115 1113/1220/1114 1101/1207/1102
f 1103/1209/1104 1115/1222/1116 1114/1221/1115 1102/1208/1103
f 1104/1198/1094 1116/1211/1106 1115/1222/1116 1103/1209/1104
f 1105/1210/1105 1117/1223/1117 1128/1224/1118 1116/1211/1106
f 1106/1212/1107 1118/1225/1119 1117/1226/1117 1105/1213/1105
f 1107/1214/1108 1119/1227/1120 1118/1225/1119 1106/1212/1107
f 1108/1215/1109 1120/1228/1121 1119/1227/1120 1107/1214/1108
f 1109/1216/1110 1121/1229/1122 1120/1228/1121 1108/1215/1109
f 1110/1217/1111 1122/1230/1123 1121/1229/1122 1109/1216/1110
f 1111/1218/1112 1123/1231/1124 1122/1230/1123 1110/1217/1111
f 1112/1219/1113 1124/1232/1125 1123/1231/1124 1111/1218/1112
f 1113/1220/1114 1125/1233/1126 1124/1232/1125 1112/1219/1113
f 1114/1221/1115 1126/1234/1127 1125/1233/1126 1113/1220/1114
f 1115/1222/1116 1127/1235/1128 1126/1234/1127 1114/1221/1115
f 1116/1211/1106 1128/1224/1118 1127/1235/1128 1115/1222/1116
f 1117/1223/1117 1129/1236/1129 1140/1237/1130 1128/1224/1118
f 1118/1225/1119 1130/1238/1131 1129/1239/1129 1117/1226/1117
f 1119/1227/1120 1131/1240/1132 1130/1238/1131 1118/1225/1119
f 1120/1228/1121 1132/1241/1133 1131/1240/1132 1119/1227/1120
f 1121/1229/1122 1133/1242/1134 1132/1241/1133 1120/1228/1121
f 1122/1230/1123 1134/1243/1135 1133/1242/1134 1121/1229/1122
f 1123/1231/1124 1135/1244/1136 1134/1243/1135 1122/1230/1123
f 1124/1232/1125 1136/1245/1137 1135/1244/1136 1123/1231/1124
f 1125/1233/1126 1137/1246/1138 1136/1245/1137 1124/1232/1125
f 1126/1234/1127 1138/1247/1139 1137/1246/1138 1125/1233/1126
f 1127/1235/1128 1139/1248/1140 1138/1247/1139 1126/1234/1127
f 1128/1224/1118 1140/1237/1130 1139/1248/1140 1127/1235/1128
f 1129/1236/1129 1141/1249/1141 1152/1250/1142 1140/1237/1130
f 1130/1238/1131 1142/1251/1143 1141/1252/1141 1129/1239/1129
f 1131/1240/1132 1143/1253/1144 1142/1251/1143 1130/1238/1131
f 1132/1241/1133 1144/1254/1145 1143/1253/1144 1131/1240/1132
f 1133/1242/1134 1145/1255/1146 1144/1254/1145 1132/1241/1133
f 1134/1243/1135 1146/1256/1147 1145/1255/1146 1133/1242/1134
f 1135/1244/1136 1147/1257/1148 1146/1256/1147 1134/1243/1135
f 1136/1245/1137 1148/1258/1149 1147/1257/1148 1135/1244/1136
f 1137/1246/1138 1149/1259/1150 1148/1258/1149 1136/1245/1137
f 1138/1247/1139 1150/1260/1151 1149/1259/1150 1137/1246/1138
f 1139/1248/1140 1151/1261/1152 1150/1260/1151 1138/1247/1139
f 1140/1237/1130 1152/1250/1142 1151/1261/1152 1139/1248/1140
f 1141/1249/1141 1153/1262/1153 1164/1263/1154 1152/1250/1142
f 1142/1251/1143 1154/1264/1155 1153/1265/1153 1141/1252/1141
f 1143/1253/1144 1155/1266/1156 1154/1264/1155 1142/1251/1143
f 1144/1254/1145 1156/1267/1157 1155/1266/1156 1143/1253/1144
f 1145/1255/1146 1157/1268/1158 1156/1267/1157 1144/1254/1145
f 1146/1256/1147 1158/1269/1159 1157/1268/1158 1145/1255/1146
f 1147/1257/1148 1159/1270/1160 1158/1269/1159 1146/1256/1147
f 1148/1258/1149 1160/1271/1161 1159/1270/1160 1147/1257/1148
f 1149/1259/1150 1161/1272/1162 1160/1271/1161 1148/1258/1149
f 1150/1260/1151 1162/1273/1163 1161/1272/1162 1149/1259/1150
f 1151/1261/1152 1163/1274/1164 1162/1273/1163 1150/1260/1151
f 1152/1250/1142 1164/1263/1154 1163/1274/1164 1151/1261/1152
f 1153/1262/1153 1165/1275/1165 1176/1276/1166 1164/1263/1154
f 1154/1264/1155 1166/1277/1167 1165/1278/1165 1153/1265/1153
f 1155/1266/1156 1167/1279/1168 1166/1277/1167 1154/1264/1155
f 1156/1267/1157 1168/1280/1169 1167/1279/1168 1155/1266/1156
f 1157/1268/1158 1169/1281/1170 1168/1280/1169 1156/1267/1157
f 1158/1269/1159 1170/1282/1171 1169/1281/1170 1157/1268/1158
f 1159/1270/1160 1171/1283/1172 1170/1282/1171 1158/1269/1159
f 1160/1271/1161 1172/1284/1173 1171/1283/1172 1159/1270/1160
f 1161/1272/1162 1173/1285/1174 1172/1284/1173 1160/1271/1161
f 1162/1273/1163 1174/1286/1175 1173/1285/1174 1161/1272/1162
f 1163/1274/1164 1175/1287/1176 1174/1286/1175 1162/1273/1163
f 1164/1263/1154 1176/1276/1166 1175/1287/1176 1163/1274/1164
f 1165/1275/1165 1177/1288/1177 1188/1289/1178 1176/1276/1166
f 1166/1277/1167 1178/1290/1179 1177/1291/1177 1165/1278/1165
f 1167/1279/1168 1179/1292/1180 1178/1290/1179 1166/1277/1167
f 1168/1280/1169 1180/1293/1181 1179/1292/1180 1167/1279/1168
f 1169/1281/1170 1181/1294/1182 1180/1293/1181 1168/1280/1169
f 1170/1282/1171 1182/1295/1183 1181/1294/1182 1169/1281/1170
f 1171/1283/1172 1183/1296/1184 1182/1295/1183 1170/1282/1171
f 1172/1284/1173 1184/1297/1185 1183/1296/1184 1171/1283/1172
f 1173/1285/1174 1185/1298/1186 1184/1297/1185 1172/1284/1173
f 1174/1286/1175 1186/1299/1187 1185/1298/1186 1173/1285/1174
f 1175/1287/1176 1187/1300/1188 1186/1299/1187 1174/1286/1175
f 1176/1276/1166 1188/1289/1178 1187/1300/1188 1175/1287/1176
f 1177/1288/1177 1189/1301/1189 1200/1302/1190 1188/1289/1178
f 1178/1290/1179 1190/1303/1191 1189/1304/1189 1177/1291/1177
f 1179/1292/1180 1191/1305/1192 1190/1303/1191 1178/1290/1179
f 1180/1293/1181 1192/1306/1193 1191/1305/1192 1179/1292/1180
f 1181/1294/1182 1193/1307/1194 1192/1306/1193 1180/1293/1181
f 1182/1295/1183 1194/1308/1195 1193/1307/1194 1181/1294/1182
f 1183/1296/1184 1195/1309/1196 1194/1308/1195 1182/1295/1183
f 1184/1297/1185 1196/1310/1197 1195/1309/1196 1183/1296/1184
f 1185/1298/1186 1197/1311/1198 1196/1310/1197 1184/1297/1185
f 1186/1299/1187 1198/1312/1199 1197/1311/1198 1185/1298/1186
f 1187/1300/1188 1199/1313/1200 1198/1312/1199 1186/1299/1187
f 1188/1289/1178 1200/1302/1190 1199/1313/1200 1187/1300/1188
f 1189/1301/1189 1201/1314/1201 1212/1315/1202 1200/1302/1190
f 1190/1303/1191 1202/1316/1203 1201/1317/1201 1189/1304/1189
f 1191/1305/1192 1203/1318/1204 1202/1316/1203 1190/1303/1191
f 1192/1306/1193 1204/1319/1205 1203/1318/1204 1191/1305/1192
f 1193/1307/1194 1205/1320/1206 1204/1319/1205 1192/1306/1193
f 1194/1308/1195 1206/1321/1207 1205/1320/1206 1193/1307/1194
f 1195/1309/1196 1207/1322/1208 1206/1321/1207 1194/1308/1195
f 1196/1310/1197 1208/1323/1209 1207/1322/1208 1195/1309/1196
f 1197/1311/1198 1209/1324/1210 1208/1323/1209 1196/1310/1197
f 1198/1312/1199 1210/1325/1211 1209/1324/1210 1197/1311/1198
f 1199/1313/1200 1211/1326/1212 1210/1325/1211 1198/1312/1199
f 1200/1302/1190 1212/1315/1202 1211/1326/1212 1199/1313/1200
f 1201/1314/1201 1213/1327/1213 1224/1328/1214 1212/1315/1202
f 1202/1316/1203 1214/1329/1215 1213/1330/1213 1201/1317/1201
f 1203/1318/1204 1215/1331/1216 1214/1329/1215 1202/1316/1203
f 1204/1319/1205 1216/1332/1217 1215/1331/1216 1203/1318/1204
f 1205/1320/1206 1217/1333/1218 1216/1332/1217 1204/1319/1205
f 1206/1321/1207 1218/1334/1219 1217/1333/1218 1205/1320/1206
f 1207/1322/1208 1219/1335/1220 1218/1334/1219 1206/1321/1207
f 1208/1323/1209 1220/1336/1221 1219/1335/1220 1207/1322/1208
f 1209/1324/1210 1221/1337/1222 1220/1336/1221 1208/1323/1209
f 1210/1325/1211 1222/1338/1223 1221/1337/1222 1209/1324/1210
f 1211/1326/1212 1223/1339/1224 1222/1338/1223 1210/1325/1211
f 1212/1315/1202 1224/1328/1214 1223/1339/1224 1211/1326/1212
f 1213/1327/1213 1225/1340/1225 1236/1341/1226 1224/1328/1214
f 1214/1329/1215 1226/1342/1227 1225/1343/1225 1213/1330/1213
f 1215/1331/1216 1227/1344/1228 1226/1342/1227 1214/1329/1215
f 1216/1332/1217 1228/1345/1229 1227/1344/1228 1215/1331/1216
f 1217/1333/1218 1229/1346/1230 1228/1345/1229 1216/1332/1217
f 1218/1334/1219 1230/1347/1231 1229/1346/1230 1217/1333/1218
f 1219/1335/1220 1231/1348/1232 1230/1347/1231 1218/1334/1219
f 1220/1336/1221 1232/1349/1233 1231/1348/1232 1219/1335/1220
f 1221/1337/1222 1233/1350/1234 1232/1349/1233 1220/1336/1221
f 1222/1338/1223 1234/1351/1235 1233/1350/1234 1221/1337/1222
f 1223/1339/1224 1235/1352/1236 1234/1351/1235 1222/1338/1223
f 1224/1328/1214 1236/1341/1226 1235/1352/1236 1223/1339/1224
f 1225/1340/1225 1237/1353/1237 1248/1354/1238 1236/1341/1226
f 1226/1342/1227 1238/1355/1239 1237/1356/1237 1225/1343/1225
f 1227/1344/1228 1239/1357/1240 1238/1355/1239 1226/1342/1227
f 1228/1345/1229 1240/1358/1241 1239/1357/1240 1227/1344/1228
f 1229/1346/1230 1241/1359/1242 1240/1358/1241 1228/1345/1229
f 1230/1347/1231 1242/1360/1243 1241/1359/1242 1229/1346/1230
f 1231/1348/1232 1243/1361/1244 1242/1360/1243 1230/1347/1231
f 1232/1349/1233 1244/1362/1245 1243/1361/1244 1231/1348/1232
f 1233/1350/1234 1245/1363/1246 1244/1362/1245 1232/1349/1233
f 1234/1351/1235 1246/1364/1247 1245/1363/1246 1233/1350/1234
f 1235/1352/1236 1247/1365/1248 1246/1364/1247 1234/1351/1235
f 1236/1341/1226 1248/1354/1238 1247/1365/1248 1235/1352/1236
f 1237/1353/1237 1249/1366/1249 1260/1367/1250 1248/1354/1238
f 1238/1355/1239 1250/1368/1251 1249/1369/1249 1237/1356/1237
f 1239/1357/1240 1251/1370/1252 1250/1368/1251 1238/1355/1239
f 1240/1358/1241 1252/1371/1253 1251/1370/1252 1239/1357/1240
f 1241/1359/1242 1253/1372/1254 1252/1371/1253 1240/1358/1241
f 1242/1360/1243 1254/1373/1255 1253/1372/1254 1241/1359/1242
f 1243/1361/1244 1255/1374/1256 1254/1373/1255 1242/1360/1243
f 1244/1362/1245 1256/1375/1257 1255/1374/1256 1243/1361/1244
f 1245/1363/1246 1257/1376/1258 1256/1375/1257 1244/1362/1245
f 1246/1364/1247 1258/1377/1259 1257/1376/1258 1245/1363/1246
f 1247/1365/1248 1259/1378/1260 1258/1377/1259 1246/1364/1247
f 1248/1354/1238 1260/1367/1250 1259/1378/1260 1247/1365/1248
f 1249/1366/1249 1261/1379/1261 1272/1380/1262 1260/1367/1250
f 1250/1368/1251 1262/1381/1263 1261/1382/1261 1249/1369/1249
f 1251/1370/1252 1263/1383/1264 1262/1381/1263 1250/1368/1251
f 1252/1371/1253 1264/1384/1265 1263/1383/1264 1251/1370/1252
f 1253/1372/1254 1265/1385/1266 1264/1384/1265 1252/1371/1253
f 1254/1373/1255 1266/1386/1267 1265/1385/1266 1253/1372/1254
f 1255/1374/1256 1267/1387/1268 1266/1386/1267 1254/1373/1255
f 1256/1375/1257 1268/1388/1269 1267/1387/1268 1255/1374/1256
f 1257/1376/1258 1269/1389/1270 1268/1388/1269 1256/1375/1257
f 1258/1377/1259 1270/1390/1271 1269/1389/1270 1257/1376/1258
f 1259/1378/1260 1271/1391/1272 1270/1390/1271 1258/1377/1259
f 1260/1367/1250 1272/1380/1262 1271/1391/1272 1259/1378/1260
f 1261/1379/1261 1273/1392/1273 1284/1393/1274 1272/1380/1262
f 1262/1381/1263 1274/1394/1275 1273/1395/1273 1261/1382/1261
f 1263/1383/1264 1275/1396/1276 1274/1394/1275 1262/1381/1263
f 1264/1384/1265 1276/1397/1277 1275/1396/1276 1263/1383/1264
f 1265/1385/1266 1277/1398/1278 1276/1397/1277 1264/1384/1265
f 1266/1386/1267 1278/1399/1279 1277/1398/1278 1265/1385/1266
f 1267/1387/1268 1279/1400/1280 1278/1399/1279 1266/1386/1267
f 1268/1388/1269 1280/1401/1281 1279/1400/1280 1267/1387/1268
f 1269/1389/1270 1281/1402/1282 1280/1401/1281 1268/1388/1269
f 1270/1390/1271 1282/1403/1283 1281/1402/1282 1269/1389/1270
f 1271/1391/1272 1283/1404/1284 1282/1403/1283 1270/1390/1271
f 1272/1380/1262 1284/1393/1274 1283/1404/1284 1271/1391/1272
f 1273/1392/1273 1285/1405/1285 1296/1406/1286 1284/1393/1274
f 1274/1394/1275 1286/1407/1287 1285/1408/1285 1273/1395/1273
f 1275/1396/1276 1287/1409/1288 1286/1407/1287 1274/1394/1275
f 1276/1397/1277 1288/1410/1289 1287/1409/1288 1275/1396/1276
f 1277/1398/1278 1289/1411/1290 1288/1410/1289 1276/1397/1277
f 1278/1399/1279 1290/1412/1291 1289/1411/1290 1277/1398/1278
f 1279/1400/1280 1291/1413/1292 1290/1412/1291 1278/1399/1279
f 1280/1401/1281 1292/1414/1293 1291/1413/1292 1279/1400/1280
f 1281/1402/1282 1293/1415/1294 1292/1414/1293 1280/1401/1281
f 1282/1403/1283 1294/1416/1295 1293/1415/1294 1281/1402/1282
f 1283/1404/1284 1295/1417/1296 1294/1416/1295 1282/1403/1283
f 1284/1393/1274 1296/1406/1286 1295/1417/1296 1283/1404/1284
f 1285/1405/1285 1297/1418/1297 1308/1419/1298 1296/1406/1286
f 1286/1407/1287 1298/1420/1299 1297/1421/1297 1285/1408/1285
f 1287/1409/1288 1299/1422/1300 1298/1420/1299 1286/1407/1287
f 1288/1410/1289 1300/1423/1301 1299/1422/1300 1287/1409/1288
f 1289/1411/1290 1301/1424/1302 1300/1423/1301 1288/1410/1289
f 1290/1412/1291 1302/1425/1303 1301/1424/1302 1289/1411/1290
f 1291/1413/1292 1303/1426/1304 1302/1425/1303 1290/1412/1291
f 1292/1414/1293 1304/1427/1305 1303/1426/1304 1291/1413/1292
f 1293/1415/1294 1305/1428/1306 1304/1427/1305 1292/1414/1293
f 1294/1416/1295 1306/1429/1307 1305/1428/1306 1293/1415/1294
f 1295/1417/1296 1307/1430/1308 1306/1429/1307 1294/1416/1295
f 1296/1406/1286 1308/1419/1298 1307/1430/1308 1295/1417/1296
f 1297/1418/1297 1309/1431/1309 1320/1432/1310 1308/1419/1298
f 1298/1420/1299 1310/1433/1311 1309/1434/1309 1297/1421/1297
f 1299/1422/1300 1311/1435/1312 1310/1433/1311 1298/1420/1299
f 1300/1423/1301 1312/1436/1313 1311/1435/1312 1299/1422/1300
f 1301/1424/1302 1313/1437/1314 1312/1436/1313 1300/1423/1301
f 1302/1425/1303 1314/1438/1315 1313/1437/1314 1301/1424/1302
f 1303/1426/1304 1315/1439/1316 1314/1438/1315 1302/1425/1303
f 1304/1427/1305 1316/1440/1317 1315/1439/1316 1303/1426/1304
f 1305/1428/1306 1317/1441/1318 1316/1440/1317 1304/1427/1305
f 1306/1429/1307 1318/1442/1319 1317/1441/1318 1305/1428/1306
f 1307/1430/1308 1319/1443/1320 1318/1442/1319 1306/1429/1307
f 1308/1419/1298 1320/1432/1310 1319/1443/1320 1307/1430/1308
f 1309/1431/1309 1321/1444/1321 1332/1445/1322 1320/1432/1310
f 1310/1433/1311 1322/1446/1323 1321/1447/1321 1309/1434/1309
f 1311/1435/1312 1323/1448/1324 1322/1446/1323 1310/1433/1311
f 1312/1436/1313 1324/1449/1325 1323/1448/1324 1311/1435/1312
f 1313/1437/1314 1325/1450/1326 1324/1449/1325 1312/1436/1313
f 1314/1438/1315 1326/1451/1327 1325/1450/1326 1313/1437/1314
f 1315/1439/1316 1327/1452/1328 1326/1451/1327 1314/1438/1315
f 1316/1440/1317 1328/1453/1329 1327/1452/1328 1315/1439/1316
f 1317/1441/1318 1329/1454/1330 1328/1453/1329 1316/1440/1317
f 1318/1442/1319 1330/1455/1331 1329/1454/1330 1317/1441/1318
f 1319/1443/1320 1331/1456/1332 1330/1455/1331 1318/1442/1319
f 1320/1432/1310 1332/1445/1322 1331/1456/1332 1319/1443/1320
f 1321/1444/1321 1333/1457/1333 1344/1458/1334 1332/1445/1322
f 1322/1446/1323 1334/1459/1335 1333/1460/1333 1321/1447/1321
f 1323/1448/1324 1335/1461/1336 1334/1459/1335 1322/1446/1323
f 1324/1449/1325 1336/1462/1337 1335/1461/1336 1323/1448/1324
f 1325/1450/1326 1337/1463/1338 1336/1462/1337 1324/1449/1325
f 1326/1451/1327 1338/1464/1339 1337/1463/1338 1325/1450/1326
f 1327/1452/1328 1339/1465/1340 1338/1464/1339 1326/1451/1327
f 1328/1453/1329 1340/1466/1341 1339/1465/1340 1327/1452/1328
f 1329/1454/1330 1341/1467/1342 1340/1466/1341 1328/1453/1329
f 1330/1455/1331 1342/1468/1343 1341/1467/1342 1329/1454/1330
f 1331/1456/1332 1343/1469/1344 1342/1468/1343 1330/1455/1331
f 1332/1445/1322 1344/1458/1334 1343/1469/1344 1331/1456/1332
f 1333/1457/1333 1345/1470/1345 1356/1471/1346 1344/1458/1334
f 1334/1459/1335 1346/1472/1347 1345/1473/1345 1333/1460/1333
f 1335/1461/1336 1347/1474/1348 1346/1472/1347 1334/1459/1335
f 1336/1462/1337 1348/1475/1349 1347/1474/1348 1335/1461/1336
f 1337/1463/1338 1349/1476/1350 1348/1475/1349 1336/1462/1337
f 1338/1464/1339 1350/1477/1351 1349/1476/1350 1337/1463/1338
f 1339/1465/1340 1351/1478/1352 1350/1477/1351 1338/1464/1339
f 1340/1466/1341 1352/1479/1353 1351/1478/1352 1339/1465/1340
f 1341/1467/1342 1353/1480/1354 1352/1479/1353 1340/1466/1341
f 1342/1468/1343 1354/1481/1355 1353/1480/1354 1341/1467/1342
f 1343/1469/1344 1355/1482/1356 1354/1481/1355 1342/1468/1343
f 1344/1458/1334 1356/1471/1346 1355/1482/1356 1343/1469/1344
f 1345/1470/1345 1357/1483/1357 1368/1484/1358 1356/1471/1346
f 1346/1472/1347 1358/1485/1359 1357/1486/1357 1345/1473/1345
f 1347/1474/1348 1359/1487/1360 1358/1485/1359 1346/1472/1347
f 1348/1475/1349 1360/1488/1361 1359/1487/1360 1347/1474/1348
f 1349/1476/1350 1361/1489/1362 1360/1488/1361 1348/1475/1349
f 1350/1477/1351 1362/1490/1363 1361/1489/1362 1349/1476/1350
f 1351/1478/1352 1363/1491/1364 1362/1490/1363 1350/1477/1351
f 1352/1479/1353 1364/1492/1365 1363/1491/1364 1351/1478/1352
f 1353/1480/1354 1365/1493/1366 1364/1492/1365 1352/1479/1353
f 1354/1481/1355 1366/1494/1367 1365/1493/1366 1353/1480/1354
f 1355/1482/1356 1367/1495/1368 1366/1494/1367 1354/1481/1355
f 1356/1471/1346 1368/1484/1358 1367/1495/1368 1355/1482/1356
f 1357/1483/1357 1369/1496/1369 1380/1497/1370 1368/1484/1358
f 1358/1485/1359 1370/1498/1371 1369/1499/1369 1357/1486/1357
f 1359/1487/1360 1371/1500/1372 1370/1498/1371 1358/1485/1359
f 1360/1488/1361 1372/1501/1373 1371/1500/1372 1359/1487/1360
f 1361/1489/1362 1373/1502/1374 1372/1501/1373 1360/1488/1361
f 1362/1490/1363 1374/1503/1375 1373/1502/1374 1361/1489/1362
f 1363/1491/1364 1375/1504/1376 1374/1503/1375 1362/1490/1363
f 1364/1492/1365 1376/1505/1377 1375/1504/1376 1363/1491/1364
f 1365/1493/1366 1377/1506/1378 1376/1505/1377 1364/1492/1365
f 1366/1494/1367 1378/1507/1379 1377/1506/1378 1365/1493/1366
f 1367/1495/1368 1379/1508/1380 1378/1507/1379 1366/1494/1367
f 1368/1484/1358 1380/1497/1370 1379/1508/1380 1367/1495/1368
f 1369/1496/1369 1381/1509/1381 1392/1510/1382 1380/1497/1370
f 1370/1498/1371 1382/1511/1383 1381/1512/1381 1369/1499/1369
f 1371/1500/1372 1383/1513/1384 1382/1511/1383 1370/1498/1371
f 1372/1501/1373 1384/1514/1385 1383/1513/1384 1371/1500/1372
f 1373/1502/1374 1385/1515/1386 1384/1514/1385 1372/1501/1373
f 1374/1503/1375 1386/1516/1387 1385/1515/1386 1373/1502/1374
f 1375/1504/1376 1387/1517/1388 1386/1516/1387 1374/1503/1375
f 1376/1505/1377 1388/1518/1389 1387/1517/1388 1375/1504/1376
f 1377/1506/1378 1389/1519/1390 1388/1518/1389 1376/1505/1377
f 1378/1507/1379 1390/1520/1391 1389/1519/1390 1377/1506/1378
f 1379/1508/1380 1391/1521/1392 1390/1520/1391 1378/1507/1379
f 1380/1497/1370 1392/1510/1382 1391/1521/1392 1379/1508/1380
f 1381/1509/1381 1393/1522/1393 1404/1523/1394 1392/1510/1382
f 1382/1511/1383 1394/1524/1395 1393/1525/1393 1381/1512/1381
f 1383/1513/1384 1395/1526/1396 1394/1524/1395 1382/1511/1383
f 1384/1514/1385 1396/1527/1397 1395/1526/1396 1383/1513/1384
f 1385/1515/1386 1397/1528/1398 1396/1527/1397 1384/1514/1385
f 1386/1516/1387 1398/1529/1399 1397/1528/1398 1385/1515/1386
f 1387/1517/1388 1399/1530/1400 1398/1529/1399 1386/1516/1387
f 1388/1518/1389 1400/1531/1401 1399/1530/1400 1387/1517/1388
f 1389/1519/1390 1401/1532/1402 1400/1531/1401 1388/1518/1389
f 1390/1520/1391 1402/1533/1403 1401/1532/1402 1389/1519/1390
f 1391/1521/1392 1403/1534/1404 1402/1533/1403 1390/1520/1391
f 1392/1510/1382 1404/1523/1394 1403/1534/1404 1391/1521/1392
f 1393/1522/1393 1405/1535/1405 1416/1536/1406 1404/1523/1394
f 1394/1524/1395 1406/1537/1407 1405/1538/1405 1393/1525/1393
f 1395/1526/1396 1407/1539/1408 1406/1537/1407 1394/1524/1395
f 1396/1527/1397 1408/1540/1409 1407/1539/1408 1395/1526/1396
f 1397/1528/1398 1409/1541/1410 1408/1540/1409 1396/1527/1397
f 1398/1529/1399 1410/1542/1411 1409/1541/1410 1397/1528/1398
f 1399/1530/1400 1411/1543/1412 1410/1542/1411 1398/1529/1399
f 1400/1531/1401 1412/1544/1413 1411/1543/1412 1399/1530/1400
f 1401/1532/1402 1413/1545/1414 1412/1544/1413 1400/1531/1401
f 1402/1533/1403 1414/1546/1415 1413/1545/1414 1401/1532/1402
f 1403/1534/1404 1415/1547/1416 1414/1546/1415 1402/1533/1403
f 1404/1523/1394 1416/1536/1406 1415/1547/1416 1403/1534/1404
f 1405/1535/1405 1417/1548/1417 1428/1549/1418 1416/1536/1406
f 1406/1537/1407 1418/1550/1419 1417/1551/1417 1405/1538/1405
f 1407/1539/1408 1419/1552/1420 1418/1550/1419 1406/1537/1407
f 1408/1540/1409 1420/1553/1421 1419/1552/1420 1407/1539/1408
f 1409/1541/1410 1421/1554/1422 1420/1553/1421 1408/1540/1409
f 1410/1542/1411 1422/1555/1423 1421/1554/1422 1409/1541/1410
f 1411/1543/1412 1423/1556/1424 1422/1555/1423 1410/1542/1411
f 1412/1544/1413 1424/1557/1425 1423/1556/1424 1411/1543/1412
f 1413/1545/1414 1425/1558/1426 1424/1557/1425 1412/1544/1413
f 1414/1546/1415 1426/1559/1427 1425/1558/1426 1413/1545/1414
f 1415/1547/1416 1427/1560/1428 1426/1559/1427 1414/1546/1415
f 1416/1536/1406 1428/1549/1418 1427/1560/1428 1415/1547/1416
f 1417/1548/1417 1429/1561/1429 1440/1562/1430 1428/1549/1418
f 1418/1550/1419 1430/1563/1431 1429/1564/1429 1417/1551/1417
f 1419/1552/1420 1431/1565/1432 1430/1563/1431 1418/1550/1419
f 1420/1553/1421 1432/1566/1433 1431/1565/1432 1419/1552/1420
f 1421/1554/1422 1433/1567/1434 1432/1566/1433 1420/1553/1421
f 1422/1555/1423 1434/1568/1435 1433/1567/1434 1421/1554/1422
f 1423/1556/1424 1435/1569/1436 1434/1568/1435 1422/1555/1423
f 1424/1557/1425 1436/1570/1437 1435/1569/1436 1423/1556/1424
f 1425/1558/1426 1437/1571/1438 1436/1570/1437 1424/1557/1425
f 1426/1559/1427 1438/1572/1439 1437/1571/1438 1425/1558/1426
f 1427/1560/1428 1439/1573/1440 1438/1572/1439 1426/1559/1427
f 1428/1549/1418 1440/1562/1430 1439/1573/1440 1427/1560/1428
f 1429/1561/1429 1441/1574/1441 1452/1575/1442 1440/1562/1430
f 1430/1563/1431 1442/1576/1443 1441/1577/1441 1429/1564/1429
f 1431/1565/1432 1443/1578/1444 1442/1576/1443 1430/1563/1431
f 1432/1566/1433 1444/1579/1445 1443/1578/1444 1431/1565/1432
f 1433/1567/1434 1445/1580/1446 1444/1579/1445 1432/1566/1433
f 1434/1568/1435 1446/1581/1447 1445/1580/1446 1433/1567/1434
f 1435/1569/1436 1447/1582/1448 1446/1581/1447 1434/1568/1435
f 1436/1570/1437 1448/1583/1449 1447/1582/1448 1435/1569/1436
f 1437/1571/1438 1449/1584/1450 1448/1583/1449 1436/1570/1437
f 1438/1572/1439 1450/1585/1451 1449/1584/1450 1437/1571/1438
f 1439/1573/1440 1451/1586/1452 1450/1585/1451 1438/1572/1439
f 1440/1562/1430 1452/1575/1442 1451/1586/1452 1439/1573/1440
f 1441/1574/1441 1453/1587/1453 1464/1588/1454 1452/1575/1442
f 1442/1576/1443 1454/1589/1455 1453/1590/1453 1441/1577/1441
f 1443/1578/1444 1455/1591/1456 1454/1589/1455 1442/1576/1443
f 1444/1579/1445 1456/1592/1457 1455/1591/1456 1443/1578/1444
f 1445/1580/1446 1457/1593/1458 1456/1592/1457 1444/1579/1445
f 1446/1581/1447 1458/1594/1459 1457/1593/1458 1445/1580/1446
f 1447/1582/1448 1459/1595/1460 1458/1594/1459 1446/1581/1447
f 1448/1583/1449 1460/1596/1461 1459/1595/1460 1447/1582/1448
f 1449/1584/1450 1461/1597/1462 1460/1596/1461 1448/1583/1449
f 1450/1585/1451 1462/1598/1463 1461/1597/1462 1449/1584/1450
f 1451/1586/1452 1463/1599/1464 1462/1598/1463 1450/1585/1451
f 1452/1575/1442 1464/1588/1454 1463/1599/1464 1451/1586/1452
f 1465/1600/1465 1477/1601/1466 1488/1602/1467 1476/1603/1468
f 1466/1604/1469 1478/1605/1470 1477/1606/1466 1465/1607/1465
f 1467/1608/1471 1479/1609/1472 1478/1605/1470 1466/1604/1469
f 1468/1610/1473 1480/1611/1474 1479/1609/1472 1467/1608/1471
f 1469/1612/1475 1481/1613/1476 1480/1611/1474 1468/1610/1473
f 1470/1614/1477 1482/1615/1478 1481/1613/1476 1469/1612/1475
f 1471/1616/1479 1483/1617/1480 1482/1615/1478 1470/1614/1477
f 1472/1618/1481 1484/1619/1482 1483/1617/1480 1471/1616/1479
f 1473/1620/1483 1485/1621/1484 1484/1619/1482 1472/1618/1481
f 1474/1622/1485 1486/1623/1486 1485/1621/1484 1473/1620/1483
f 1475/1624/1487 1487/1625/1488 1486/1623/1486 1474/1622/1485
f 1476/1603/1468 1488/1602/1467 1487/1625/1488 1475/1624/1487
f 1477/1601/1466 1489/1626/1489 1500/1627/1490 1488/1602/1467
f 1478/1605/1470 1490/1628/1491 1489/1629/1489 1477/1606/1466
f 1479/1609/1472 1491/1630/1492 1490/1628/1491 1478/1605/1470
f 1480/1611/1474 1492/1631/1493 1491/1630/1492 1479/1609/1472
f 1481/1613/1476 1493/1632/1494 1492/1631/1493 1480/1611/1474
f 1482/1615/1478 1494/1633/1495 1493/1632/1494 1481/1613/1476
f 1483/1617/1480 1495/1634/1496 1494/1633/1495 1482/1615/1478
f 1484/1619/1482 1496/1635/1497 1495/1634/1496 1483/1617/1480
f 1485/1621/1484 1497/1636/1498 1496/1635/1497 1484/1619/1482
f 1486/1623/1486 1498/1637/1499 1497/1636/1498 1485/1621/1484
f 1487/1625/1488 1499/1638/1500 1498/1637/1499 1486/1623/1486
f 1488/1602/1467 1500/1627/1490 1499/1638/1500 1487/1625/1488
f 1489/1626/1489 1501/1639/1501 1512/1640/1502 1500/1627/1490
f 1490/1628/1491 1502/1641/1503 1501/1642/1501 1489/1629/1489
f 1491/1630/1492 1503/1643/1504 1502/1641/1503 1490/1628/1491
f 1492/1631/1493 1504/1644/1505 1503/1643/1504 1491/1630/1492
f 1493/1632/1494 1505/1645/1506 1504/1644/1505 1492/1631/1493
f 1494/1633/1495 1506/1646/1507 1505/1645/1506 1493/1632/1494
f 1495/1634/1496 1507/1647/1508 1506/1646/1507 1494/1633/1495
f 1496/1635/1497 1508/1648/1509 1507/1647/1508 1495/1634/1496
f 1497/1636/1498 1509/1649/1510 1508/1648/1509 1496/1635/1497
f 1498/1637/1499 1510/1650/1511 1509/1649/1510 1497/1636/1498
f 1499/1638/1500 1511/1651/1512 1510/1650/1511 1498/1637/1499
f 1500/1627/1490 1512/1640/1502 1511/1651/1512 1499/1638/1500
f 1501/1639/1501 1513/1652/1513 1524/1653/1514 1512/1640/1502
f 1502/1641/1503 1514/1654/1515 1513/1655/1513 1501/1642/1501
f 1503/1643/1504 1515/1656/1516 1514/1654/1515 1502/1641/1503
f 1504/1644/1505 1516/1657/1517 1515/1656/1516 1503/1643/1504
f 1505/1645/1506 1517/1658/1518 1516/1657/1517 1504/1644/1505
f 1506/1646/1507 1518/1659/1519 1517/1658/1518 1505/1645/1506
f 1507/1647/1508 1519/1660/1520 1518/1659/1519 1506/1646/1507
f 1508/1648/1509 1520/1661/1521 1519/1660/1520 1507/1647/1508
f 1509/1649/1510 1521/1662/1522 1520/1661/1521 1508/1648/1509
f 1510/1650/1511 1522/1663/1523 1521/1662/1522 1509/1649/1510
f 1511/1651/1512 1523/1664/1524 1522/1663/1523 1510/1650/1511
f 1512/1640/1502 1524/1653/1514 1523/1664/1524 1511/1651/1512
f 1513/1652/1513 1525/1665/1525 1536/1666/1526 1524/1653/1514
f 1514/1654/1515 1526/1667/1527 1525/1668/1525 1513/1655/1513
f 1515/1656/1516 1527/1669/1528 1526/1667/1527 1514/1654/1515
f 1516/1657/1517 1528/1670/1529 1527/1669/1528 1515/1656/1516
f 1517/1658/1518 1529/1671/1530 1528/1670/1529 1516/1657/1517
f 1518/1659/1519 1530/1672/1531 1529/1671/1530 1517/1658/1518
f 1519/1660/1520 1531/1673/1532 1530/1672/1531 1518/1659/1519
f 1520/1661/1521 1532/1674/1533 1531/1673/1532 1519/1660/1520
f 1521/1662/1522 1533/1675/1534 1532/1674/1533 1520/1661/1521
f 1522/1663/1523 1534/1676/1535 1533/1675/1534 1521/1662/1522
f 1523/1664/1524 1535/1677/1536 1534/1676/1535 1522/1663/1523
f 1524/1653/1514 1536/1666/1526 1535/1677/1536 1523/1664/1524
f 1525/1665/1525 1537/1678/1537 1548/1679/1538 1536/1666/1526
f 1526/1667/1527 1538/1680/1539 1537/1681/1537 1525/1668/1525
f 1527/1669/1528 1539/1682/1540 1538/1680/1539 1526/1667/1527
f 1528/1670/1529 1540/1683/1541 1539/1682/1540 1527/1669/1528
f 1529/1671/1530 1541/1684/1542 1540/1683/1541 1528/1670/1529
f 1530/1672/1531 1542/1685/1543 1541/1684/1542 1529/1671/1530
f 1531/1673/1532 1543/1686/1544 1542/1685/1543 1530/1672/1531
f 1532/1674/1533 1544/1687/1545 1543/1686/1544 1531/1673/1532
f 1533/1675/1534 1545/1688/1546 1544/1687/1545 1532/1674/1533
f 1534/1676/1535 1546/1689/1547 1545/1688/1546 1533/1675/1534
f 1535/1677/1536 1547/1690/1548 1546/1689/1547 1534/1676/1535
f 1536/1666/1526 1548/1679/1538 1547/1690/1548 1535/1677/1536
f 1537/1678/1537 1549/1691/1549 1560/1692/1550 1548/1679/1538
f 1538/1680/1539 1550/1693/1551 1549/1694/1549 1537/1681/1537
f 1539/1682/1540 1551/1695/1552 1550/1693/1551 1538/1680/1539
f 1540/1683/1541 1552/1696/1553 1551/1695/1552 1539/1682/1540
f 1541/1684/1542 1553/1697/1554 1552/1696/1553 1540/1683/1541
f 1542/1685/1543 1554/1698/1555 1553/1697/1554 1541/1684/1542
f 1543/1686/1544 1555/1699/1556 1554/1698/1555 1542/1685/1543
f 1544/1687/1545 1556/1700/1557 1555/1699/1556 1543/1686/1544
f 1545/1688/1546 1557/1701/1558 1556/1700/1557 1544/1687/1545
f 1546/1689/1547 1558/1702/1559 1557/1701/1558 1545/1688/1546
f 1547/1690/1548 1559/1703/1560 1558/1702/1559 1546/1689/1547
f 1548/1679/1538 1560/1692/1550 1559/1703/1560 1547/1690/1548
f 1549/1691/1549 1561/1704/1561 1572/1705/1562 1560/1692/1550
f 1550/1693/1551 1562/1706/1563 1561/1707/1561 1549/1694/1549
f 1551/1695/1552 1563/1708/1564 1562/1706/1563 1550/1693/1551
f 1552/1696/1553 1564/1709/1565 1563/1708/1564 1551/1695/1552
f 1553/1697/1554 1565/1710/1566 1564/1709/1565 1552/1696/1553
f 1554/1698/1555 1566/1711/1567 1565/1710/1566 1553/1697/1554
f 1555/1699/1556 1567/1712/1568 1566/1711/1567 1554/1698/1555
f 1556/1700/1557 1568/1713/1569 1567/1712/1568 1555/1699/1556
f 1557/1701/1558 1569/1714/1570 1568/1713/1569 1556/1700/1557
f 1558/1702/1559 1570/1715/1571 1569/1714/1570 1557/1701/1558
f 1559/1703/1560 1571/1716/1572 1570/1715/1571 1558/1702/1559
f 1560/1692/1550 1572/1705/1562 1571/1716/1572 1559/1703/1560
f 1561/1704/1561 1573/1717/1573 1584/1718/1574 1572/1705/1562
f 1562/1706/1563 1574/1719/1575 1573/1720/1573 1561/1707/1561
f 1563/1708/1564 1575/1721/1576 1574/1719/1575 1562/1706/1563
f 1564/1709/1565 1576/1722/1577 1575/1721/1576 1563/1708/1564
f 1565/1710/1566 1577/1723/1578 1576/1722/1577 1564/1709/1565
f 1566/1711/1567 1578/1724/1579 1577/1723/1578 1565/1710/1566
f 1567/1712/1568 1579/1725/1580 1578/1724/1579 1566/1711/1567
f 1568/1713/1569 1580/1726/1581 1579/1725/1580 1567/1712/1568
f 1569/1714/1570 1581/1727/1582 1580/1726/1581 1568/1713/1569
f 1570/1715/1571 1582/1728/1583 1581/1727/1582 1569/1714/1570
f 1571/1716/1572 1583/1729/1584 1582/1728/1583 1570/1715/1571
f 1572/1705/1562 1584/1718/1574 1583/1729/1584 1571/1716/1572
f 1573/1717/1573 1585/1730/1585 1596/1731/1586 1584/1718/1574
f 1574/1719/1575 1586/1732/1587 1585/1733/1585 1573/1720/1573
f 1575/1721/1576 1587/1734/1588 1586/1732/1587 1574/1719/1575
f 1576/1722/1577 1588/1735/1589 1587/1734/1588 1575/1721/1576
f 1577/1723/1578 1589/1736/1590 1588/1735/1589 1576/1722/1577
f 1578/1724/1579 1590/1737/1591 1589/1736/1590 1577/1723/1578
f 1579/1725/1580 1591/1738/1592 1590/1737/1591 1578/1724/1579
f 1580/1726/1581 1592/1739/1593 1591/1738/1592 1579/1725/1580
f 1581/1727/1582 1593/1740/1594 1592/1739/1593 1580/1726/1581
f 1582/1728/1583 1594/1741/1595 1593/1740/1594 1581/1727/1582
f 1583/1729/1584 1595/1742/1596 1594/1741/1595 1582/1728/1583
f 1584/1718/1574 1596/1731/1586 1595/1742/1596 1583/1729/1584
f 1585/1730/1585 1597/1743/1597 1608/1744/1598 1596/1731/1586
f 1586/1732/1587 1598/1745/1599 1597/1746/1597 1585/1733/1585
f 1587/1734/1588 1599/1747/1600 1598/1745/1599 1586/1732/1587
f 1588/1735/1589 1600/1748/1601 1599/1747/1600 1587/1734/1588
f 1589/1736/1590 1601/1749/1602 1600/1748/1601 1588/1735/1589
f 1590/1737/1591 1602/1750/1603 1601/1749/1602 1589/1736/1590
f 1591/1738/1592 1603/1751/1604 1602/1750/1603 1590/1737/1591
f 1592/1739/1593 1604/1752/1605 1603/1751/1604 1591/1738/1592
f 1593/1740/1594 1605/1753/1606 1604/1752/1605 1592/1739/1593
f 1594/1741/1595 1606/1754/1607 1605/1753/1606 1593/1740/1594
f 1595/1742/1596 1607/1755/1608 1606/1754/1607 1594/1741/1595
f 1596/1731/1586 1608/1744/1598 1607/1755/1608 1595/1742/1596
f 1597/1743/1597 1609/1756/1609 1620/1757/1610 1608/1744/1598
f 1598/1745/1599 1610/1758/1611 1609/1759/1609 1597/1746/1597
f 1599/1747/1600 1611/1760/1612 1610/1758/1611 1598/1745/1599
f 1600/1748/1601 1612/1761/1613 1611/1760/1612 1599/1747/1600
f 1601/1749/1602 1613/1762/1614 1612/1761/1613 1600/1748/1601
f 1602/1750/1603 1614/1763/1615 1613/1762/1614 1601/1749/1602
f 1603/1751/1604 1615/1764/1616 1614/1763/1615 1602/1750/1603
f 1604/1752/1605 1616/1765/1617 1615/1764/1616 1603/1751/1604
f 1605/1753/1606 1617/1766/1618 1616/1765/1617 1604/1752/1605
f 1606/1754/1607 1618/1767/1619 1617/1766/1618 1605/1753/1606
f 1607/1755/1608 1619/1768/1620 1618/1767/1619 1606/1754/1607
f 1608/1744/1598 1620/1757/1610 1619/1768/1620 1607/1755/1608
f 1609/1756/1609 1621/1769/1621 1632/1770/1622 1620/1757/1610
f 1610/1758/1611 1622/1771/1623 1621/1772/1621 1609/1759/1609
f 1611/1760/1612 1623/1773/1624 1622/1771/1623 1610/1758/1611
f 1612/1761/1613 1624/1774/1625 1623/1773/1624 1611/1760/1612
f 1613/1762/1614 1625/1775/1626 1624/1774/1625 1612/1761/1613
f 1614/1763/1615 1626/1776/1627 1625/1775/1626 1613/1762/1614
f 1615/1764/1616 1627/1777/1628 1626/1776/1627 1614/1763/1615
f 1616/1765/1617 1628/1778/1629 1627/1777/1628 1615/1764/1616
f 1617/1766/1618 1629/1779/1630 1628/1778/1629 1616/1765/1617
f 1618/1767/1619 1630/1780/1631 1629/1779/1630 1617/1766/1618
f 1619/1768/1620 1631/1781/1632 1630/1780/1631 1618/1767/1619
f 1620/1757/1610 1632/1770/1622 1631/1781/1632 1619/1768/1620
f 1621/1769/1621 1633/1782/1633 1644/1783/1634 1632/1770/1622
f 1622/1771/1623 1634/1784/1635 1633/1785/1633 1621/1772/1621
f 1623/1773/1624 1635/1786/1636 1634/1784/1635 1622/1771/1623
f 1624/1774/1625 1636/1787/1637 1635/1786/1636 1623/1773/1624
f 1625/1775/1626 1637/1788/1638 1636/1787/1637 1624/1774/1625
f 1626/1776/1627 1638/1789/1639 1637/1788/1638 1625/1775/1626
f 1627/1777/1628 1639/1790/1640 1638/1789/1639 1626/1776/1627
f 1628/1778/1629 1640/1791/1641 1639/1790/1640 1627/1777/1628
f 1629/1779/1630 1641/1792/1642 1640/1791/1641 1628/1778/1629
f 1630/1780/1631 1642/1793/1643 1641/1792/1642 1629/1779/1630
f 1631/1781/1632 1643/1794/1644 1642/1793/1643 1630/1780/1631
f 1632/1770/1622 1644/1783/1634 1643/1794/1644 1631/1781/1632
f 1633/1782/1633 1645/1795/1645 1656/1796/1646 1644/1783/1634
f 1634/1784/1635 1646/1797/1647 1645/1798/1645 1633/1785/1633
f 1635/1786/1636 1647/1799/1648 1646/1797/1647 1634/1784/1635
f 1636/1787/1637 1648/1800/1649 1647/1799/1648 1635/1786/1636
f 1637/1788/1638 1649/1801/1650 1648/1800/1649 1636/1787/1637
f 1638/1789/1639 1650/1802/1651 1649/1801/1650 1637/1788/1638
f 1639/1790/1640 1651/1803/1652 1650/1802/1651 1638/1789/1639
f 1640/1791/1641 1652/1804/1653 1651/1803/1652 1639/1790/1640
f 1641/1792/1642 1653/1805/1654 1652/1804/1653 1640/1791/1641
f 1642/1793/1643 1654/1806/1655 1653/1805/1654 1641/1792/1642
f 1643/1794/1644 1655/1807/1656 1654/1806/1655 1642/1793/1643
f 1644/1783/1634 1656/1796/1646 1655/1807/1656 1643/1794/1644
f 1645/1795/1645 1657/1808/1657 1668/1809/1658 1656/1796/1646
f 1646/1797/1647 1658/1810/1659 1657/1811/1657 1645/1798/1645
f 1647/1799/1648 1659/1812/1660 1658/1810/1659 1646/1797/1647
f 1648/1800/1649 1660/1813/1661 1659/1812/1660 1647/1799/1648
f 1649/1801/1650 1661/1814/1662 1660/1813/1661 1648/1800/1649
f 1650/1802/1651 1662/1815/1663 1661/1814/1662 1649/1801/1650
f 1651/1803/1652 1663/1816/1664 1662/1815/1663 1650/1802/1651
f 1652/1804/1653 1664/1817/1665 1663/1816/1664 1651/1803/1652
f 1653/1805/1654 1665/1818/1666 1664/1817/1665 1652/1804/1653
f 1654/1806/1655 1666/1819/1667 1665/1818/1666 1653/1805/1654
f 1655/1807/1656 1667/1820/1668 1666/1819/1667 1654/1806/1655
f 1656/1796/1646 1668/1809/1658 1667/1820/1668 1655/1807/1656
f 1657/1808/1657 1669/1821/1669 1680/1822/1670 1668/1809/1658
f 1658/1810/1659 1670/1823/1671 1669/1824/1669 1657/1811/1657
f 1659/1812/1660 1671/1825/1672 1670/1823/1671 1658/1810/1659
f 1660/1813/1661 1672/1826/1673 1671/1825/1672 1659/1812/1660
f 1661/1814/1662 1673/1827/1674 1672/1826/1673 1660/1813/1661
f 1662/1815/1663 1674/1828/1675 1673/1827/1674 1661/1814/1662
f 1663/1816/1664 1675/1829/1676 1674/1828/1675 1662/1815/1663
f 1664/1817/1665 1676/1830/1677 1675/1829/1676 1663/1816/1664
f 1665/1818/1666 1677/1831/1678 1676/1830/1677 1664/1817/1665
f 1666/1819/1667 1678/1832/1679 1677/1831/1678 1665/1818/1666
f 1667/1820/1668 1679/1833/1680 1678/1832/1679 1666/1819/1667
f 1668/1809/1658 1680/1822/1670 1679/1833/1680 1667/1820/1668
f 1669/1821/1669 1681/1834/1681 1692/1835/1682 1680/1822/1670
f 1670/1823/1671 1682/1836/1683 1681/1837/1681 1669/1824/1669
f 1671/1825/1672 1683/1838/1684 1682/1836/1683 1670/1823/1671
f 1672/1826/1673 1684/1839/1685 1683/1838/1684 1671/1825/1672
f 1673/1827/1674 1685/1840/1686 1684/1839/1685 1672/1826/1673
f 1674/1828/1675 1686/1841/1687 1685/1840/1686 1673/1827/1674
f 1675/1829/1676 1687/1842/1688 1686/1841/1687 1674/1828/1675
f 1676/1830/1677 1688/1843/1689 1687/1842/1688 1675/1829/1676
f 1677/1831/1678 1689/1844/1690 1688/1843/1689 1676/1830/1677
f 1678/1832/1679 1690/1845/1691 1689/1844/1690 1677/1831/1678
f 1679/1833/1680 1691/1846/1692 1690/1845/1691 1678/1832/1679
f 1680/1822/1670 1692/1835/1682 1691/1846/1692 1679/1833/1680
f 1681/1834/1681 1693/1847/1693 1704/1848/1694 1692/1835/1682
f 1682/1836/1683 1694/1849/1695 1693/1850/1693 1681/1837/1681
f 1683/1838/1684 1695/1851/1696 1694/1849/1695 1682/1836/1683
f 1684/1839/1685 1696/1852/1697 1695/1851/1696 1683/1838/1684
f 1685/1840/1686 1697/1853/1698 1696/1852/1697 1684/1839/1685
f 1686/1841/1687 1698/1854/1699 1697/1853/1698 1685/1840/1686
f 1687/1842/1688 1699/1855/1700 1698/1854/1699 1686/1841/1687
f 1688/1843/1689 1700/1856/1701 1699/1855/1700 1687/1842/1688
f 1689/1844/1690 1701/1857/1702 1700/1856/1701 1688/1843/1689
f 1690/1845/1691 1702/1858/1703 1701/1857/1702 1689/1844/1690
f 1691/1846/1692 1703/1859/1704 1702/1858/1703 1690/1845/1691
f 1692/1835/1682 1704/1848/1694 1703/1859/1704 1691/1846/1692
f 1693/1847/1693 1705/1860/1705 1716/1861/1706 1704/1848/1694
f 1694/1849/1695 1706/1862/1707 1705/1863/1705 1693/1850/1693
f 1695/1851/1696 1707/1864/1708 1706/1862/1707 1694/1849/1695
f 1696/1852/1697 1708/1865/1709 1707/1864/1708 1695/1851/1696
f 1697/1853/1698 1709/1866/1710 1708/1865/1709 1696/1852/1697
f 1698/1854/1699 1710/1867/1711 1709/1866/1710 1697/1853/1698
f 1699/1855/1700 1711/1868/1712 1710/1867/1711 1698/1854/1699
f 1700/1856/1701 1712/1869/1713 1711/1868/1712 1699/1855/1700
f 1701/1857/1702 1713/1870/1714 1712/1869/1713 1700/1856/1701
f 1702/1858/1703 1714/1871/1715 1713/1870/1714 1701/1857/1702
f 1703/1859/1704 1715/1872/1716 1714/1871/1715 1702/1858/1703
f 1704/1848/1694 1716/1861/1706 1715/1872/1716 1703/1859/1704
f 1705/1860/1705 1717/1873/1717 1728/1874/1718 1716/1861/1706
f 1706/1862/1707 1718/1875/1719 1717/1876/1717 1705/1863/1705
f 1707/1864/1708 1719/1877/1720 1718/1875/1719 1706/1862/1707
f 1708/1865/1709 1720/1878/1721 1719/1877/1720 1707/1864/1708
f 1709/1866/1710 1721/1879/1722 1720/1878/1721 1708/1865/1709
f 1710/1867/1711 1722/1880/1723 1721/1879/1722 1709/1866/1710
f 1711/1868/1712 1723/1881/1724 1722/1880/1723 1710/1867/1711
f 1712/1869/1713 1724/1882/1725 1723/1881/1724 1711/1868/1712
f 1713/1870/1714 1725/1883/1726 1724/1882/1725 1712/1869/1713
f 1714/1871/1715 1726/1884/1727 1725/1883/1726 1713/1870/1714
f 1715/1872/1716 1727/1885/1728 1726/1884/1727 1714/1871/1715
f 1716/1861/1706 1728/1874/1718 1727/1885/1728 1715/1872/1716
f 1717/1873/1717 1729/1886/1729 1740/1887/1730 1728/1874/1718
f 1718/1875/1719 1730/1888/1731 1729/1889/1729 1717/1876/1717
f 1719/1877/1720 1731/1890/1732 1730/1888/1731 1718/1875/1719
f 1720/1878/1721 1732/1891/1733 1731/1890/1732 1719/1877/1720
f 1721/1879/1722 1733/1892/1734 1732/1891/1733 1720/1878/1721
f 1722/1880/1723 1734/1893/1735 1733/1892/1734 1721/1879/1722
f 1723/1881/1724 1735/1894/1736 1734/1893/1735 1722/1880/1723
f 1724/1882/1725 1736/1895/1737 1735/1894/1736 1723/1881/1724
f 1725/1883/1726 1737/1896/1738 1736/1895/1737 1724/1882/1725
f 1726/1884/1727 1738/1897/1739 1737/1896/1738 1725/1883/1726
f 1727/1885/1728 1739/1898/1740 1738/1897/1739 1726/1884/1727
f 1728/1874/1718 1740/1887/1730 1739/1898/1740 1727/1885/1728
f 1729/1886/1729 1741/1899/1741 1752/1900/1742 1740/1887/1730
f 1730/1888/1731 1742/1901/1743 1741/1902/1741 1729/1889/1729
f 1731/1890/1732 1743/1903/1744 1742/1901/1743 1730/1888/1731
f 1732/1891/1733 1744/1904/1745 1743/1903/1744 1731/1890/1732
f 1733/1892/1734 1745/1905/1746 1744/1904/1745 1732/1891/1733
f 1734/1893/1735 1746/1906/1747 1745/1905/1746 1733/1892/1734
f 1735/1894/1736 1747/1907/1748 1746/1906/1747 1734/1893/1735
f 1736/1895/1737 1748/1908/1749 1747/1907/1748 1735/1894/1736
f 1737/1896/1738 1749/1909/1750 1748/1908/1749 1736/1895/1737
f 1738/1897/1739 1750/1910/1751 1749/1909/1750 1737/1896/1738
f 1739/1898/1740 1751/1911/1752 1750/1910/1751 1738/1897/1739
f 1740/1887/1730 1752/1900/1742 1751/1911/1752 1739/1898/1740
f 1741/1899/1741 1753/1912/1753 1764/1913/1754 1752/1900/1742
f 1742/1901/1743 1754/1914/1755 1753/1915/1753 1741/1902/1741
f 1743/1903/1744 1755/1916/1756 1754/1914/1755 1742/1901/1743
f 1744/1904/1745 1756/1917/1757 1755/1916/1756 1743/1903/1744
f 1745/1905/1746 1757/1918/1758 1756/1917/1757 1744/1904/1745
f 1746/1906/1747 1758/1919/1759 1757/1918/1758 1745/1905/1746
f 1747/1907/1748 1759/1920/1760 1758/1919/1759 1746/1906/1747
f 1748/1908/1749 1760/1921/1761 1759/1920/1760 1747/1907/1748
f 1749/1909/1750 1761/1922/1762 1760/1921/1761 1748/1908/1749
f 1750/1910/1751 1762/1923/1763 1761/1922/1762 1749/1909/1750
f 1751/1911/1752 1763/1924/1764 1762/1923/1763 1750/1910/1751
f 1752/1900/1742 1764/1913/1754 1763/1924/1764 1751/1911/1752
