# Blender v2.93.3 OBJ File: 'untitled.blend'
# www.blender.org
o BezierCurve.004_BezierCurve.006
v -4.726557 4.107389 66.145378
v -4.529489 4.386834 66.343506
v -4.260289 4.489118 66.614143
v -3.991090 4.386835 66.884789
v -3.794022 4.107390 67.082916
v -3.721889 3.725662 67.155434
v -3.794022 3.343934 67.082916
v -3.991089 3.064489 66.884789
v -4.260288 2.962205 66.614143
v -4.529488 3.064488 66.343506
v -4.726557 3.343933 66.145378
v -4.798688 3.725661 66.072861
v -4.660265 4.108211 65.943031
v -4.387101 4.389637 66.022461
v -4.017120 4.491184 66.136177
v -3.649460 4.385640 66.253708
v -3.382633 4.101286 66.343567
v -3.288135 3.714316 66.381676
v -3.391288 3.328416 66.357819
v -3.664452 3.046989 66.278389
v -4.034432 2.945443 66.164673
v -4.402093 3.050986 66.047142
v -4.668921 3.335340 65.957283
v -4.763417 3.722311 65.919174
v -4.593101 4.096664 65.351944
v -4.303574 4.379801 65.363556
v -3.911838 4.480249 65.387650
v -3.522859 4.371094 65.417786
v -3.240864 4.081583 65.445877
v -3.141412 3.689290 65.464401
v -3.251152 3.299330 65.468391
v -3.540678 3.016193 65.456787
v -3.932415 2.915745 65.432686
v -4.321393 3.024900 65.402557
v -4.603390 3.314411 65.374466
v -4.702841 3.706704 65.355942
v -4.603527 4.073052 64.459633
v -4.309924 4.358666 64.439697
v -3.912689 4.459032 64.422173
v -3.518262 4.347254 64.411751
v -3.232327 4.053286 64.411224
v -3.131503 3.655895 64.420738
v -3.242804 3.261562 64.437744
v -3.536407 2.975948 64.457680
v -3.933642 2.875582 64.475204
v -4.328070 2.987359 64.485626
v -4.614004 3.281327 64.486153
v -4.714828 3.678719 64.476639
v -4.689125 4.040693 63.367767
v -4.392962 4.329223 63.331539
v -3.992236 4.430084 63.292564
v -3.594320 4.316252 63.261288
v -3.305835 4.018227 63.246090
v -3.204080 3.615866 63.251041
v -3.316321 3.216979 63.274815
v -3.612482 2.928450 63.311043
v -4.013209 2.827588 63.350018
v -4.411126 2.941420 63.381294
v -4.699610 3.239445 63.396492
v -4.801366 3.641807 63.391541
v -4.827474 4.002574 62.147701
v -4.528569 4.294279 62.103153
v -4.124106 4.395981 62.053284
v -3.722462 4.280429 62.011448
v -3.431256 3.978585 61.988861
v -3.328517 3.571329 61.991570
v -3.441773 3.167783 62.018856
v -3.740679 2.876079 62.063404
v -4.145141 2.774376 62.113274
v -4.546786 2.889928 62.155113
v -4.837992 3.191772 62.177700
v -4.940731 3.599028 62.174988
v -4.993112 3.961447 60.860458
v -4.690957 4.256515 60.812973
v -4.282089 4.359305 60.759327
v -3.876064 4.242277 60.713886
v -3.581676 3.936786 60.688828
v -3.477805 3.524689 60.690872
v -3.592284 3.116408 60.719463
v -3.894438 2.821340 60.766945
v -4.303307 2.718548 60.820595
v -4.709332 2.835577 60.866035
v -5.003720 3.141068 60.891094
v -5.107591 3.553164 60.889050
v -5.160006 3.919941 59.562588
v -4.854033 4.218544 59.516987
v -4.440006 4.322650 59.465935
v -4.028864 4.204366 59.423111
v -3.730772 3.895385 59.399990
v -3.625603 3.478498 59.402767
v -3.741539 3.065410 59.430695
v -4.047512 2.766807 59.476295
v -4.461538 2.662700 59.527348
v -4.872680 2.780984 59.570171
v -5.170773 3.089966 59.593296
v -5.275941 3.506852 59.590519
v -5.301927 3.880586 58.307331
v -4.991590 4.182924 58.269367
v -4.571685 4.288613 58.228531
v -4.154725 4.169333 58.195755
v -3.852433 3.857044 58.179829
v -3.745809 3.435426 58.185017
v -3.863422 3.017450 58.209930
v -4.173758 2.715111 58.247890
v -4.593661 2.609422 58.288731
v -5.010621 2.728703 58.321503
v -5.312914 3.040991 58.337429
v -5.419538 3.462609 58.332241
v -5.392025 3.845773 57.142971
v -5.077089 4.152139 57.121586
v -4.650992 4.259796 57.102787
v -4.227906 4.139898 57.091606
v -3.921197 3.824571 57.091045
v -3.813047 3.398306 57.101250
v -3.932435 2.975321 57.119492
v -4.247371 2.668955 57.140873
v -4.673468 2.561298 57.159676
v -5.096554 2.681195 57.170853
v -5.403262 2.996523 57.171417
v -5.511413 3.422788 57.161209
v -5.400043 3.817619 56.105820
v -5.082123 4.128522 56.118565
v -4.651973 4.238821 56.145027
v -4.224850 4.118960 56.178112
v -3.915200 3.801058 56.208958
v -3.805996 3.370296 56.229298
v -3.926497 2.942095 56.233685
v -4.244416 2.631192 56.220936
v -4.674568 2.520893 56.194473
v -5.101691 2.640753 56.161388
v -5.411341 2.958655 56.130543
v -5.520546 3.389418 56.110203
v -5.272849 3.797825 55.196365
v -4.965785 4.114178 55.285648
v -4.549891 4.228326 55.413479
v -4.136602 4.109684 55.545597
v -3.836661 3.790042 55.646610
v -3.730436 3.355047 55.689445
v -3.846392 2.921257 55.662628
v -4.153454 2.604904 55.573341
v -4.569349 2.490756 55.445515
v -4.982637 2.609397 55.313393
v -5.282578 2.929040 55.212383
v -5.388803 3.364034 55.169548
v -4.811917 3.750965 54.352669
v -4.559030 4.081707 54.535667
v -4.243463 4.216976 54.833912
v -3.949770 4.120527 55.167492
v -3.756650 3.818204 55.447018
v -3.715846 3.391012 55.597599
v -3.838294 2.953419 55.578880
v -4.091181 2.622677 55.395882
v -4.406750 2.487408 55.097637
v -4.700441 2.583857 54.764057
v -4.893562 2.886181 54.484531
v -4.934365 3.313371 54.333950
v -3.939282 3.420188 53.931862
v -3.723750 3.782179 54.143089
v -3.577907 3.997312 54.536224
v -3.540828 4.007942 55.005928
v -3.622451 3.811220 55.426342
v -3.800904 3.459859 55.684818
v -4.028371 3.048005 55.712093
v -4.243902 2.686014 55.500866
v -4.389747 2.470881 55.107727
v -4.426826 2.460251 54.638023
v -4.345202 2.656972 54.217609
v -4.166749 3.008333 53.959137
v -3.176614 2.847881 54.112999
v -2.953373 3.222425 54.331657
v -2.897963 3.513217 54.719345
v -3.025233 3.642338 55.172184
v -3.301078 3.575190 55.568832
v -3.651589 3.329766 55.803013
v -3.982845 2.971827 55.811977
v -4.206087 2.597282 55.593319
v -4.261497 2.306490 55.205631
v -4.134228 2.177369 54.752796
v -3.858381 2.244517 54.356144
v -3.507871 2.489941 54.121964
v -2.592910 2.253906 54.520443
v -2.363893 2.642888 54.745255
v -2.336515 2.973361 55.125172
v -2.518114 3.156776 55.558388
v -2.860030 3.143985 55.928833
v -3.270648 2.938417 56.137238
v -3.639941 2.595153 56.127766
v -3.868960 2.206171 55.902950
v -3.896338 1.875697 55.523037
v -3.714739 1.692283 55.089817
v -3.372823 1.705073 54.719376
v -2.962205 1.910641 54.510967
v -2.022229 1.607720 55.046890
v -1.788207 2.012248 55.276672
v -1.771040 2.366117 55.658367
v -1.975331 2.574510 56.089699
v -2.346338 2.581588 56.455090
v -2.784651 2.385453 56.656639
v -3.172823 2.038660 56.640339
v -3.406846 1.634133 56.410557
v -3.424011 1.280263 56.028866
v -3.219721 1.071870 55.597534
v -2.848714 1.064792 55.232140
v -2.410402 1.260927 55.030590
v -1.427067 0.921588 55.642197
v -1.189009 1.342848 55.875717
v -1.175393 1.712677 56.265213
v -1.389867 1.931978 56.706314
v -1.774964 1.941991 57.080833
v -2.227497 1.740032 57.288414
v -2.626211 1.380217 57.273441
v -2.864269 0.958956 57.039921
v -2.877886 0.589128 56.650425
v -2.663412 0.369826 56.209324
v -2.278315 0.359813 55.834805
v -1.825781 0.561772 55.627224
v -0.803958 0.232566 56.247997
v -0.563502 0.672222 56.483681
v -0.549162 1.053067 56.885448
v -0.764779 1.273052 57.345642
v -1.152579 1.273232 57.740959
v -1.608652 1.053561 57.965469
v -2.010793 0.672897 57.959019
v -2.251249 0.233241 57.723335
v -2.265590 -0.147604 57.321571
v -2.049973 -0.367589 56.861374
v -1.662172 -0.367770 56.466061
v -1.206100 -0.148098 56.241547
v -0.162271 -0.412468 56.800217
v 0.077549 0.048124 57.035908
v 0.097410 0.435196 57.454224
v -0.108008 0.645032 57.943077
v -0.483664 0.621408 58.371483
v -0.928902 0.370653 58.624649
v -1.324419 -0.040044 58.634739
v -1.564239 -0.500635 58.399052
v -1.584101 -0.887707 57.980736
v -1.378684 -1.097544 57.491879
v -1.003027 -1.073919 57.063473
v -0.557789 -0.823165 56.810307
v 0.474304 -0.959994 57.232456
v 0.707466 -0.474524 57.465374
v 0.740839 -0.087249 57.904919
v 0.565480 0.098061 58.433315
v 0.228377 0.031752 58.908985
v -0.180144 -0.268408 59.204468
v -0.550620 -0.721992 59.240589
v -0.783782 -1.207462 59.007675
v -0.817155 -1.594737 58.568130
v -0.641797 -1.780048 58.039730
v -0.304694 -1.713739 57.564064
v 0.103827 -1.413579 57.268578
v 1.056482 -1.354251 57.486446
v 1.270742 -0.838470 57.714462
v 1.333299 -0.458793 58.179070
v 1.227390 -0.316953 58.755779
v 0.981393 -0.450957 59.290058
v 0.661223 -0.824898 59.638752
v 0.352669 -1.338579 59.708427
v 0.138409 -1.854360 59.480415
v 0.075851 -2.234037 59.015808
v 0.181760 -2.375877 58.439098
v 0.427758 -2.241874 57.904816
v 0.747928 -1.867933 57.556122
v 1.515140 -1.565104 57.547546
v 1.689728 -1.015707 57.775112
v 1.808453 -0.648983 58.260418
v 1.839504 -0.563196 58.873428
v 1.774559 -0.781333 59.449886
v 1.631022 -1.244943 59.835331
v 1.447352 -1.829804 59.926483
v 1.272764 -2.379202 59.698917
v 1.154038 -2.745927 59.213612
v 1.122988 -2.831714 58.600601
v 1.187932 -2.613577 58.024139
v 1.331470 -2.149966 57.638695
v 1.874700 -1.631383 57.455193
v 1.993247 -1.056290 57.700226
v 2.190837 -0.693615 58.184219
v 2.414528 -0.640536 58.777493
v 2.604380 -0.911277 59.321075
v 2.709524 -1.433292 59.669315
v 2.701786 -2.066708 59.728905
v 2.583239 -2.641802 59.483871
v 2.385648 -3.004478 58.999878
v 2.161958 -3.057556 58.406605
v 1.972105 -2.786815 57.863022
v 1.866961 -2.264800 57.514782
v 2.435009 -1.551158 57.061890
v 2.493257 -0.965578 57.344372
v 2.719965 -0.591823 57.829144
v 3.054386 -0.530043 58.386311
v 3.406913 -0.796789 58.866585
v 3.683086 -1.320589 59.141277
v 3.808905 -1.961090 59.136780
v 3.750657 -2.546670 58.854298
v 3.523949 -2.920425 58.369526
v 3.189528 -2.982206 57.812359
v 2.837001 -2.715460 57.332085
v 2.560828 -2.191660 57.057392
v 3.414965 -1.273224 56.459213
v 3.389027 -0.720478 56.781376
v 3.523331 -0.376821 57.304684
v 3.781891 -0.334336 57.888920
v 4.095426 -0.604408 58.377541
v 4.379925 -1.114670 58.639614
v 4.559155 -1.728399 58.604923
v 4.585094 -2.281146 58.282761
v 4.450790 -2.624804 57.759453
v 4.192230 -2.667289 57.175217
v 3.878695 -2.397217 56.686596
v 3.594197 -1.886954 56.424522
v 4.501178 -0.913496 56.170918
v 4.352717 -0.413083 56.519840
v 4.302574 -0.137572 57.081779
v 4.364184 -0.160786 57.706169
v 4.521039 -0.476504 58.225708
v 4.731110 -1.000131 58.501179
v 4.938108 -1.591360 58.458771
v 5.086569 -2.091773 58.109852
v 5.136713 -2.367284 57.547913
v 5.075103 -2.344071 56.923519
v 4.918248 -2.028353 56.403984
v 4.708177 -1.504726 56.128513
v 5.522318 -0.543037 56.317749
v 5.242967 -0.101755 56.643250
v 4.988597 0.092840 57.168747
v 4.827366 -0.011394 57.753433
v 4.802475 -0.386528 58.240643
v 4.920595 -0.932045 58.499828
v 5.150074 -1.501773 58.461540
v 5.429425 -1.943056 58.136040
v 5.683794 -2.137651 57.610542
v 5.845026 -2.033417 57.025860
v 5.869917 -1.658283 56.538651
v 5.751798 -1.112767 56.279465
v 6.351974 -0.232607 56.826427
v 5.982792 0.163563 57.091568
v 5.578889 0.295605 57.519321
v 5.248490 0.128138 57.995071
v 5.080125 -0.293964 58.391342
v 5.118907 -0.857601 58.601948
v 5.354445 -1.411746 58.570461
v 5.723626 -1.807916 58.305321
v 6.127530 -1.939958 57.877567
v 6.457929 -1.772492 57.401817
v 6.626294 -1.350389 57.005550
v 6.587512 -0.786752 56.794941
v 6.960892 -0.019485 57.525135
v 6.553125 0.351966 57.735931
v 6.074097 0.451412 58.066578
v 5.652163 0.252205 58.428482
v 5.400379 -0.192277 58.724667
v 5.386211 -0.762935 58.875774
v 5.613456 -1.306863 58.841312
v 6.021223 -1.678315 58.630516
v 6.500251 -1.777761 58.299870
v 6.922185 -1.578554 57.937965
v 7.173969 -1.134072 57.641781
v 7.188137 -0.563414 57.490677
v 7.412932 0.101078 58.297016
v 6.998406 0.460378 58.479240
v 6.491753 0.547117 58.743652
v 6.028728 0.338055 59.019398
v 5.733401 -0.110792 59.232594
v 5.684903 -0.679154 59.326115
v 5.896229 -1.214740 59.274902
v 6.310755 -1.574040 59.092678
v 6.817409 -1.660780 58.828266
v 7.280434 -1.451718 58.552521
v 7.575761 -1.002871 58.339325
v 7.624259 -0.434509 58.245804
v 7.770055 0.136066 59.083256
v 7.365714 0.487780 59.264080
v 6.855856 0.570912 59.494358
v 6.377098 0.363188 59.712379
v 6.057723 -0.079733 59.859730
v 5.983305 -0.639172 59.896927
v 6.173787 -1.165226 59.814003
v 6.578128 -1.516940 59.633175
v 7.087986 -1.600073 59.402901
v 7.566744 -1.392349 59.184875
v 7.886120 -0.949427 59.037525
v 7.960537 -0.389989 59.000328
v 8.072443 0.083687 59.837658
v 7.690505 0.425874 60.045006
v 7.192058 0.507152 60.270630
v 6.710659 0.305742 60.454071
v 6.375299 -0.124388 60.546181
v 6.275838 -0.667986 60.522278
v 6.438926 -1.179394 60.388763
v 6.820864 -1.521581 60.181416
v 7.319312 -1.602859 59.955791
v 7.800711 -1.401450 59.772346
v 8.136070 -0.971320 59.680241
v 8.235532 -0.427722 59.704144
v 8.347506 -0.063381 60.510715
v 8.003945 0.257065 60.778339
v 7.531346 0.329618 61.030781
v 7.056340 0.134837 61.200401
v 6.706204 -0.275086 61.241749
v 6.574758 -0.790312 61.143745
v 6.697221 -1.272788 60.932652
v 7.040781 -1.593234 60.665028
v 7.513380 -1.665787 60.412582
v 7.988386 -1.471007 60.242966
v 8.338522 -1.061084 60.201614
v 8.469969 -0.545858 60.299622
v 8.615490 -0.313504 61.046329
v 8.340343 -0.051303 61.413174
v 7.917317 -0.012947 61.727192
v 7.459760 -0.208714 61.904243
v 7.090274 -0.586149 61.896889
v 6.907864 -1.044117 61.707092
v 6.961404 -1.459908 61.385719
v 7.236550 -1.722109 61.018875
v 7.659576 -1.760465 60.704853
v 8.117133 -1.564698 60.527802
v 8.486620 -1.187264 60.535156
v 8.669031 -0.729295 60.724953
v 8.889563 -0.668963 61.384796
v 8.728572 -0.538395 61.857094
v 8.391233 -0.589163 62.243946
v 7.967934 -0.807664 62.441696
v 7.572098 -1.135351 62.397362
v 7.309789 -1.484419 62.122814
v 7.251291 -1.761337 61.691624
v 7.412281 -1.891905 61.219326
v 7.749620 -1.841137 60.832474
v 8.172919 -1.622637 60.634724
v 8.568756 -1.294950 60.679058
v 8.831065 -0.945881 60.953606
v 9.180413 -1.126609 61.479343
v 9.148214 -1.174181 61.979382
v 8.911459 -1.353227 62.385864
v 8.533584 -1.615772 62.589874
v 8.115841 -1.891468 62.536747
v 7.770164 -2.106442 62.240719
v 7.589176 -2.203091 61.781105
v 7.621375 -2.155520 61.281067
v 7.858130 -1.976474 60.874584
v 8.236006 -1.713929 60.670574
v 8.653749 -1.438233 60.723701
v 8.999426 -1.223259 61.019730
v 9.636023 -1.920987 61.249516
v 9.708036 -2.126550 61.679474
v 9.560822 -2.421688 62.030937
v 9.233824 -2.727318 62.209732
v 8.814662 -2.961547 62.167950
v 8.415651 -3.061613 61.916790
v 8.143705 -3.000704 61.523548
v 8.071692 -2.795141 61.093590
v 8.218906 -2.500003 60.742126
v 8.545904 -2.194373 60.563332
v 8.965065 -1.960144 60.605110
v 9.364077 -1.860078 60.856274
v 9.940226 -2.511768 60.736618
v 10.081018 -2.827795 61.040733
v 9.997524 -3.204892 61.291748
v 9.712115 -3.542016 61.422401
v 9.301267 -3.748834 61.397686
v 8.875065 -3.769930 61.224228
v 8.547710 -3.599651 60.948502
v 8.406918 -3.283624 60.644386
v 8.490411 -2.906527 60.393375
v 8.775820 -2.569403 60.262718
v 9.186668 -2.362585 60.287434
v 9.612870 -2.341488 60.460892
v 10.129930 -2.932077 59.988930
v 10.300127 -3.296062 60.166458
v 10.249764 -3.706670 60.314224
v 9.992337 -4.053876 60.392628
v 9.596823 -4.244648 60.380669
v 9.169199 -4.227870 60.281548
v 8.824047 -4.008036 60.121822
v 8.653851 -3.644051 59.944290
v 8.704214 -3.233444 59.796528
v 8.961640 -2.886237 59.718121
v 9.357155 -2.695464 59.730080
v 9.784779 -2.712243 59.829201
v 10.234324 -3.202735 59.054226
v 10.409561 -3.572247 59.140369
v 10.372916 -3.982556 59.210884
v 10.134210 -4.323719 59.246876
v 9.757402 -4.504322 59.238697
v 9.343460 -4.475973 59.188541
v 9.003296 -4.246268 59.109848
v 8.828059 -3.876756 59.023701
v 8.864703 -3.466447 58.953186
v 9.103409 -3.125284 58.917198
v 9.480217 -2.944680 58.925377
v 9.894159 -2.973030 58.975533
v 10.280528 -3.340563 57.987713
v 10.451278 -3.697423 58.015541
v 10.420538 -4.092396 58.033741
v 10.196548 -4.419647 58.037434
v 9.839323 -4.591491 58.025635
v 9.444582 -4.561882 58.001503
v 9.118096 -4.338754 57.971504
v 8.947347 -3.981894 57.943676
v 8.978086 -3.586921 57.925476
v 9.202076 -3.259669 57.921783
v 9.559301 -3.087825 57.933582
v 9.954042 -3.117434 57.957714
v 10.296560 -3.363800 56.848396
v 10.459814 -3.701560 56.840164
v 10.432440 -4.075381 56.822552
v 10.221772 -4.385098 56.800278
v 9.884258 -4.547722 56.779308
v 9.510336 -4.519680 56.765266
v 9.200197 -4.308483 56.761909
v 9.036942 -3.970723 56.770145
v 9.064316 -3.596902 56.787758
v 9.274984 -3.287185 56.810032
v 9.612497 -3.124560 56.830997
v 9.986420 -3.152603 56.845039
v 10.311016 -3.292370 55.696320
v 10.466024 -3.609088 55.666351
v 10.441469 -3.959427 55.622818
v 10.243933 -4.249515 55.577389
v 9.926344 -4.401623 55.542233
v 9.573799 -4.374993 55.526772
v 9.280764 -4.176761 55.535149
v 9.125756 -3.860044 55.565117
v 9.150311 -3.509704 55.608650
v 9.347847 -3.219616 55.654079
v 9.665436 -3.067508 55.689236
v 10.017981 -3.094138 55.704697
v 10.352169 -3.147526 54.592487
v 10.498859 -3.442989 54.550476
v 10.477512 -3.768610 54.486473
v 10.293844 -4.037141 54.417633
v 9.997072 -4.176629 54.362400
v 9.666715 -4.149697 54.335571
v 9.391291 -3.963563 54.344337
v 9.244599 -3.668101 54.386353
v 9.265947 -3.342479 54.450352
v 9.449614 -3.073948 54.519192
v 9.746386 -2.934460 54.574429
v 10.076744 -2.961391 54.601254
v 10.446399 -2.952263 53.599854
v 10.584718 -3.227081 53.553143
v 10.567911 -3.526713 53.470825
v 10.400480 -3.770874 53.374954
v 10.127291 -3.894142 53.291222
v 9.821543 -3.863487 53.242065
v 9.565161 -3.687122 53.240654
v 9.426841 -3.412305 53.287365
v 9.443647 -3.112673 53.369682
v 9.611077 -2.868511 53.465553
v 9.884267 -2.745243 53.549286
v 10.190016 -2.775898 53.598442
v 10.613969 -2.732969 52.784203
v 10.743140 -2.988545 52.739452
v 10.734260 -3.259951 52.638126
v 10.589706 -3.474465 52.507378
v 10.348213 -3.574607 52.382240
v 10.074488 -3.533545 52.296242
v 9.841875 -3.362281 52.272430
v 9.712703 -3.106705 52.317181
v 9.721583 -2.835298 52.418507
v 9.866137 -2.620784 52.549255
v 10.107630 -2.520642 52.674393
v 10.381356 -2.561704 52.760391
v 10.859015 -2.521053 52.206448
v 10.975642 -2.760194 52.170437
v 10.983053 -2.999271 52.048473
v 10.879261 -3.174224 51.873241
v 10.692077 -3.238173 51.691696
v 10.471657 -3.173985 51.552475
v 10.277061 -2.998857 51.492886
v 10.160434 -2.759716 51.528896
v 10.153023 -2.520639 51.650860
v 10.256815 -2.345686 51.826092
v 10.443998 -2.281736 52.007641
v 10.664419 -2.345925 52.146862
v 11.205349 -2.326716 51.869118
v 11.306477 -2.550485 51.841190
v 11.340492 -2.754644 51.706131
v 11.298281 -2.884487 51.500126
v 11.191153 -2.905225 51.278374
v 11.047813 -2.811301 51.100300
v 10.906672 -2.627880 51.013611
v 10.805544 -2.404111 51.041538
v 10.771529 -2.199952 51.176598
v 10.813740 -2.070108 51.382603
v 10.920868 -2.049370 51.604355
v 11.064207 -2.143295 51.782433
v 12.091558 -1.908942 51.643932
v 12.195774 -2.144838 51.615273
v 12.262882 -2.343859 51.462898
v 12.274899 -2.452676 51.227646
v 12.228607 -2.442131 50.972546
v 12.136410 -2.315051 50.765953
v 12.023010 -2.105486 50.663227
v 11.918795 -1.869589 50.691891
v 11.851686 -1.670569 50.844261
v 11.839669 -1.561752 51.079514
v 11.885962 -1.572296 51.334614
v 11.978159 -1.699376 51.541206
v 13.091572 -1.451156 51.626629
v 13.202814 -1.697329 51.596485
v 13.298233 -1.894413 51.435432
v 13.352259 -1.989599 51.186623
v 13.350417 -1.957383 50.916729
v 13.293201 -1.806397 50.698067
v 13.195942 -1.577096 50.589222
v 13.084699 -1.330923 50.619366
v 12.989281 -1.133839 50.780418
v 12.935253 -1.038653 51.029224
v 12.937096 -1.070869 51.299122
v 12.994311 -1.221856 51.517784
v 14.170778 -0.973965 51.797028
v 14.287747 -1.231015 51.765602
v 14.406070 -1.428901 51.599514
v 14.494040 -1.514599 51.343269
v 14.528089 -1.465147 51.065529
v 14.499089 -1.293795 50.840714
v 14.414816 -1.046458 50.729061
v 14.297847 -0.789408 50.760490
v 14.179523 -0.591523 50.926579
v 14.091552 -0.505824 51.182823
v 14.057505 -0.555276 51.460564
v 14.086504 -0.726628 51.685379
v 15.305244 -0.490617 52.122219
v 15.426678 -0.759087 52.089268
v 15.562875 -0.960184 51.919212
v 15.677340 -1.040023 51.657619
v 15.739404 -0.977212 51.374580
v 15.732435 -0.788582 51.145939
v 15.658303 -0.524675 51.032955
v 15.536869 -0.256204 51.065903
v 15.400674 -0.055108 51.235958
v 15.286208 0.024732 51.497551
v 15.224144 -0.038079 51.780590
v 15.231112 -0.226709 52.009235
v 16.469475 -0.014924 52.565311
v 16.594099 -0.295319 52.530338
v 16.743900 -0.501569 52.355991
v 16.878740 -0.578409 52.088989
v 16.962486 -0.505250 51.800873
v 16.972698 -0.301695 51.568844
v 16.906643 -0.022286 51.455074
v 16.782017 0.258109 51.490047
v 16.632217 0.464360 51.664394
v 16.497377 0.541200 51.931396
v 16.413631 0.468041 52.219513
v 16.403419 0.264486 52.451542
v 17.638748 0.439725 53.087223
v 17.765114 0.146881 53.049500
v 17.924681 -0.066153 52.869766
v 18.074692 -0.142295 52.596184
v 18.174953 -0.061143 52.302055
v 18.198597 0.155559 52.066193
v 18.139294 0.449746 51.951801
v 18.012928 0.742590 51.989525
v 17.853359 0.955624 52.169258
v 17.703348 1.031766 52.442841
v 17.603088 0.950614 52.736969
v 17.579443 0.733912 52.972828
v 18.789749 0.860516 53.648029
v 18.915958 0.554611 53.606560
v 19.081306 0.333267 53.419765
v 19.241489 0.255794 53.137691
v 19.353586 0.342950 52.835922
v 19.387562 0.571382 52.595318
v 19.334309 0.879881 52.480343
v 19.208099 1.185786 52.521812
v 19.042751 1.407129 52.708611
v 18.882568 1.484603 52.990685
v 18.770470 1.397447 53.292450
v 18.736496 1.169015 53.533058
v 19.900980 1.235195 54.207775
v 20.024235 0.915439 54.161167
v 20.190418 0.684152 53.964962
v 20.355007 0.603307 53.671730
v 20.473892 0.694566 53.360050
v 20.515224 0.933476 53.113430
v 20.467926 1.256022 52.997955
v 20.344673 1.575777 53.044563
v 20.178486 1.807065 53.240768
v 20.013901 1.887910 53.533997
v 19.895016 1.796651 53.845680
v 19.853683 1.557741 54.092297
v 20.953894 1.552081 54.727028
v 21.069580 1.217387 54.673256
v 21.229231 0.974173 54.464329
v 21.390068 0.887605 54.156219
v 21.508999 0.980881 53.831490
v 21.554153 1.229007 53.577152
v 21.513433 1.565498 53.461353
v 21.397747 1.900191 53.515121
v 21.238096 2.143406 53.724049
v 21.077255 2.229974 54.032158
v 20.958326 2.136698 54.356888
v 20.913174 1.888572 54.611225
v 21.936190 1.800051 55.167198
v 22.035748 1.448914 55.103363
v 22.175838 1.191198 54.876999
v 22.318930 1.095957 54.548763
v 22.426680 1.188712 54.206604
v 22.470213 1.444608 53.942207
v 22.437866 1.795079 53.826416
v 22.338308 2.146216 53.890251
v 22.198215 2.403933 54.116615
v 22.055126 2.499173 54.444851
v 21.947378 2.406419 54.787010
v 21.903845 2.150522 55.051407
v 22.851448 1.967487 55.488853
v 22.916878 1.598260 55.411591
v 23.010452 1.323217 55.162243
v 23.107100 1.216056 54.807625
v 23.180922 1.305490 54.442753
v 23.212139 1.567555 54.165398
v 23.192387 1.932032 54.049873
v 23.126959 2.301259 54.127136
v 23.033384 2.576302 54.376484
v 22.936737 2.683463 54.731102
v 22.862913 2.594029 55.095974
v 22.831696 2.331964 55.373329
v 23.713657 2.032460 55.633396
v 23.713892 1.647092 55.545818
v 23.714611 1.357142 55.277290
v 23.715620 1.240301 54.899765
v 23.716652 1.327878 54.514400
v 23.717426 1.596406 54.224449
v 23.717739 1.973933 54.107609
v 23.717505 2.359302 54.195187
v 23.716787 2.649252 54.463715
v 23.715776 2.766093 54.841240
v 23.714746 2.678515 55.226604
v 23.713970 2.409988 55.516556
v -4.791373 3.733920 54.497005
v -4.594305 4.013365 54.695129
v -4.325106 4.115649 54.965775
v -4.055907 4.013365 55.236420
v -3.858839 3.733921 55.434544
v -3.786707 3.352193 55.507061
v -3.858838 2.970464 55.434544
v -4.055906 2.691020 55.236420
v -4.325105 2.588735 54.965775
v -4.594305 2.691019 54.695129
v -4.791373 2.970463 54.497005
v -4.863504 3.352191 54.424488
v -4.814313 3.734559 54.520557
v -4.528944 4.007713 54.531960
v -4.146394 4.101922 54.562904
v -3.769163 3.991942 54.605106
v -3.498335 3.707243 54.647255
v -3.406473 3.324109 54.678055
v -3.518196 2.945202 54.689255
v -3.803564 2.672047 54.677853
v -4.186116 2.577838 54.646908
v -4.563345 2.687818 54.604706
v -4.834174 2.972517 54.562557
v -4.926035 3.355650 54.531757
v -4.879292 3.719510 54.347221
v -4.613960 3.982016 54.217346
v -4.256930 4.062660 54.068333
v -3.903872 3.939835 53.940109
v -3.649384 3.646451 53.867035
v -3.561656 3.261121 53.868683
v -3.664198 2.887092 53.944622
v -3.929530 2.624586 54.074497
v -4.286559 2.543941 54.223511
v -4.639619 2.666766 54.351734
v -4.894108 2.960150 54.424812
v -4.981833 3.345481 54.423161
v -5.135293 3.671659 53.919872
v -4.901478 3.927716 53.730286
v -4.583838 4.000302 53.506649
v -4.267485 3.869967 53.308880
v -4.037185 3.571634 53.189976
v -3.954649 3.185242 53.181793
v -4.041990 2.814323 53.286526
v -4.275806 2.558265 53.476112
v -4.593447 2.485679 53.699753
v -4.909799 2.616014 53.897518
v -5.140098 2.914346 54.016426
v -5.222635 3.300739 54.024605
v -5.578783 3.593913 53.350479
v -5.363482 3.846625 53.136093
v -5.067940 3.915217 52.882862
v -4.771342 3.781312 52.658634
v -4.553165 3.480789 52.523491
v -4.471868 3.094173 52.513649
v -4.549234 2.725056 52.631744
v -4.764534 2.472345 52.846130
v -5.060078 2.403752 53.099365
v -5.356675 2.537656 53.323593
v -5.574852 2.838180 53.458733
v -5.656149 3.224797 53.468575
v -6.149523 3.489639 52.695324
v -5.943179 3.740684 52.470428
v -5.656914 3.807549 52.206310
v -5.367432 3.672320 51.973732
v -5.152301 3.371230 51.835022
v -5.069162 2.984956 51.827339
v -5.140297 2.617000 51.952744
v -5.346641 2.365955 52.177635
v -5.632906 2.299089 52.441757
v -5.922388 2.434319 52.674335
v -6.137519 2.735409 52.813049
v -6.220657 3.121683 52.820732
v -6.788844 3.360150 51.981018
v -6.584864 3.610708 51.753445
v -6.298766 3.677539 51.489132
v -6.007215 3.542736 51.258904
v -5.788331 3.242419 51.124451
v -5.700762 2.857058 51.121799
v -5.767974 2.489910 51.251659
v -5.971955 2.239352 51.479233
v -6.258050 2.172521 51.743546
v -6.549601 2.307324 51.973774
v -6.768487 2.607641 52.108227
v -6.856056 2.993002 52.110878
v -7.441939 3.205457 51.223595
v -7.234983 3.456733 50.999523
v -6.941370 3.525380 50.744072
v -6.639772 3.393004 50.525681
v -6.411000 3.095076 50.402878
v -6.316359 2.711424 50.408562
v -6.381201 2.344848 50.541210
v -6.588155 2.093572 50.765282
v -6.881770 2.024925 51.020737
v -7.183369 2.157300 51.239124
v -7.412139 2.455229 51.361931
v -7.506782 2.838881 51.356247
v -8.056227 3.024098 50.432587
v -7.841227 3.277813 50.219086
v -7.532506 3.351040 49.983482
v -7.212788 3.224158 49.788910
v -6.967738 2.931165 49.687500
v -6.863018 2.550568 49.706425
v -6.926688 2.184348 49.840618
v -7.141687 1.930633 50.054115
v -7.450408 1.857406 50.289719
v -7.770127 1.984287 50.484291
v -8.015177 2.277281 50.585705
v -8.119897 2.657878 50.566776
v -8.578880 2.811968 49.609703
v -8.350901 3.071165 49.417297
v -8.019554 3.153947 49.218460
v -7.673627 3.038133 49.066475
v -7.405808 2.754756 49.002064
v -7.287862 2.379745 49.042484
v -7.351387 2.013585 49.176910
v -7.579368 1.754388 49.369316
v -7.910713 1.671606 49.568153
v -8.256642 1.787420 49.720139
v -8.524461 2.070797 49.784550
v -8.642407 2.445808 49.744125
v -8.948828 2.560222 48.746250
v -8.705348 2.830696 48.592171
v -8.347807 2.932537 48.458115
v -7.972007 2.838457 48.380001
v -7.678644 2.573664 48.378761
v -7.546325 2.209110 48.454723
v -7.610503 1.842477 48.587536
v -7.853982 1.572003 48.741611
v -8.211524 1.470162 48.875671
v -8.587323 1.564242 48.953785
v -8.880687 1.829034 48.955025
v -9.013006 2.193588 48.879063
v -9.076514 2.257140 47.835724
v -8.825779 2.548372 47.743557
v -8.456163 2.684758 47.712532
v -8.066708 2.629753 47.750961
v -7.761765 2.398096 47.848549
v -7.623043 2.051859 47.979141
v -7.687714 1.683816 48.107750
v -7.938449 1.392584 48.199917
v -8.308064 1.256197 48.230942
v -8.697520 1.311202 48.192509
v -9.002462 1.542859 48.094925
v -9.141185 1.889096 47.964333
v -8.847360 1.916732 46.934551
v -8.620275 2.240157 46.931778
v -8.285815 2.424393 47.033623
v -7.933598 2.420074 47.212791
v -7.657997 2.228357 47.421280
v -7.532863 1.900613 47.603226
v -7.591722 1.524660 47.709869
v -7.818806 1.201235 47.712643
v -8.153265 1.016999 47.610802
v -8.505484 1.021318 47.431629
v -8.781084 1.213035 47.223141
v -8.906219 1.540779 47.041199
v -8.430742 1.743961 46.410465
v -8.270383 2.095128 46.494995
v -8.022310 2.315280 46.709869
v -7.752995 2.345429 46.997513
v -7.534600 2.177495 47.280853
v -7.425644 1.856478 47.483963
v -7.455321 1.468392 47.552429
v -7.615682 1.117226 47.467896
v -7.863753 0.897073 47.253021
v -8.133070 0.866924 46.965378
v -8.351465 1.034858 46.682041
v -8.460421 1.355875 46.478928
v -7.865232 1.680641 46.023438
v -7.774529 2.040935 46.158119
v -7.610482 2.272098 46.433495
v -7.417049 2.312190 46.775772
v -7.246059 2.150468 47.093243
v -7.143331 1.830267 47.300838
v -7.136388 1.437382 47.342934
v -7.227091 1.077088 47.208252
v -7.391138 0.845925 46.932877
v -7.584571 0.805833 46.590599
v -7.755561 0.967554 46.273129
v -7.858290 1.287756 46.065533
v -7.209285 1.690256 45.722351
v -7.164175 2.050339 45.878826
v -7.054692 2.281249 46.180275
v -6.910171 2.321115 46.545929
v -6.769336 2.159254 46.877811
v -6.669923 1.839037 47.086990
v -6.638569 1.446266 47.117424
v -6.683679 1.086183 46.960949
v -6.793161 0.855272 46.659500
v -6.937683 0.815406 46.293846
v -7.078518 0.977267 45.961964
v -7.177932 1.297484 45.752781
v -6.482028 1.748463 45.469727
v -6.464975 2.106456 45.636246
v -6.388563 2.334903 45.949539
v -6.273263 2.372592 46.325657
v -6.149972 2.209424 46.663818
v -6.051725 1.889120 46.873413
v -6.004847 1.497505 46.898289
v -6.021899 1.139512 46.731766
v -6.098310 0.911065 46.418476
v -6.213610 0.873376 46.042358
v -6.336901 1.036544 45.704197
v -6.435148 1.356848 45.494598
v -5.703156 1.840691 45.246132
v -5.702986 2.196742 45.417618
v -5.645852 2.422971 45.736572
v -5.547064 2.458761 46.117542
v -5.433089 2.294522 46.458447
v -5.334471 1.974261 46.667934
v -5.277632 1.583792 46.689877
v -5.277802 1.227741 46.518394
v -5.334934 1.001511 46.199436
v -5.433722 0.965721 45.818466
v -5.547696 1.129960 45.477566
v -5.646315 1.450222 45.268074
v -4.897624 1.955076 45.039589
v -4.906704 2.309836 45.213493
v -4.859285 2.534709 45.534992
v -4.768072 2.569441 45.917946
v -4.657507 2.404725 46.259739
v -4.557217 2.084697 46.468788
v -4.494070 1.695109 46.489082
v -4.484991 1.340349 46.315182
v -4.532412 1.115476 45.993683
v -4.623623 1.080744 45.610729
v -4.734188 1.245460 45.268936
v -4.834479 1.565487 45.059883
v -4.094069 2.080360 44.841076
v -4.106376 2.434622 45.015793
v -4.060935 2.659190 45.337791
v -3.969921 2.693891 45.720791
v -3.857722 2.529428 46.062172
v -3.754401 2.209867 46.270462
v -3.687642 1.820835 46.289845
v -3.675335 1.466572 46.115131
v -3.720776 1.242004 45.793133
v -3.811790 1.207302 45.410130
v -3.923989 1.371766 45.068748
v -4.027310 1.691327 44.860458
v -3.323863 2.205304 44.643173
v -3.333653 2.559970 44.817230
v -3.282568 2.785443 45.137745
v -3.184299 2.821308 45.518841
v -3.065174 2.657954 45.858406
v -2.957114 2.339153 46.065449
v -2.889074 1.950326 46.084496
v -2.879285 1.595660 45.910446
v -2.930369 1.370187 45.589928
v -3.028640 1.334322 45.208832
v -3.147764 1.497676 44.869267
v -3.255824 1.816477 44.662224
v -2.621357 2.318499 44.440231
v -2.621851 2.674640 44.611523
v -2.555863 2.902479 44.927616
v -2.441077 2.940965 45.303810
v -2.308248 2.779787 45.639305
v -2.192968 2.462132 45.844204
v -2.126127 2.073115 45.863605
v -2.125634 1.716973 45.692314
v -2.191621 1.489134 45.376221
v -2.306407 1.450648 45.000027
v -2.439237 1.611826 44.664536
v -2.554516 1.929481 44.459633
v -2.025530 2.408364 44.230343
v -2.007026 2.767296 44.394672
v -1.912612 2.999310 44.700344
v -1.767587 3.042238 45.065449
v -1.610810 2.884577 45.392162
v -1.484290 2.568573 45.592945
v -1.421926 2.178898 45.613991
v -1.440430 1.819966 45.449661
v -1.534844 1.587952 45.143990
v -1.679869 1.545024 44.778885
v -1.836646 1.702685 44.452171
v -1.963167 2.018689 44.251389
v -1.583282 2.464056 44.022484
v -1.529997 2.827068 44.169323
v -1.384935 3.065022 44.449524
v -1.186965 3.114160 44.788010
v -0.989132 2.961315 45.094078
v -0.844448 2.647441 45.285725
v -0.791677 2.256641 45.311592
v -0.844962 1.893630 45.164753
v -0.990025 1.655675 44.884552
v -1.187994 1.606537 44.546066
v -1.385827 1.759382 44.239998
v -1.530512 2.073256 44.048351
v -1.330133 2.481515 43.842041
v -1.224555 2.847254 43.948189
v -1.004160 3.089138 44.169765
v -0.728003 3.142353 44.447407
v -0.470079 2.992642 44.706715
v -0.299500 2.680119 44.878208
v -0.261971 2.288524 44.915939
v -0.367550 1.922785 44.809792
v -0.587945 1.680901 44.588215
v -0.864101 1.627685 44.310577
v -1.122025 1.777397 44.051270
v -1.292605 2.089920 43.879772
vt 0.000000 1.000000
vt 0.016667 1.000000
vt 0.016667 0.916667
vt 0.000000 0.916667
vt 0.000000 0.083333
vt 0.016667 0.083333
vt 0.016667 0.000000
vt 0.000000 0.000000
vt 0.000000 0.166667
vt 0.016667 0.166667
vt 0.000000 0.250000
vt 0.016667 0.250000
vt 0.000000 0.333333
vt 0.016667 0.333333
vt 0.000000 0.416667
vt 0.016667 0.416667
vt 0.000000 0.500000
vt 0.016667 0.500000
vt 0.000000 0.583333
vt 0.016667 0.583333
vt 0.000000 0.666667
vt 0.016667 0.666667
vt 0.000000 0.750000
vt 0.016667 0.750000
vt 0.000000 0.833333
vt 0.016667 0.833333
vt 0.033333 1.000000
vt 0.033333 0.916667
vt 0.033333 0.083333
vt 0.033333 0.000000
vt 0.033333 0.166667
vt 0.033333 0.250000
vt 0.033333 0.333333
vt 0.033333 0.416667
vt 0.033333 0.500000
vt 0.033333 0.583333
vt 0.033333 0.666667
vt 0.033333 0.750000
vt 0.033333 0.833333
vt 0.050000 1.000000
vt 0.050000 0.916667
vt 0.050000 0.083333
vt 0.050000 0.000000
vt 0.050000 0.166667
vt 0.050000 0.250000
vt 0.050000 0.333333
vt 0.050000 0.416667
vt 0.050000 0.500000
vt 0.050000 0.583333
vt 0.050000 0.666667
vt 0.050000 0.750000
vt 0.050000 0.833333
vt 0.066667 1.000000
vt 0.066667 0.916667
vt 0.066667 0.083333
vt 0.066667 0.000000
vt 0.066667 0.166667
vt 0.066667 0.250000
vt 0.066667 0.333333
vt 0.066667 0.416667
vt 0.066667 0.500000
vt 0.066667 0.583333
vt 0.066667 0.666667
vt 0.066667 0.750000
vt 0.066667 0.833333
vt 0.083333 1.000000
vt 0.083333 0.916667
vt 0.083333 0.083333
vt 0.083333 0.000000
vt 0.083333 0.166667
vt 0.083333 0.250000
vt 0.083333 0.333333
vt 0.083333 0.416667
vt 0.083333 0.500000
vt 0.083333 0.583333
vt 0.083333 0.666667
vt 0.083333 0.750000
vt 0.083333 0.833333
vt 0.100000 1.000000
vt 0.100000 0.916667
vt 0.100000 0.083333
vt 0.100000 0.000000
vt 0.100000 0.166667
vt 0.100000 0.250000
vt 0.100000 0.333333
vt 0.100000 0.416667
vt 0.100000 0.500000
vt 0.100000 0.583333
vt 0.100000 0.666667
vt 0.100000 0.750000
vt 0.100000 0.833333
vt 0.116667 1.000000
vt 0.116667 0.916667
vt 0.116667 0.083333
vt 0.116667 0.000000
vt 0.116667 0.166667
vt 0.116667 0.250000
vt 0.116667 0.333333
vt 0.116667 0.416667
vt 0.116667 0.500000
vt 0.116667 0.583333
vt 0.116667 0.666667
vt 0.116667 0.750000
vt 0.116667 0.833333
vt 0.133333 1.000000
vt 0.133333 0.916667
vt 0.133333 0.083333
vt 0.133333 0.000000
vt 0.133333 0.166667
vt 0.133333 0.250000
vt 0.133333 0.333333
vt 0.133333 0.416667
vt 0.133333 0.500000
vt 0.133333 0.583333
vt 0.133333 0.666667
vt 0.133333 0.750000
vt 0.133333 0.833333
vt 0.150000 1.000000
vt 0.150000 0.916667
vt 0.150000 0.083333
vt 0.150000 0.000000
vt 0.150000 0.166667
vt 0.150000 0.250000
vt 0.150000 0.333333
vt 0.150000 0.416667
vt 0.150000 0.500000
vt 0.150000 0.583333
vt 0.150000 0.666667
vt 0.150000 0.750000
vt 0.150000 0.833333
vt 0.166667 1.000000
vt 0.166667 0.916667
vt 0.166667 0.083333
vt 0.166667 0.000000
vt 0.166667 0.166667
vt 0.166667 0.250000
vt 0.166667 0.333333
vt 0.166667 0.416667
vt 0.166667 0.500000
vt 0.166667 0.583333
vt 0.166667 0.666667
vt 0.166667 0.750000
vt 0.166667 0.833333
vt 0.183333 1.000000
vt 0.183333 0.916667
vt 0.183333 0.083333
vt 0.183333 0.000000
vt 0.183333 0.166667
vt 0.183333 0.250000
vt 0.183333 0.333333
vt 0.183333 0.416667
vt 0.183333 0.500000
vt 0.183333 0.583333
vt 0.183333 0.666667
vt 0.183333 0.750000
vt 0.183333 0.833333
vt 0.200000 1.000000
vt 0.200000 0.916667
vt 0.200000 0.083333
vt 0.200000 0.000000
vt 0.200000 0.166667
vt 0.200000 0.250000
vt 0.200000 0.333333
vt 0.200000 0.416667
vt 0.200000 0.500000
vt 0.200000 0.583333
vt 0.200000 0.666667
vt 0.200000 0.750000
vt 0.200000 0.833333
vt 0.216667 1.000000
vt 0.216667 0.916667
vt 0.216667 0.083333
vt 0.216667 0.000000
vt 0.216667 0.166667
vt 0.216667 0.250000
vt 0.216667 0.333333
vt 0.216667 0.416667
vt 0.216667 0.500000
vt 0.216667 0.583333
vt 0.216667 0.666667
vt 0.216667 0.750000
vt 0.216667 0.833333
vt 0.233333 1.000000
vt 0.233333 0.916667
vt 0.233333 0.083333
vt 0.233333 0.000000
vt 0.233333 0.166667
vt 0.233333 0.250000
vt 0.233333 0.333333
vt 0.233333 0.416667
vt 0.233333 0.500000
vt 0.233333 0.583333
vt 0.233333 0.666667
vt 0.233333 0.750000
vt 0.233333 0.833333
vt 0.250000 1.000000
vt 0.250000 0.916667
vt 0.250000 0.083333
vt 0.250000 0.000000
vt 0.250000 0.166667
vt 0.250000 0.250000
vt 0.250000 0.333333
vt 0.250000 0.416667
vt 0.250000 0.500000
vt 0.250000 0.583333
vt 0.250000 0.666667
vt 0.250000 0.750000
vt 0.250000 0.833333
vt 0.266667 1.000000
vt 0.266667 0.916667
vt 0.266667 0.083333
vt 0.266667 0.000000
vt 0.266667 0.166667
vt 0.266667 0.250000
vt 0.266667 0.333333
vt 0.266667 0.416667
vt 0.266667 0.500000
vt 0.266667 0.583333
vt 0.266667 0.666667
vt 0.266667 0.750000
vt 0.266667 0.833333
vt 0.283333 1.000000
vt 0.283333 0.916667
vt 0.283333 0.083333
vt 0.283333 0.000000
vt 0.283333 0.166667
vt 0.283333 0.250000
vt 0.283333 0.333333
vt 0.283333 0.416667
vt 0.283333 0.500000
vt 0.283333 0.583333
vt 0.283333 0.666667
vt 0.283333 0.750000
vt 0.283333 0.833333
vt 0.300000 1.000000
vt 0.300000 0.916667
vt 0.300000 0.083333
vt 0.300000 0.000000
vt 0.300000 0.166667
vt 0.300000 0.250000
vt 0.300000 0.333333
vt 0.300000 0.416667
vt 0.300000 0.500000
vt 0.300000 0.583333
vt 0.300000 0.666667
vt 0.300000 0.750000
vt 0.300000 0.833333
vt 0.316667 1.000000
vt 0.316667 0.916667
vt 0.316667 0.083333
vt 0.316667 0.000000
vt 0.316667 0.166667
vt 0.316667 0.250000
vt 0.316667 0.333333
vt 0.316667 0.416667
vt 0.316667 0.500000
vt 0.316667 0.583333
vt 0.316667 0.666667
vt 0.316667 0.750000
vt 0.316667 0.833333
vt 0.333333 1.000000
vt 0.333333 0.916667
vt 0.333333 0.083333
vt 0.333333 0.000000
vt 0.333333 0.166667
vt 0.333333 0.250000
vt 0.333333 0.333333
vt 0.333333 0.416667
vt 0.333333 0.500000
vt 0.333333 0.583333
vt 0.333333 0.666667
vt 0.333333 0.750000
vt 0.333333 0.833333
vt 0.350000 1.000000
vt 0.350000 0.916667
vt 0.350000 0.083333
vt 0.350000 0.000000
vt 0.350000 0.166667
vt 0.350000 0.250000
vt 0.350000 0.333333
vt 0.350000 0.416667
vt 0.350000 0.500000
vt 0.350000 0.583333
vt 0.350000 0.666667
vt 0.350000 0.750000
vt 0.350000 0.833333
vt 0.366667 1.000000
vt 0.366667 0.916667
vt 0.366667 0.083333
vt 0.366667 0.000000
vt 0.366667 0.166667
vt 0.366667 0.250000
vt 0.366667 0.333333
vt 0.366667 0.416667
vt 0.366667 0.500000
vt 0.366667 0.583333
vt 0.366667 0.666667
vt 0.366667 0.750000
vt 0.366667 0.833333
vt 0.383333 1.000000
vt 0.383333 0.916667
vt 0.383333 0.083333
vt 0.383333 0.000000
vt 0.383333 0.166667
vt 0.383333 0.250000
vt 0.383333 0.333333
vt 0.383333 0.416667
vt 0.383333 0.500000
vt 0.383333 0.583333
vt 0.383333 0.666667
vt 0.383333 0.750000
vt 0.383333 0.833333
vt 0.400000 1.000000
vt 0.400000 0.916667
vt 0.400000 0.083333
vt 0.400000 0.000000
vt 0.400000 0.166667
vt 0.400000 0.250000
vt 0.400000 0.333333
vt 0.400000 0.416667
vt 0.400000 0.500000
vt 0.400000 0.583333
vt 0.400000 0.666667
vt 0.400000 0.750000
vt 0.400000 0.833333
vt 0.416667 1.000000
vt 0.416667 0.916667
vt 0.416667 0.083333
vt 0.416667 0.000000
vt 0.416667 0.166667
vt 0.416667 0.250000
vt 0.416667 0.333333
vt 0.416667 0.416667
vt 0.416667 0.500000
vt 0.416667 0.583333
vt 0.416667 0.666667
vt 0.416667 0.750000
vt 0.416667 0.833333
vt 0.433333 1.000000
vt 0.433333 0.916667
vt 0.433333 0.083333
vt 0.433333 0.000000
vt 0.433333 0.166667
vt 0.433333 0.250000
vt 0.433333 0.333333
vt 0.433333 0.416667
vt 0.433333 0.500000
vt 0.433333 0.583333
vt 0.433333 0.666667
vt 0.433333 0.750000
vt 0.433333 0.833333
vt 0.450000 1.000000
vt 0.450000 0.916667
vt 0.450000 0.083333
vt 0.450000 0.000000
vt 0.450000 0.166667
vt 0.450000 0.250000
vt 0.450000 0.333333
vt 0.450000 0.416667
vt 0.450000 0.500000
vt 0.450000 0.583333
vt 0.450000 0.666667
vt 0.450000 0.750000
vt 0.450000 0.833333
vt 0.466667 1.000000
vt 0.466667 0.916667
vt 0.466667 0.083333
vt 0.466667 0.000000
vt 0.466667 0.166667
vt 0.466667 0.250000
vt 0.466667 0.333333
vt 0.466667 0.416667
vt 0.466667 0.500000
vt 0.466667 0.583333
vt 0.466667 0.666667
vt 0.466667 0.750000
vt 0.466667 0.833333
vt 0.483333 1.000000
vt 0.483333 0.916667
vt 0.483333 0.083333
vt 0.483333 0.000000
vt 0.483333 0.166667
vt 0.483333 0.250000
vt 0.483333 0.333333
vt 0.483333 0.416667
vt 0.483333 0.500000
vt 0.483333 0.583333
vt 0.483333 0.666667
vt 0.483333 0.750000
vt 0.483333 0.833333
vt 0.500000 1.000000
vt 0.500000 0.916667
vt 0.500000 0.083333
vt 0.500000 0.000000
vt 0.500000 0.166667
vt 0.500000 0.250000
vt 0.500000 0.333333
vt 0.500000 0.416667
vt 0.500000 0.500000
vt 0.500000 0.583333
vt 0.500000 0.666667
vt 0.500000 0.750000
vt 0.500000 0.833333
vt 0.516667 1.000000
vt 0.516667 0.916667
vt 0.516667 0.083333
vt 0.516667 0.000000
vt 0.516667 0.166667
vt 0.516667 0.250000
vt 0.516667 0.333333
vt 0.516667 0.416667
vt 0.516667 0.500000
vt 0.516667 0.583333
vt 0.516667 0.666667
vt 0.516667 0.750000
vt 0.516667 0.833333
vt 0.533333 1.000000
vt 0.533333 0.916667
vt 0.533333 0.083333
vt 0.533333 0.000000
vt 0.533333 0.166667
vt 0.533333 0.250000
vt 0.533333 0.333333
vt 0.533333 0.416667
vt 0.533333 0.500000
vt 0.533333 0.583333
vt 0.533333 0.666667
vt 0.533333 0.750000
vt 0.533333 0.833333
vt 0.550000 1.000000
vt 0.550000 0.916667
vt 0.550000 0.083333
vt 0.550000 0.000000
vt 0.550000 0.166667
vt 0.550000 0.250000
vt 0.550000 0.333333
vt 0.550000 0.416667
vt 0.550000 0.500000
vt 0.550000 0.583333
vt 0.550000 0.666667
vt 0.550000 0.750000
vt 0.550000 0.833333
vt 0.566667 1.000000
vt 0.566667 0.916667
vt 0.566667 0.083333
vt 0.566667 0.000000
vt 0.566667 0.166667
vt 0.566667 0.250000
vt 0.566667 0.333333
vt 0.566667 0.416667
vt 0.566667 0.500000
vt 0.566667 0.583333
vt 0.566667 0.666667
vt 0.566667 0.750000
vt 0.566667 0.833333
vt 0.583333 1.000000
vt 0.583333 0.916667
vt 0.583333 0.083333
vt 0.583333 0.000000
vt 0.583333 0.166667
vt 0.583333 0.250000
vt 0.583333 0.333333
vt 0.583333 0.416667
vt 0.583333 0.500000
vt 0.583333 0.583333
vt 0.583333 0.666667
vt 0.583333 0.750000
vt 0.583333 0.833333
vt 0.600000 1.000000
vt 0.600000 0.916667
vt 0.600000 0.083333
vt 0.600000 0.000000
vt 0.600000 0.166667
vt 0.600000 0.250000
vt 0.600000 0.333333
vt 0.600000 0.416667
vt 0.600000 0.500000
vt 0.600000 0.583333
vt 0.600000 0.666667
vt 0.600000 0.750000
vt 0.600000 0.833333
vt 0.616667 1.000000
vt 0.616667 0.916667
vt 0.616667 0.083333
vt 0.616667 0.000000
vt 0.616667 0.166667
vt 0.616667 0.250000
vt 0.616667 0.333333
vt 0.616667 0.416667
vt 0.616667 0.500000
vt 0.616667 0.583333
vt 0.616667 0.666667
vt 0.616667 0.750000
vt 0.616667 0.833333
vt 0.633333 1.000000
vt 0.633333 0.916667
vt 0.633333 0.083333
vt 0.633333 0.000000
vt 0.633333 0.166667
vt 0.633333 0.250000
vt 0.633333 0.333333
vt 0.633333 0.416667
vt 0.633333 0.500000
vt 0.633333 0.583333
vt 0.633333 0.666667
vt 0.633333 0.750000
vt 0.633333 0.833333
vt 0.650000 1.000000
vt 0.650000 0.916667
vt 0.650000 0.083333
vt 0.650000 0.000000
vt 0.650000 0.166667
vt 0.650000 0.250000
vt 0.650000 0.333333
vt 0.650000 0.416667
vt 0.650000 0.500000
vt 0.650000 0.583333
vt 0.650000 0.666667
vt 0.650000 0.750000
vt 0.650000 0.833333
vt 0.666667 1.000000
vt 0.666667 0.916667
vt 0.666667 0.083333
vt 0.666667 0.000000
vt 0.666667 0.166667
vt 0.666667 0.250000
vt 0.666667 0.333333
vt 0.666667 0.416667
vt 0.666667 0.500000
vt 0.666667 0.583333
vt 0.666667 0.666667
vt 0.666667 0.750000
vt 0.666667 0.833333
vt 0.683333 1.000000
vt 0.683333 0.916667
vt 0.683333 0.083333
vt 0.683333 0.000000
vt 0.683333 0.166667
vt 0.683333 0.250000
vt 0.683333 0.333333
vt 0.683333 0.416667
vt 0.683333 0.500000
vt 0.683333 0.583333
vt 0.683333 0.666667
vt 0.683333 0.750000
vt 0.683333 0.833333
vt 0.700000 1.000000
vt 0.700000 0.916667
vt 0.700000 0.083333
vt 0.700000 0.000000
vt 0.700000 0.166667
vt 0.700000 0.250000
vt 0.700000 0.333333
vt 0.700000 0.416667
vt 0.700000 0.500000
vt 0.700000 0.583333
vt 0.700000 0.666667
vt 0.700000 0.750000
vt 0.700000 0.833333
vt 0.716667 1.000000
vt 0.716667 0.916667
vt 0.716667 0.083333
vt 0.716667 0.000000
vt 0.716667 0.166667
vt 0.716667 0.250000
vt 0.716667 0.333333
vt 0.716667 0.416667
vt 0.716667 0.500000
vt 0.716667 0.583333
vt 0.716667 0.666667
vt 0.716667 0.750000
vt 0.716667 0.833333
vt 0.733333 1.000000
vt 0.733333 0.916667
vt 0.733333 0.083333
vt 0.733333 0.000000
vt 0.733333 0.166667
vt 0.733333 0.250000
vt 0.733333 0.333333
vt 0.733333 0.416667
vt 0.733333 0.500000
vt 0.733333 0.583333
vt 0.733333 0.666667
vt 0.733333 0.750000
vt 0.733333 0.833333
vt 0.750000 1.000000
vt 0.750000 0.916667
vt 0.750000 0.083333
vt 0.750000 0.000000
vt 0.750000 0.166667
vt 0.750000 0.250000
vt 0.750000 0.333333
vt 0.750000 0.416667
vt 0.750000 0.500000
vt 0.750000 0.583333
vt 0.750000 0.666667
vt 0.750000 0.750000
vt 0.750000 0.833333
vt 0.766667 1.000000
vt 0.766667 0.916667
vt 0.766667 0.083333
vt 0.766667 0.000000
vt 0.766667 0.166667
vt 0.766667 0.250000
vt 0.766667 0.333333
vt 0.766667 0.416667
vt 0.766667 0.500000
vt 0.766667 0.583333
vt 0.766667 0.666667
vt 0.766667 0.750000
vt 0.766667 0.833333
vt 0.783333 1.000000
vt 0.783333 0.916667
vt 0.783333 0.083333
vt 0.783333 0.000000
vt 0.783333 0.166667
vt 0.783333 0.250000
vt 0.783333 0.333333
vt 0.783333 0.416667
vt 0.783333 0.500000
vt 0.783333 0.583333
vt 0.783333 0.666667
vt 0.783333 0.750000
vt 0.783333 0.833333
vt 0.800000 1.000000
vt 0.800000 0.916667
vt 0.800000 0.083333
vt 0.800000 0.000000
vt 0.800000 0.166667
vt 0.800000 0.250000
vt 0.800000 0.333333
vt 0.800000 0.416667
vt 0.800000 0.500000
vt 0.800000 0.583333
vt 0.800000 0.666667
vt 0.800000 0.750000
vt 0.800000 0.833333
vt 0.816667 1.000000
vt 0.816667 0.916667
vt 0.816667 0.083333
vt 0.816667 0.000000
vt 0.816667 0.166667
vt 0.816667 0.250000
vt 0.816667 0.333333
vt 0.816667 0.416667
vt 0.816667 0.500000
vt 0.816667 0.583333
vt 0.816667 0.666667
vt 0.816667 0.750000
vt 0.816667 0.833333
vt 0.833333 1.000000
vt 0.833333 0.916667
vt 0.833333 0.083333
vt 0.833333 0.000000
vt 0.833333 0.166667
vt 0.833333 0.250000
vt 0.833333 0.333333
vt 0.833333 0.416667
vt 0.833333 0.500000
vt 0.833333 0.583333
vt 0.833333 0.666667
vt 0.833333 0.750000
vt 0.833333 0.833333
vt 0.850000 1.000000
vt 0.850000 0.916667
vt 0.850000 0.083333
vt 0.850000 0.000000
vt 0.850000 0.166667
vt 0.850000 0.250000
vt 0.850000 0.333333
vt 0.850000 0.416667
vt 0.850000 0.500000
vt 0.850000 0.583333
vt 0.850000 0.666667
vt 0.850000 0.750000
vt 0.850000 0.833333
vt 0.866667 1.000000
vt 0.866667 0.916667
vt 0.866667 0.083333
vt 0.866667 0.000000
vt 0.866667 0.166667
vt 0.866667 0.250000
vt 0.866667 0.333333
vt 0.866667 0.416667
vt 0.866667 0.500000
vt 0.866667 0.583333
vt 0.866667 0.666667
vt 0.866667 0.750000
vt 0.866667 0.833333
vt 0.883333 1.000000
vt 0.883333 0.916667
vt 0.883333 0.083333
vt 0.883333 0.000000
vt 0.883333 0.166667
vt 0.883333 0.250000
vt 0.883333 0.333333
vt 0.883333 0.416667
vt 0.883333 0.500000
vt 0.883333 0.583333
vt 0.883333 0.666667
vt 0.883333 0.750000
vt 0.883333 0.833333
vt 0.900000 1.000000
vt 0.900000 0.916667
vt 0.900000 0.083333
vt 0.900000 0.000000
vt 0.900000 0.166667
vt 0.900000 0.250000
vt 0.900000 0.333333
vt 0.900000 0.416667
vt 0.900000 0.500000
vt 0.900000 0.583333
vt 0.900000 0.666667
vt 0.900000 0.750000
vt 0.900000 0.833333
vt 0.916667 1.000000
vt 0.916667 0.916667
vt 0.916667 0.083333
vt 0.916667 0.000000
vt 0.916667 0.166667
vt 0.916667 0.250000
vt 0.916667 0.333333
vt 0.916667 0.416667
vt 0.916667 0.500000
vt 0.916667 0.583333
vt 0.916667 0.666667
vt 0.916667 0.750000
vt 0.916667 0.833333
vt 0.933333 1.000000
vt 0.933333 0.916667
vt 0.933333 0.083333
vt 0.933333 0.000000
vt 0.933333 0.166667
vt 0.933333 0.250000
vt 0.933333 0.333333
vt 0.933333 0.416667
vt 0.933333 0.500000
vt 0.933333 0.583333
vt 0.933333 0.666667
vt 0.933333 0.750000
vt 0.933333 0.833333
vt 0.950000 1.000000
vt 0.950000 0.916667
vt 0.950000 0.083333
vt 0.950000 0.000000
vt 0.950000 0.166667
vt 0.950000 0.250000
vt 0.950000 0.333333
vt 0.950000 0.416667
vt 0.950000 0.500000
vt 0.950000 0.583333
vt 0.950000 0.666667
vt 0.950000 0.750000
vt 0.950000 0.833333
vt 0.966667 1.000000
vt 0.966667 0.916667
vt 0.966667 0.083333
vt 0.966667 0.000000
vt 0.966667 0.166667
vt 0.966667 0.250000
vt 0.966667 0.333333
vt 0.966667 0.416667
vt 0.966667 0.500000
vt 0.966667 0.583333
vt 0.966667 0.666667
vt 0.966667 0.750000
vt 0.966667 0.833333
vt 0.983333 1.000000
vt 0.983333 0.916667
vt 0.983333 0.083333
vt 0.983333 0.000000
vt 0.983333 0.166667
vt 0.983333 0.250000
vt 0.983333 0.333333
vt 0.983333 0.416667
vt 0.983333 0.500000
vt 0.983333 0.583333
vt 0.983333 0.666667
vt 0.983333 0.750000
vt 0.983333 0.833333
vt 1.000000 1.000000
vt 1.000000 0.916667
vt 1.000000 0.083333
vt 1.000000 0.000000
vt 1.000000 0.166667
vt 1.000000 0.250000
vt 1.000000 0.333333
vt 1.000000 0.416667
vt 1.000000 0.500000
vt 1.000000 0.583333
vt 1.000000 0.666667
vt 1.000000 0.750000
vt 1.000000 0.833333
vt 0.000000 1.000000
vt 0.041667 1.000000
vt 0.041667 0.916667
vt 0.000000 0.916667
vt 0.000000 0.083333
vt 0.041667 0.083333
vt 0.041667 0.000000
vt 0.000000 0.000000
vt 0.000000 0.166667
vt 0.041667 0.166667
vt 0.000000 0.250000
vt 0.041667 0.250000
vt 0.000000 0.333333
vt 0.041667 0.333333
vt 0.000000 0.416667
vt 0.041667 0.416667
vt 0.000000 0.500000
vt 0.041667 0.500000
vt 0.000000 0.583333
vt 0.041667 0.583333
vt 0.000000 0.666667
vt 0.041667 0.666667
vt 0.000000 0.750000
vt 0.041667 0.750000
vt 0.000000 0.833333
vt 0.041667 0.833333
vt 0.083333 1.000000
vt 0.083333 0.916667
vt 0.083333 0.083333
vt 0.083333 0.000000
vt 0.083333 0.166667
vt 0.083333 0.250000
vt 0.083333 0.333333
vt 0.083333 0.416667
vt 0.083333 0.500000
vt 0.083333 0.583333
vt 0.083333 0.666667
vt 0.083333 0.750000
vt 0.083333 0.833333
vt 0.125000 1.000000
vt 0.125000 0.916667
vt 0.125000 0.083333
vt 0.125000 0.000000
vt 0.125000 0.166667
vt 0.125000 0.250000
vt 0.125000 0.333333
vt 0.125000 0.416667
vt 0.125000 0.500000
vt 0.125000 0.583333
vt 0.125000 0.666667
vt 0.125000 0.750000
vt 0.125000 0.833333
vt 0.166667 1.000000
vt 0.166667 0.916667
vt 0.166667 0.083333
vt 0.166667 0.000000
vt 0.166667 0.166667
vt 0.166667 0.250000
vt 0.166667 0.333333
vt 0.166667 0.416667
vt 0.166667 0.500000
vt 0.166667 0.583333
vt 0.166667 0.666667
vt 0.166667 0.750000
vt 0.166667 0.833333
vt 0.208333 1.000000
vt 0.208333 0.916667
vt 0.208333 0.083333
vt 0.208333 0.000000
vt 0.208333 0.166667
vt 0.208333 0.250000
vt 0.208333 0.333333
vt 0.208333 0.416667
vt 0.208333 0.500000
vt 0.208333 0.583333
vt 0.208333 0.666667
vt 0.208333 0.750000
vt 0.208333 0.833333
vt 0.250000 1.000000
vt 0.250000 0.916667
vt 0.250000 0.083333
vt 0.250000 0.000000
vt 0.250000 0.166667
vt 0.250000 0.250000
vt 0.250000 0.333333
vt 0.250000 0.416667
vt 0.250000 0.500000
vt 0.250000 0.583333
vt 0.250000 0.666667
vt 0.250000 0.750000
vt 0.250000 0.833333
vt 0.291667 1.000000
vt 0.291667 0.916667
vt 0.291667 0.083333
vt 0.291667 0.000000
vt 0.291667 0.166667
vt 0.291667 0.250000
vt 0.291667 0.333333
vt 0.291667 0.416667
vt 0.291667 0.500000
vt 0.291667 0.583333
vt 0.291667 0.666667
vt 0.291667 0.750000
vt 0.291667 0.833333
vt 0.333333 1.000000
vt 0.333333 0.916667
vt 0.333333 0.083333
vt 0.333333 0.000000
vt 0.333333 0.166667
vt 0.333333 0.250000
vt 0.333333 0.333333
vt 0.333333 0.416667
vt 0.333333 0.500000
vt 0.333333 0.583333
vt 0.333333 0.666667
vt 0.333333 0.750000
vt 0.333333 0.833333
vt 0.375000 1.000000
vt 0.375000 0.916667
vt 0.375000 0.083333
vt 0.375000 0.000000
vt 0.375000 0.166667
vt 0.375000 0.250000
vt 0.375000 0.333333
vt 0.375000 0.416667
vt 0.375000 0.500000
vt 0.375000 0.583333
vt 0.375000 0.666667
vt 0.375000 0.750000
vt 0.375000 0.833333
vt 0.416667 1.000000
vt 0.416667 0.916667
vt 0.416667 0.083333
vt 0.416667 0.000000
vt 0.416667 0.166667
vt 0.416667 0.250000
vt 0.416667 0.333333
vt 0.416667 0.416667
vt 0.416667 0.500000
vt 0.416667 0.583333
vt 0.416667 0.666667
vt 0.416667 0.750000
vt 0.416667 0.833333
vt 0.458333 1.000000
vt 0.458333 0.916667
vt 0.458333 0.083333
vt 0.458333 0.000000
vt 0.458333 0.166667
vt 0.458333 0.250000
vt 0.458333 0.333333
vt 0.458333 0.416667
vt 0.458333 0.500000
vt 0.458333 0.583333
vt 0.458333 0.666667
vt 0.458333 0.750000
vt 0.458333 0.833333
vt 0.500000 1.000000
vt 0.500000 0.916667
vt 0.500000 0.083333
vt 0.500000 0.000000
vt 0.500000 0.166667
vt 0.500000 0.250000
vt 0.500000 0.333333
vt 0.500000 0.416667
vt 0.500000 0.500000
vt 0.500000 0.583333
vt 0.500000 0.666667
vt 0.500000 0.750000
vt 0.500000 0.833333
vt 0.541667 1.000000
vt 0.541667 0.916667
vt 0.541667 0.083333
vt 0.541667 0.000000
vt 0.541667 0.166667
vt 0.541667 0.250000
vt 0.541667 0.333333
vt 0.541667 0.416667
vt 0.541667 0.500000
vt 0.541667 0.583333
vt 0.541667 0.666667
vt 0.541667 0.750000
vt 0.541667 0.833333
vt 0.583333 1.000000
vt 0.583333 0.916667
vt 0.583333 0.083333
vt 0.583333 0.000000
vt 0.583333 0.166667
vt 0.583333 0.250000
vt 0.583333 0.333333
vt 0.583333 0.416667
vt 0.583333 0.500000
vt 0.583333 0.583333
vt 0.583333 0.666667
vt 0.583333 0.750000
vt 0.583333 0.833333
vt 0.625000 1.000000
vt 0.625000 0.916667
vt 0.625000 0.083333
vt 0.625000 0.000000
vt 0.625000 0.166667
vt 0.625000 0.250000
vt 0.625000 0.333333
vt 0.625000 0.416667
vt 0.625000 0.500000
vt 0.625000 0.583333
vt 0.625000 0.666667
vt 0.625000 0.750000
vt 0.625000 0.833333
vt 0.666667 1.000000
vt 0.666667 0.916667
vt 0.666667 0.083333
vt 0.666667 0.000000
vt 0.666667 0.166667
vt 0.666667 0.250000
vt 0.666667 0.333333
vt 0.666667 0.416667
vt 0.666667 0.500000
vt 0.666667 0.583333
vt 0.666667 0.666667
vt 0.666667 0.750000
vt 0.666667 0.833333
vt 0.708333 1.000000
vt 0.708333 0.916667
vt 0.708333 0.083333
vt 0.708333 0.000000
vt 0.708333 0.166667
vt 0.708333 0.250000
vt 0.708333 0.333333
vt 0.708333 0.416667
vt 0.708333 0.500000
vt 0.708333 0.583333
vt 0.708333 0.666667
vt 0.708333 0.750000
vt 0.708333 0.833333
vt 0.750000 1.000000
vt 0.750000 0.916667
vt 0.750000 0.083333
vt 0.750000 0.000000
vt 0.750000 0.166667
vt 0.750000 0.250000
vt 0.750000 0.333333
vt 0.750000 0.416667
vt 0.750000 0.500000
vt 0.750000 0.583333
vt 0.750000 0.666667
vt 0.750000 0.750000
vt 0.750000 0.833333
vt 0.791667 1.000000
vt 0.791667 0.916667
vt 0.791667 0.083333
vt 0.791667 0.000000
vt 0.791667 0.166667
vt 0.791667 0.250000
vt 0.791667 0.333333
vt 0.791667 0.416667
vt 0.791667 0.500000
vt 0.791667 0.583333
vt 0.791667 0.666667
vt 0.791667 0.750000
vt 0.791667 0.833333
vt 0.833333 1.000000
vt 0.833333 0.916667
vt 0.833333 0.083333
vt 0.833333 0.000000
vt 0.833333 0.166667
vt 0.833333 0.250000
vt 0.833333 0.333333
vt 0.833333 0.416667
vt 0.833333 0.500000
vt 0.833333 0.583333
vt 0.833333 0.666667
vt 0.833333 0.750000
vt 0.833333 0.833333
vt 0.875000 1.000000
vt 0.875000 0.916667
vt 0.875000 0.083333
vt 0.875000 0.000000
vt 0.875000 0.166667
vt 0.875000 0.250000
vt 0.875000 0.333333
vt 0.875000 0.416667
vt 0.875000 0.500000
vt 0.875000 0.583333
vt 0.875000 0.666667
vt 0.875000 0.750000
vt 0.875000 0.833333
vt 0.916667 1.000000
vt 0.916667 0.916667
vt 0.916667 0.083333
vt 0.916667 0.000000
vt 0.916667 0.166667
vt 0.916667 0.250000
vt 0.916667 0.333333
vt 0.916667 0.416667
vt 0.916667 0.500000
vt 0.916667 0.583333
vt 0.916667 0.666667
vt 0.916667 0.750000
vt 0.916667 0.833333
vt 0.958333 1.000000
vt 0.958333 0.916667
vt 0.958333 0.083333
vt 0.958333 0.000000
vt 0.958333 0.166667
vt 0.958333 0.250000
vt 0.958333 0.333333
vt 0.958333 0.416667
vt 0.958333 0.500000
vt 0.958333 0.583333
vt 0.958333 0.666667
vt 0.958333 0.750000
vt 0.958333 0.833333
vt 1.000000 1.000000
vt 1.000000 0.916667
vt 1.000000 0.083333
vt 1.000000 0.000000
vt 1.000000 0.166667
vt 1.000000 0.250000
vt 1.000000 0.333333
vt 1.000000 0.416667
vt 1.000000 0.500000
vt 1.000000 0.583333
vt 1.000000 0.666667
vt 1.000000 0.750000
vt 1.000000 0.833333
vn -0.8115 0.5160 -0.2740
vn -0.8412 0.5061 -0.1905
vn -0.9825 0.0073 -0.1860
vn -0.9641 0.0067 -0.2653
vn -0.4308 0.8846 -0.1785
vn -0.4636 0.8764 -0.1300
vn 0.0464 0.9984 0.0319
vn 0.0307 0.9995 0.0060
vn 0.4822 0.8364 0.2608
vn 0.5002 0.8509 0.1601
vn 0.7734 0.4695 0.4259
vn 0.8298 0.4839 0.2781
vn 0.8728 0.0016 0.4881
vn 0.9449 -0.0032 0.3272
vn 0.7684 -0.4681 0.4364
vn 0.8202 -0.4898 0.2955
vn 0.4700 -0.8373 0.2791
vn 0.4823 -0.8550 0.1907
vn 0.0272 -0.9981 0.0553
vn 0.0072 -0.9990 0.0433
vn -0.4525 -0.8790 -0.1504
vn -0.4870 -0.8684 -0.0927
vn -0.8272 -0.5047 -0.2468
vn -0.8551 -0.4920 -0.1632
vn -0.8562 0.5136 -0.0556
vn -0.9988 0.0121 -0.0478
vn -0.4808 0.8756 -0.0451
vn 0.0235 0.9996 -0.0163
vn 0.5181 0.8550 0.0228
vn 0.8723 0.4852 0.0599
vn 0.9964 -0.0101 0.0839
vn 0.8598 -0.5029 0.0881
vn 0.4959 -0.8654 0.0721
vn -0.0030 -0.9991 0.0414
vn -0.5043 -0.8635 0.0056
vn -0.8698 -0.4926 -0.0259
vn -0.8569 0.5149 0.0241
vn -0.9988 0.0150 0.0460
vn -0.4836 0.8752 -0.0018
vn 0.0191 0.9995 -0.0244
vn 0.5155 0.8560 -0.0375
vn 0.8736 0.4851 -0.0379
vn 0.9995 -0.0138 -0.0258
vn 0.8607 -0.5091 -0.0046
vn 0.4929 -0.8698 0.0203
vn -0.0073 -0.9991 0.0425
vn -0.5068 -0.8602 0.0564
vn -0.8704 -0.4889 0.0578
vn -0.8545 0.5152 0.0662
vn -0.9952 0.0166 0.0961
vn -0.4837 0.8749 0.0207
vn 0.0166 0.9995 -0.0280
vn 0.5121 0.8563 -0.0670
vn 0.8704 0.4847 -0.0858
vn 0.9967 -0.0157 -0.0796
vn 0.8575 -0.5120 -0.0501
vn 0.4896 -0.8719 -0.0050
vn -0.0095 -0.9990 0.0436
vn -0.5065 -0.8582 0.0829
vn -0.8677 -0.4864 0.1022
vn -0.8526 0.5152 0.0869
vn -0.9925 0.0174 0.1206
vn -0.4837 0.8747 0.0319
vn 0.0150 0.9994 -0.0296
vn 0.5097 0.8565 -0.0811
vn 0.8679 0.4846 -0.1089
vn 0.9943 -0.0167 -0.1056
vn 0.8550 -0.5135 -0.0720
vn 0.4873 -0.8730 -0.0172
vn -0.0109 -0.9989 0.0443
vn -0.5062 -0.8571 0.0960
vn -0.8657 -0.4850 0.1239
vn -0.8522 0.5148 0.0931
vn -0.9916 0.0176 0.1280
vn -0.4842 0.8742 0.0353
vn 0.0138 0.9995 -0.0300
vn 0.5083 0.8569 -0.0853
vn 0.8669 0.4848 -0.1158
vn 0.9934 -0.0171 -0.1134
vn 0.8540 -0.5143 -0.0786
vn 0.4859 -0.8737 -0.0207
vn -0.0121 -0.9989 0.0446
vn -0.5066 -0.8564 0.0999
vn -0.8651 -0.4843 0.1305
vn -0.8534 0.5140 0.0868
vn -0.9926 0.0172 0.1203
vn -0.4856 0.8736 0.0320
vn 0.0125 0.9995 -0.0293
vn 0.5079 0.8576 -0.0809
vn 0.8674 0.4856 -0.1088
vn 0.9943 -0.0168 -0.1055
vn 0.8543 -0.5147 -0.0718
vn 0.4853 -0.8741 -0.0168
vn -0.0134 -0.9989 0.0446
vn -0.5080 -0.8560 0.0960
vn -0.8662 -0.4840 0.1237
vn -0.8562 0.5125 0.0658
vn -0.9953 0.0163 0.0952
vn -0.4883 0.8724 0.0209
vn 0.0108 0.9995 -0.0275
vn 0.5079 0.8588 -0.0666
vn 0.8691 0.4870 -0.0856
vn 0.9967 -0.0160 -0.0795
vn 0.8559 -0.5147 -0.0497
vn 0.4851 -0.8744 -0.0044
vn -0.0154 -0.9989 0.0441
vn -0.5108 -0.8557 0.0828
vn -0.8691 -0.4841 0.1015
vn -0.8601 0.5095 0.0220
vn -0.9990 0.0144 0.0430
vn -0.4925 0.8703 -0.0024
vn 0.0077 0.9997 -0.0241
vn 0.5073 0.8610 -0.0373
vn 0.8710 0.4897 -0.0383
vn 0.9995 -0.0143 -0.0264
vn 0.8575 -0.5144 -0.0046
vn 0.4841 -0.8748 0.0208
vn -0.0187 -0.9989 0.0428
vn -0.5151 -0.8553 0.0552
vn -0.8730 -0.4845 0.0552
vn -0.8614 0.5032 -0.0688
vn -0.9978 0.0106 -0.0651
vn -0.4980 0.8656 -0.0514
vn 0.0005 0.9998 -0.0186
vn 0.5019 0.8647 0.0191
vn 0.8680 0.4938 0.0522
vn 0.9971 -0.0113 0.0745
vn 0.8543 -0.5133 0.0817
vn 0.4784 -0.8754 0.0696
vn -0.0259 -0.9989 0.0386
vn -0.5202 -0.8540 -0.0024
vn -0.8739 -0.4844 -0.0408
vn -0.8213 0.4922 -0.2884
vn -0.9499 0.0087 -0.3123
vn -0.4875 0.8530 -0.1862
vn -0.0252 0.9993 -0.0282
vn 0.4579 0.8777 0.1408
vn 0.8391 0.4908 0.2345
vn 0.9884 -0.0442 0.1453
vn 0.8514 -0.5155 0.0963
vn 0.4881 -0.8679 0.0925
vn -0.0227 -0.9996 0.0140
vn -0.5066 -0.8525 -0.1288
vn -0.8394 -0.4809 -0.2534
vn -0.5522 0.4537 -0.6994
vn -0.6988 -0.0185 -0.7151
vn -0.2769 0.8159 -0.5076
vn 0.0566 0.9812 -0.1843
vn 0.3544 0.9136 0.1991
vn 0.3540 0.7700 0.5308
vn 0.7132 0.6659 -0.2186
vn 0.6453 -0.1097 -0.7560
vn 0.5730 -0.2793 -0.7705
vn -0.2610 -0.9632 -0.0644
vn -0.5016 -0.8315 -0.2387
vn -0.6802 -0.4861 -0.5487
vn 0.0043 0.2397 -0.9708
vn -0.2391 -0.1902 -0.9521
vn 0.2370 0.6182 -0.7494
vn 0.4001 0.8519 -0.3378
vn 0.4348 0.8845 0.1688
vn 0.0960 0.7930 0.6016
vn -0.6227 0.6218 0.4750
vn -0.8403 0.5415 0.0266
vn -0.8806 0.4720 -0.0421
vn -0.9431 -0.3318 -0.0225
vn -0.5591 -0.7861 -0.2634
vn -0.4371 -0.5668 -0.6983
vn 0.3897 -0.0228 -0.9206
vn 0.0519 -0.3997 -0.9152
vn 0.6199 0.3637 -0.6952
vn 0.6861 0.6653 -0.2942
vn 0.5619 0.8062 0.1852
vn 0.2526 0.7506 0.6106
vn -0.1952 0.5327 0.8234
vn -0.6139 0.2378 0.7527
vn -0.8332 -0.1303 0.5373
vn -0.8263 -0.5246 0.2049
vn -0.6316 -0.7322 -0.2549
vn -0.3161 -0.6675 -0.6742
vn 0.5168 -0.1505 -0.8427
vn 0.1414 -0.5012 -0.8537
vn 0.7500 0.2453 -0.6143
vn 0.7799 0.5830 -0.2278
vn 0.5961 0.7734 0.2155
vn 0.2441 0.7647 0.5964
vn -0.1820 0.5575 0.8100
vn -0.5651 0.2068 0.7986
vn -0.8005 -0.1936 0.5672
vn -0.8250 -0.5364 0.1780
vn -0.6333 -0.7270 -0.2654
vn -0.2789 -0.7132 -0.6430
vn 0.5547 -0.1948 -0.8089
vn 0.1700 -0.5387 -0.8252
vn 0.7870 0.2063 -0.5814
vn 0.8046 0.5579 -0.2032
vn 0.6023 0.7659 0.2251
vn 0.2334 0.7740 0.5885
vn -0.2032 0.5797 0.7891
vn -0.5897 0.2348 0.7727
vn -0.8222 -0.1678 0.5439
vn -0.8382 -0.5199 0.1644
vn -0.6341 -0.7269 -0.2637
vn -0.2649 -0.7336 -0.6258
vn 0.5609 -0.2039 -0.8023
vn 0.1766 -0.5504 -0.8160
vn 0.7908 0.2023 -0.5777
vn 0.8040 0.5591 -0.2021
vn 0.5970 0.7705 0.2233
vn 0.2254 0.7797 0.5842
vn -0.2104 0.5844 0.7837
vn -0.5937 0.2375 0.7688
vn -0.8221 -0.1678 0.5440
vn -0.8350 -0.5234 0.1694
vn -0.6290 -0.7344 -0.2547
vn -0.2589 -0.7444 -0.6154
vn 0.5459 -0.1901 -0.8160
vn 0.1686 -0.5463 -0.8204
vn 0.7718 0.2224 -0.5956
vn 0.7850 0.5796 -0.2185
vn 0.5820 0.7847 0.2130
vn 0.2185 0.7829 0.5825
vn -0.2069 0.5757 0.7910
vn -0.5805 0.2199 0.7840
vn -0.8035 -0.1895 0.5643
vn -0.8173 -0.5438 0.1906
vn -0.6179 -0.7492 -0.2384
vn -0.2574 -0.7506 -0.6085
vn 0.5057 -0.1543 -0.8488
vn 0.1441 -0.5282 -0.8368
vn 0.7256 0.2668 -0.6343
vn 0.7430 0.6202 -0.2514
vn 0.5539 0.8094 0.1950
vn 0.2113 0.7840 0.5837
vn -0.1909 0.5531 0.8109
vn -0.5457 0.1805 0.8183
vn -0.7604 -0.2345 0.6055
vn -0.7795 -0.5830 0.2291
vn -0.5971 -0.7734 -0.2126
vn -0.2597 -0.7542 -0.6030
vn 0.4242 -0.0920 -0.9008
vn 0.0931 -0.4945 -0.8642
vn 0.6335 0.3415 -0.6942
vn 0.6618 0.6865 -0.3011
vn 0.5028 0.8475 0.1699
vn 0.2034 0.7818 0.5894
vn -0.1532 0.5113 0.8456
vn -0.4727 0.1119 0.8741
vn -0.6735 -0.3108 0.6706
vn -0.7049 -0.6479 0.2886
vn -0.5575 -0.8118 -0.1739
vn -0.2666 -0.7571 -0.5964
vn 0.2647 0.0016 -0.9643
vn -0.0061 -0.4442 -0.8959
vn 0.4544 0.4532 -0.7669
vn 0.5061 0.7843 -0.3587
vn 0.4094 0.9007 0.1450
vn 0.1975 0.7729 0.6030
vn -0.0699 0.4436 0.8935
vn -0.3235 0.0057 0.9462
vn -0.5003 -0.4272 0.7531
vn -0.5566 -0.7465 0.3645
vn -0.4770 -0.8703 -0.1228
vn -0.2776 -0.7622 -0.5848
vn -0.0309 0.1082 -0.9936
vn -0.1791 -0.3916 -0.9025
vn 0.1177 0.5871 -0.8009
vn 0.2226 0.8990 -0.3771
vn 0.2533 0.9561 0.1472
vn 0.2047 0.7551 0.6229
vn 0.0932 0.3609 0.9279
vn -0.0507 -0.1190 0.9916
vn -0.1899 -0.5636 0.8039
vn -0.2897 -0.8633 0.4131
vn -0.3250 -0.9419 -0.0850
vn -0.2858 -0.7731 -0.5662
vn -0.4070 0.1567 -0.8998
vn -0.3860 -0.3697 -0.8451
vn -0.3198 0.6469 -0.6922
vn -0.1386 0.9486 -0.2845
vn 0.0682 0.9774 0.2002
vn 0.2315 0.7416 0.6296
vn 0.3143 0.3153 0.8954
vn 0.3050 -0.1886 0.9334
vn 0.2108 -0.6426 0.7366
vn 0.0564 -0.9329 0.3555
vn -0.1209 -0.9861 -0.1141
vn -0.2803 -0.7842 -0.5536
vn -0.5640 0.1526 -0.8115
vn -0.4514 -0.3519 -0.8200
vn -0.5281 0.6146 -0.5860
vn -0.3445 0.9160 -0.2053
vn -0.0617 0.9700 0.2351
vn 0.2318 0.7538 0.6148
vn 0.4502 0.3331 0.8285
vn 0.5412 -0.1724 0.8230
vn 0.4896 -0.6307 0.6020
vn 0.3117 -0.9240 0.2216
vn 0.0518 -0.9742 -0.2198
vn -0.2259 -0.7652 -0.6029
vn -0.4369 0.1837 -0.8806
vn -0.2941 -0.3024 -0.9066
vn -0.4623 0.6254 -0.6286
vn -0.3591 0.9085 -0.2134
vn -0.1458 0.9551 0.2578
vn 0.1249 0.7443 0.6561
vn 0.3698 0.3280 0.8693
vn 0.5104 -0.1790 0.8411
vn 0.5134 -0.6340 0.5784
vn 0.3896 -0.9081 0.1532
vn 0.1768 -0.9325 -0.3150
vn -0.0712 -0.7096 -0.7010
vn -0.1533 0.2775 -0.9484
vn 0.0121 -0.1968 -0.9803
vn -0.2734 0.6854 -0.6749
vn -0.3144 0.9223 -0.2245
vn -0.2569 0.9218 0.2903
vn -0.1042 0.6751 0.7303
vn 0.0967 0.2414 0.9656
vn 0.2652 -0.2620 0.9279
vn 0.3604 -0.6882 0.6297
vn 0.3772 -0.9124 0.1588
vn 0.3133 -0.8827 -0.3502
vn 0.1813 -0.6194 -0.7638
vn 0.1780 0.4008 -0.8987
vn 0.3639 -0.0656 -0.9291
vn -0.0462 0.7696 -0.6368
vn -0.2517 0.9458 -0.2052
vn -0.3816 0.8777 0.2896
vn -0.3926 0.5752 0.7176
vn -0.2763 0.1108 0.9546
vn -0.0764 -0.3875 0.9187
vn 0.1461 -0.7677 0.6239
vn 0.3403 -0.9253 0.1670
vn 0.4569 -0.8286 -0.3236
vn 0.4653 -0.5132 -0.7212
vn 0.4446 0.5051 -0.7398
vn 0.6408 0.0402 -0.7666
vn 0.1403 0.8441 -0.5174
vn -0.1962 0.9685 -0.1534
vn -0.4780 0.8388 0.2605
vn -0.6267 0.4812 0.6129
vn -0.5941 -0.0100 0.8043
vn -0.3847 -0.4963 0.7783
vn -0.0608 -0.8397 0.5397
vn 0.2818 -0.9462 0.1588
vn 0.5510 -0.7946 -0.2549
vn 0.6803 -0.4332 -0.5912
vn 0.6044 0.5658 -0.5607
vn 0.8007 0.0973 -0.5911
vn 0.2561 0.8898 -0.3776
vn -0.1561 0.9838 -0.0879
vn -0.5255 0.8182 0.2332
vn -0.7512 0.4315 0.4995
vn -0.7668 -0.0736 0.6376
vn -0.5641 -0.5573 0.6092
vn -0.1996 -0.8851 0.4205
vn 0.2224 -0.9672 0.1230
vn 0.5851 -0.7859 -0.1998
vn 0.7946 -0.3959 -0.4602
vn 0.6903 0.5922 -0.4157
vn 0.8793 0.1186 -0.4613
vn 0.3246 0.9113 -0.2533
vn -0.1235 0.9922 -0.0167
vn -0.5369 0.8110 0.2323
vn -0.8047 0.4122 0.4273
vn -0.8513 -0.0991 0.5152
vn -0.6609 -0.5838 0.4715
vn -0.2848 -0.9080 0.3071
vn 0.1721 -0.9828 0.0664
vn 0.5841 -0.7904 -0.1845
vn 0.8415 -0.3866 -0.3773
vn 0.7392 0.5988 -0.3080
vn 0.9157 0.1218 -0.3829
vn 0.3720 0.9171 -0.1435
vn -0.0898 0.9937 0.0666
vn -0.5253 0.8079 0.2669
vn -0.8193 0.4064 0.4044
vn -0.8907 -0.1058 0.4421
vn -0.7170 -0.5913 0.3692
vn -0.3435 -0.9166 0.2046
vn 0.1271 -0.9919 -0.0076
vn 0.5654 -0.7976 -0.2100
vn 0.8531 -0.3891 -0.3474
vn 0.7716 0.5941 -0.2270
vn 0.9293 0.1184 -0.3496
vn 0.4145 0.9094 -0.0348
vn -0.0469 0.9835 0.1748
vn -0.4927 0.7984 0.3462
vn -0.8064 0.4013 0.4344
vn -0.9033 -0.1055 0.4158
vn -0.7531 -0.5879 0.2953
vn -0.3927 -0.9136 0.1049
vn 0.0793 -0.9913 -0.1046
vn 0.5323 -0.7996 -0.2780
vn 0.8429 -0.3922 -0.3683
vn 0.7973 0.5806 -0.1646
vn 0.9252 0.1180 -0.3606
vn 0.4653 0.8807 0.0882
vn 0.0187 0.9449 0.3266
vn -0.4276 0.7612 0.4874
vn -0.7602 0.3771 0.5290
vn -0.8910 -0.1111 0.4402
vn -0.7786 -0.5778 0.2448
vn -0.4447 -0.8956 -0.0023
vn 0.0197 -0.9722 -0.2333
vn 0.4800 -0.7843 -0.3930
vn 0.8104 -0.3838 -0.4427
vn 0.8211 0.5582 -0.1194
vn 0.8962 0.1393 -0.4212
vn 0.5427 0.8071 0.2326
vn 0.1344 0.8360 0.5319
vn -0.3010 0.6466 0.7009
vn -0.6561 0.2883 0.6974
vn -0.8398 -0.1517 0.5213
vn -0.7955 -0.5656 0.2173
vn -0.5156 -0.8475 -0.1262
vn -0.0633 -0.9156 -0.3970
vn 0.4029 -0.7348 -0.5456
vn 0.7459 -0.3440 -0.5703
vn 0.8406 0.5321 -0.1014
vn 0.8159 0.2403 -0.5259
vn 0.6620 0.6585 0.3579
vn 0.3249 0.6035 0.7281
vn -0.0866 0.3889 0.9172
vn -0.4715 0.0700 0.8791
vn -0.7332 -0.2752 0.6218
vn -0.7997 -0.5633 0.2076
vn -0.6380 -0.7268 -0.2543
vn -0.2659 -0.7302 -0.6292
vn 0.2070 -0.5351 -0.8190
vn 0.5953 -0.1588 -0.7877
vn 0.8459 0.5193 -0.1216
vn 0.6819 0.4112 -0.6049
vn 0.7925 0.4721 0.3861
vn 0.5432 0.2922 0.7871
vn 0.1645 0.0308 0.9859
vn -0.2501 -0.2461 0.9364
vn -0.5984 -0.4705 0.6485
vn -0.7890 -0.5850 0.1877
vn -0.7618 -0.5567 -0.3311
vn -0.5105 -0.3925 -0.7650
vn -0.1025 -0.1314 -0.9860
vn 0.3370 0.1684 -0.9263
vn 0.8340 0.5345 -0.1364
vn 0.5561 0.6020 -0.5729
vn 0.8921 0.3150 0.3237
vn 0.7249 0.0068 0.6887
vn 0.3803 -0.3097 0.8715
vn -0.0551 -0.5557 0.8295
vn -0.4736 -0.6699 0.5718
vn -0.7682 -0.6204 0.1579
vn -0.8556 -0.4146 -0.3097
vn -0.7014 -0.1023 -0.7053
vn -0.3400 0.2320 -0.9113
vn 0.1250 0.4920 -0.8615
vn 0.8132 0.5664 -0.1336
vn 0.4542 0.7653 -0.4560
vn 0.9540 0.2125 0.2113
vn 0.8494 -0.1996 0.4885
vn 0.5325 -0.5649 0.6303
vn 0.0846 -0.7928 0.6035
vn -0.3829 -0.8258 0.4141
vn -0.7512 -0.6513 0.1068
vn -0.9203 -0.3077 -0.2416
vn -0.8350 0.1185 -0.5373
vn -0.5090 0.5086 -0.6944
vn -0.0323 0.7468 -0.6642
vn 0.7905 0.6026 -0.1095
vn 0.3869 0.8703 -0.3046
vn 0.9795 0.1723 0.1042
vn 0.9113 -0.3028 0.2789
vn 0.6099 -0.7006 0.3702
vn 0.1544 -0.9216 0.3560
vn -0.3403 -0.9092 0.2398
vn -0.7475 -0.6623 0.0501
vn -0.9570 -0.2395 -0.1638
vn -0.9053 0.2491 -0.3441
vn -0.6001 0.6676 -0.4405
vn -0.1245 0.8960 -0.4263
vn 0.7749 0.6281 -0.0706
vn 0.3545 0.9192 -0.1711
vn 0.9850 0.1682 0.0389
vn 0.9335 -0.3350 0.1279
vn 0.6386 -0.7499 0.1729
vn 0.1787 -0.9703 0.1627
vn -0.3275 -0.9395 0.1000
vn -0.7489 -0.6626 0.0009
vn -0.9719 -0.2087 -0.1083
vn -0.9322 0.3027 -0.1985
vn -0.6362 0.7316 -0.2449
vn -0.1635 0.9581 -0.2350
vn 0.7660 0.6424 -0.0258
vn 0.3398 0.9382 -0.0662
vn 0.9846 0.1742 0.0120
vn 0.9401 -0.3387 0.0371
vn 0.6476 -0.7607 0.0428
vn 0.1856 -0.9822 0.0276
vn -0.3249 -0.9457 -0.0043
vn -0.7504 -0.6594 -0.0446
vn -0.9770 -0.1966 -0.0824
vn -0.9411 0.3205 -0.1076
vn -0.6493 0.7521 -0.1134
vn -0.1794 0.9789 -0.0983
vn 0.7608 0.6485 0.0236
vn 0.3321 0.9430 0.0186
vn 0.9835 0.1802 0.0130
vn 0.9424 -0.3344 -0.0102
vn 0.6508 -0.7582 -0.0399
vn 0.1878 -0.9798 -0.0682
vn -0.3243 -0.9418 -0.0878
vn -0.7508 -0.6539 -0.0932
vn -0.9781 -0.1908 -0.0829
vn -0.9437 0.3253 -0.0596
vn -0.6544 0.7556 -0.0295
vn -0.1868 0.9824 -0.0008
vn 0.7570 0.6483 0.0813
vn 0.3267 0.9405 0.0937
vn 0.9825 0.1825 0.0378
vn 0.9435 -0.3302 -0.0251
vn 0.6529 -0.7520 -0.0904
vn 0.1896 -0.9717 -0.1408
vn -0.3228 -0.9323 -0.1631
vn -0.7492 -0.6448 -0.1514
vn -0.9768 -0.1845 -0.1085
vn -0.9438 0.3271 -0.0457
vn -0.6570 0.7536 0.0201
vn -0.1917 0.9789 0.0712
vn 0.7518 0.6410 0.1544
vn 0.3203 0.9322 0.1685
vn 0.9800 0.1780 0.0888
vn 0.9438 -0.3304 -0.0102
vn 0.6549 -0.7467 -0.1159
vn 0.1930 -0.9605 -0.2003
vn -0.3180 -0.9169 -0.2410
vn -0.7434 -0.6290 -0.2274
vn -0.9713 -0.1728 -0.1631
vn -0.9410 0.3320 -0.0648
vn -0.6584 0.7515 0.0415
vn -0.1967 0.9722 0.1271
vn 0.7397 0.6227 0.2550
vn 0.3086 0.9167 0.2537
vn 0.9709 0.1616 0.1765
vn 0.9395 -0.3401 0.0401
vn 0.6561 -0.7455 -0.1174
vn 0.1999 -0.9463 -0.2538
vn -0.3053 -0.8921 -0.3332
vn -0.7265 -0.6001 -0.3348
vn -0.9546 -0.1481 -0.2584
vn -0.9299 0.3462 -0.1238
vn -0.6565 0.7536 0.0340
vn -0.2035 0.9637 0.1726
vn 0.7055 0.5828 0.4031
vn 0.2815 0.8880 0.3635
vn 0.9392 0.1213 0.3213
vn 0.9184 -0.3695 0.1415
vn 0.6511 -0.7538 -0.0884
vn 0.2145 -0.9272 -0.3069
vn -0.2709 -0.8481 -0.4554
vn -0.6778 -0.5434 -0.4953
vn -0.9039 -0.0952 -0.4170
vn -0.8921 0.3823 -0.2405
vn -0.6421 0.7665 -0.0107
vn -0.2135 0.9538 0.2114
vn 0.5940 0.4981 0.6316
vn 0.2024 0.8334 0.5141
vn 0.8280 0.0240 0.5602
vn 0.8335 -0.4505 0.3199
vn 0.6157 -0.7877 -0.0185
vn 0.2451 -0.9001 -0.3601
vn -0.1757 -0.7684 -0.6153
vn -0.5398 -0.4344 -0.7211
vn -0.7578 0.0147 -0.6523
vn -0.7753 0.4658 -0.4266
vn -0.5849 0.8049 -0.0998
vn -0.2298 0.9420 0.2445
vn 0.3252 0.3385 0.8830
vn 0.0165 0.7276 0.6858
vn 0.5470 -0.1504 0.8235
vn 0.6140 -0.5907 0.5235
vn 0.5119 -0.8553 0.0795
vn 0.2776 -0.8825 -0.3795
vn -0.0215 -0.6779 -0.7348
vn -0.3088 -0.3008 -0.9023
vn -0.5137 0.1527 -0.8442
vn -0.5859 0.5705 -0.5755
vn -0.5052 0.8480 -0.1602
vn -0.2873 0.9095 0.3002
vn 0.0441 0.1878 0.9812
vn -0.1831 0.6114 0.7698
vn 0.2546 -0.2896 0.9227
vn 0.3904 -0.6883 0.6114
vn 0.4138 -0.9002 0.1354
vn 0.3193 -0.8711 -0.3731
vn 0.1349 -0.6141 -0.7776
vn -0.0885 -0.2009 -0.9756
vn -0.2929 0.2609 -0.9199
vn -0.4263 0.6542 -0.6247
vn -0.4535 0.8763 -0.1625
vn -0.3652 0.8631 0.3487
vn -0.1204 0.1137 0.9862
vn -0.3063 0.5544 0.7738
vn 0.0941 -0.3608 0.9279
vn 0.2778 -0.7378 0.6152
vn 0.3802 -0.9148 0.1364
vn 0.3746 -0.8473 -0.3765
vn 0.2647 -0.5576 -0.7867
vn 0.0811 -0.1248 -0.9888
vn -0.1280 0.3380 -0.9324
vn -0.3085 0.7111 -0.6318
vn -0.4131 0.8959 -0.1632
vn -0.4130 0.8401 0.3515
vn -0.2411 0.0605 0.9686
vn -0.3946 0.5140 0.7616
vn -0.0261 -0.4118 0.9109
vn 0.1913 -0.7735 0.6042
vn 0.3517 -0.9265 0.1339
vn 0.4122 -0.8319 -0.3714
vn 0.3581 -0.5184 -0.7765
vn 0.2052 -0.0707 -0.9761
vn -0.0058 0.3932 -0.9194
vn -0.2199 0.7522 -0.6212
vn -0.3809 0.9110 -0.1582
vn -0.4453 0.8249 0.3480
vn -0.3254 0.0248 0.9452
vn -0.4545 0.4876 0.7454
vn -0.1121 -0.4468 0.8875
vn 0.1272 -0.7988 0.5879
vn 0.3274 -0.9360 0.1287
vn 0.4348 -0.8232 -0.3651
vn 0.4214 -0.4928 -0.7613
vn 0.2921 -0.0341 -0.9557
vn 0.0815 0.4315 -0.8984
vn -0.1549 0.7814 -0.6045
vn -0.3549 0.9227 -0.1506
vn -0.4649 0.8160 0.3435
vn -0.3825 0.0018 0.9239
vn -0.4928 0.4714 0.7314
vn -0.1729 -0.4703 0.8654
vn 0.0793 -0.8168 0.5714
vn 0.3058 -0.9442 0.1221
vn 0.4455 -0.8193 -0.3608
vn 0.4617 -0.4772 -0.7477
vn 0.3508 -0.0102 -0.9364
vn 0.1429 0.4575 -0.8777
vn -0.1071 0.8022 -0.5873
vn -0.3329 0.9322 -0.1419
vn -0.4743 0.8117 0.3408
vn -0.4192 -0.0120 0.9078
vn -0.5142 0.4627 0.7221
vn -0.2152 -0.4854 0.8473
vn 0.0428 -0.8296 0.5567
vn 0.2850 -0.9516 0.1144
vn 0.4464 -0.8193 -0.3598
vn 0.4838 -0.4691 -0.7388
vn 0.3879 0.0043 -0.9217
vn 0.1847 0.4747 -0.8605
vn -0.0716 0.8172 -0.5719
vn -0.3130 0.9405 -0.1325
vn -0.4751 0.8111 0.3410
vn -0.4387 -0.0185 0.8984
vn -0.5206 0.4602 0.7191
vn -0.2429 -0.4941 0.8347
vn 0.0141 -0.8386 0.5445
vn 0.2632 -0.9589 0.1058
vn 0.4373 -0.8227 -0.3631
vn 0.4896 -0.4672 -0.7362
vn 0.4066 0.0116 -0.9135
vn 0.2108 0.4855 -0.8484
vn -0.0453 0.8280 -0.5589
vn -0.2933 0.9481 -0.1221
vn -0.4673 0.8138 0.3454
vn -0.4413 -0.0184 0.8972
vn -0.5113 0.4634 0.7238
vn -0.2575 -0.4972 0.8285
vn -0.0088 -0.8446 0.5353
vn 0.2380 -0.9665 0.0958
vn 0.4164 -0.8297 -0.3718
vn 0.4782 -0.4710 -0.7413
vn 0.4069 0.0126 -0.9134
vn 0.2221 0.4909 -0.8424
vn -0.0263 0.8359 -0.5482
vn -0.2719 0.9560 -0.1100
vn -0.4492 0.8197 0.3553
vn -0.4230 -0.0114 0.9061
vn -0.4808 0.4726 0.7385
vn -0.2573 -0.4946 0.8301
vn -0.0273 -0.8477 0.5297
vn 0.2055 -0.9750 0.0840
vn 0.3783 -0.8408 -0.3871
vn 0.4439 -0.4808 -0.7562
vn 0.3844 0.0075 -0.9231
vn 0.2165 0.4917 -0.8434
vn -0.0142 0.8417 -0.5398
vn -0.2455 0.9648 -0.0947
vn -0.4160 0.8295 0.3727
vn -0.3711 0.0040 0.9286
vn -0.4148 0.4892 0.7672
vn -0.2351 -0.4846 0.8425
vn -0.0416 -0.8473 0.5294
vn 0.1584 -0.9848 0.0705
vn 0.3106 -0.8571 -0.4109
vn 0.3724 -0.4975 -0.7835
vn 0.3264 -0.0041 -0.9452
vn 0.1857 0.4883 -0.8527
vn -0.0101 0.8462 -0.5326
vn -0.2080 0.9754 -0.0734
vn -0.3555 0.8441 0.4014
vn -0.2522 0.0294 0.9672
vn -0.2770 0.5135 0.8122
vn -0.1694 -0.4652 0.8688
vn -0.0484 -0.8413 0.5383
vn 0.0807 -0.9950 0.0589
vn 0.1827 -0.8786 -0.4411
vn 0.2269 -0.5208 -0.8230
vn 0.1991 -0.0204 -0.9797
vn 0.1082 0.4832 -0.8688
vn -0.0179 0.8517 -0.5237
vn -0.1440 0.9886 -0.0426
vn -0.2378 0.8636 0.4446
vn -0.1691 0.0458 0.9845
vn -0.1822 0.5231 0.8326
vn -0.1216 -0.4487 0.8853
vn -0.0491 -0.8335 0.5503
vn 0.0315 -0.9977 0.0604
vn 0.0978 -0.8874 -0.4505
vn 0.1283 -0.5303 -0.8380
vn 0.1115 -0.0259 -0.9934
vn 0.0538 0.4845 -0.8731
vn -0.0253 0.8578 -0.5133
vn -0.1025 0.9945 -0.0201
vn -0.1586 0.8686 0.4694
vn 0.2612 0.7822 0.5656
vn -0.5831 0.6666 0.4644
vn -0.2143 0.0777 0.9736
vn 0.8459 0.0079 0.5332
vn -0.4234 0.8883 -0.1780
vn -0.4347 0.8981 -0.0668
vn 0.0811 0.9967 0.0042
vn 0.0765 0.9960 -0.0460
vn 0.5290 0.8215 0.2128
vn 0.5509 0.8344 0.0178
vn 0.8155 0.4551 0.3576
vn 0.8812 0.4661 0.0787
vn 0.9092 0.0041 0.4164
vn 0.9927 -0.0153 0.1193
vn 0.8053 -0.4524 0.3832
vn 0.8600 -0.4933 0.1303
vn 0.5009 -0.8270 0.2551
vn 0.5121 -0.8521 0.1082
vn 0.0358 -0.9979 0.0535
vn 0.0268 -0.9976 0.0639
vn -0.5188 -0.8472 0.1143
vn -0.5091 -0.8411 0.1826
vn 0.1420 -0.2127 0.9667
vn -0.5913 -0.4508 0.6687
vn -0.7720 0.5502 0.3181
vn -0.8863 0.0637 0.4587
vn -0.4306 0.8971 0.0992
vn 0.0439 0.9932 -0.1082
vn 0.5036 0.8220 -0.2658
vn 0.8271 0.4406 -0.3490
vn 0.9377 -0.0502 -0.3438
vn 0.8099 -0.5292 -0.2530
vn 0.4715 -0.8766 -0.0962
vn 0.0035 -0.9954 0.0959
vn -0.4648 -0.8366 0.2899
vn -0.7837 -0.4380 0.4403
vn -0.7109 0.5665 0.4167
vn -0.8261 0.0779 0.5581
vn -0.4023 0.9009 0.1627
vn 0.0156 0.9911 -0.1320
vn 0.4284 0.8162 -0.3875
vn 0.7265 0.4269 -0.5385
vn 0.8331 -0.0732 -0.5482
vn 0.7212 -0.5548 -0.4149
vn 0.4183 -0.8920 -0.1713
vn 0.0027 -0.9926 0.1211
vn -0.4140 -0.8249 0.3848
vn -0.7176 -0.4322 0.5461
vn -0.6726 0.5717 0.4698
vn -0.7750 0.0870 0.6260
vn -0.3892 0.9019 0.1873
vn -0.0016 0.9895 -0.1445
vn 0.3858 0.8126 -0.4368
vn 0.6701 0.4199 -0.6121
vn 0.7761 -0.0840 -0.6249
vn 0.6760 -0.5660 -0.4718
vn 0.3955 -0.8980 -0.1926
vn 0.0086 -0.9902 0.1390
vn -0.3810 -0.8161 0.4344
vn -0.6682 -0.4215 0.6130
vn -0.6603 0.5728 0.4856
vn -0.7541 0.0908 0.6505
vn -0.3897 0.9009 0.1908
vn -0.0150 0.9878 -0.1548
vn 0.3637 0.8106 -0.4589
vn 0.6451 0.4169 -0.6403
vn 0.7542 -0.0882 -0.6507
vn 0.6616 -0.5701 -0.4870
vn 0.3917 -0.8997 -0.1928
vn 0.0165 -0.9880 0.1535
vn -0.3633 -0.8108 0.4588
vn -0.6454 -0.4158 0.6408
vn -0.6685 0.5702 0.4774
vn -0.7567 0.0904 0.6474
vn -0.4019 0.8978 0.1800
vn -0.0279 0.9858 -0.1656
vn 0.3538 0.8103 -0.4671
vn 0.6411 0.4175 -0.6439
vn 0.7565 -0.0876 -0.6481
vn 0.6686 -0.5696 -0.4780
vn 0.4009 -0.8984 -0.1792
vn 0.0254 -0.9855 0.1676
vn -0.3566 -0.8079 0.4692
vn -0.6428 -0.4138 0.6446
vn -0.6952 0.5630 0.4469
vn -0.7799 0.0851 0.6200
vn -0.4256 0.8915 0.1550
vn -0.0424 0.9830 -0.1785
vn 0.3528 0.8118 -0.4652
vn 0.6540 0.4222 -0.6277
vn 0.7793 -0.0818 -0.6213
vn 0.6942 -0.5642 -0.4469
vn 0.4216 -0.8939 -0.1518
vn 0.0356 -0.9823 0.1838
vn -0.3592 -0.8067 0.4693
vn -0.6573 -0.4158 0.6285
vn -0.7410 0.5482 0.3878
vn -0.8238 0.0724 0.5622
vn -0.4623 0.8797 0.1109
vn -0.0602 0.9787 -0.1963
vn 0.3591 0.8162 -0.4525
vn 0.6830 0.4331 -0.5881
vn 0.8224 -0.0683 -0.5648
vn 0.7385 -0.5516 -0.3878
vn 0.4541 -0.8847 -0.1053
vn 0.0473 -0.9777 0.2048
vn -0.3710 -0.8076 0.4583
vn -0.6890 -0.4230 0.5884
vn -0.8064 0.5193 0.2830
vn -0.8885 0.0460 0.4566
vn -0.5130 0.8576 0.0352
vn -0.0829 0.9712 -0.2233
vn 0.3715 0.8255 -0.4248
vn 0.7272 0.4551 -0.5138
vn 0.8853 -0.0410 -0.4631
vn 0.8011 -0.5263 -0.2848
vn 0.4978 -0.8668 -0.0282
vn 0.0598 -0.9702 0.2345
vn -0.3924 -0.8124 0.4313
vn -0.7381 -0.4400 0.5114
vn -0.8802 0.4635 0.1019
vn -0.9622 -0.0069 0.2720
vn -0.5705 0.8158 -0.0946
vn -0.1093 0.9571 -0.2684
vn 0.3851 0.8435 -0.3745
vn 0.7782 0.4978 -0.3829
vn 0.9579 0.0121 -0.2870
vn 0.8720 -0.4771 -0.1092
vn 0.5448 -0.8326 0.1000
vn 0.0693 -0.9579 0.2785
vn -0.4211 -0.8250 0.3768
vn -0.7962 -0.4765 0.3729
vn -0.9129 0.3667 -0.1791
vn -0.9945 -0.1030 -0.0166
vn -0.5976 0.7448 -0.2967
vn -0.1241 0.9323 -0.3397
vn 0.3877 0.8728 -0.2965
vn 0.8002 0.5734 -0.1757
vn 0.9938 0.1107 -0.0039
vn 0.9060 -0.3858 0.1740
vn 0.5606 -0.7713 0.3013
vn 0.0647 -0.9387 0.3385
vn -0.4400 -0.8529 0.2810
vn -0.8236 -0.5468 0.1506
vn -0.8296 0.2441 -0.5021
vn -0.9004 -0.2348 -0.3663
vn -0.5468 0.6627 -0.5116
vn -0.1191 0.9131 -0.3900
vn 0.3461 0.9240 -0.1625
vn 0.7213 0.6821 0.1199
vn 0.8937 0.2408 0.3785
vn 0.8079 -0.2732 0.5221
vn 0.4970 -0.7010 0.5114
vn 0.0557 -0.9294 0.3647
vn -0.3962 -0.9092 0.1277
vn -0.7433 -0.6546 -0.1378
vn -0.6487 0.1652 -0.7429
vn -0.6836 -0.3301 -0.6509
vn -0.4460 0.6210 -0.6445
vn -0.1243 0.9189 -0.3742
vn 0.2315 0.9728 0.0070
vn 0.5190 0.7559 0.3991
vn 0.6581 0.3252 0.6790
vn 0.6198 -0.1943 0.7603
vn 0.4113 -0.6574 0.6314
vn 0.0862 -0.9366 0.3395
vn -0.2634 -0.9641 -0.0339
vn -0.5436 -0.7413 -0.3936
vn -0.4820 0.1485 -0.8635
vn -0.4729 -0.3581 -0.8050
vn -0.3649 0.6191 -0.6954
vn -0.1515 0.9285 -0.3390
vn 0.1005 0.9883 0.1142
vn 0.3231 0.7776 0.5392
vn 0.4586 0.3533 0.8153
vn 0.4707 -0.1680 0.8661
vn 0.3523 -0.6423 0.6807
vn 0.1354 -0.9395 0.3145
vn -0.1185 -0.9843 -0.1306
vn -0.3404 -0.7710 -0.5382
vn -0.3750 0.1534 -0.9142
vn -0.3341 -0.3566 -0.8724
vn -0.3168 0.6244 -0.7139
vn -0.1744 0.9307 -0.3216
vn 0.0145 0.9871 0.1596
vn 0.1994 0.7756 0.5988
vn 0.3306 0.3528 0.8753
vn 0.3722 -0.1657 0.9132
vn 0.3125 -0.6381 0.7036
vn 0.1680 -0.9371 0.3059
vn -0.0216 -0.9850 -0.1712
vn -0.2051 -0.7723 -0.6012
vn -0.3127 0.1605 -0.9362
vn -0.2514 -0.3499 -0.9024
vn -0.2909 0.6292 -0.7207
vn -0.1914 0.9306 -0.3118
vn -0.0406 0.9824 0.1821
vn 0.1214 0.7689 0.6276
vn 0.2507 0.3473 0.9036
vn 0.3122 -0.1680 0.9350
vn 0.2894 -0.6372 0.7142
vn 0.1887 -0.9343 0.3023
vn 0.0375 -0.9812 -0.1891
vn -0.1234 -0.7672 -0.6294
vn -0.2786 0.1660 -0.9459
vn -0.2042 -0.3442 -0.9164
vn -0.2787 0.6323 -0.7228
vn -0.2042 0.9299 -0.3057
vn -0.0749 0.9781 0.1941
vn 0.0747 0.7630 0.6420
vn 0.2042 0.3422 0.9171
vn 0.2787 -0.1704 0.9451
vn 0.2782 -0.6368 0.7190
vn 0.2030 -0.9319 0.3005
vn 0.0735 -0.9775 -0.1977
vn -0.0754 -0.7623 -0.6428
vn -0.2642 0.1690 -0.9495
vn -0.1815 -0.3408 -0.9225
vn -0.2763 0.6339 -0.7223
vn -0.2143 0.9291 -0.3013
vn -0.0948 0.9750 0.2007
vn 0.0502 0.7591 0.6490
vn 0.1817 0.3393 0.9229
vn 0.2644 -0.1714 0.9490
vn 0.2761 -0.6359 0.7207
vn 0.2139 -0.9298 0.2994
vn 0.0944 -0.9749 -0.2017
vn -0.0502 -0.7593 -0.6487
vn -0.2661 0.1696 -0.9489
vn -0.1785 -0.3402 -0.9232
vn -0.2823 0.6341 -0.7199
vn -0.2227 0.9283 -0.2977
vn -0.1033 0.9734 0.2043
vn 0.0436 0.7576 0.6512
vn 0.1789 0.3389 0.9236
vn 0.2662 -0.1702 0.9487
vn 0.2823 -0.6339 0.7201
vn 0.2229 -0.9279 0.2987
vn 0.1038 -0.9737 -0.2027
vn -0.0431 -0.7587 -0.6500
vn -0.2846 0.1676 -0.9438
vn -0.1953 -0.3429 -0.9189
vn -0.2974 0.6328 -0.7149
vn -0.2302 0.9277 -0.2940
vn -0.1012 0.9734 0.2053
vn 0.0547 0.7588 0.6490
vn 0.1959 0.3417 0.9191
vn 0.2848 -0.1663 0.9440
vn 0.2977 -0.6302 0.7171
vn 0.2311 -0.9261 0.2983
vn 0.1026 -0.9742 -0.2008
vn -0.0534 -0.7609 -0.6466
vn -0.3239 0.1625 -0.9320
vn -0.2359 -0.3494 -0.9068
vn -0.3244 0.6301 -0.7055
vn -0.2373 0.9273 -0.2894
vn -0.0866 0.9753 0.2032
vn 0.0872 0.7630 0.6404
vn 0.2375 0.3482 0.9068
vn 0.3247 -0.1588 0.9324
vn 0.3255 -0.6242 0.7102
vn 0.2397 -0.9239 0.2981
vn 0.0898 -0.9767 -0.1949
vn -0.0844 -0.7667 -0.6365
vn -0.3932 0.1538 -0.9065
vn -0.3105 -0.3605 -0.8795
vn -0.3691 0.6258 -0.6871
vn -0.2445 0.9275 -0.2829
vn -0.0536 0.9793 0.1950
vn 0.1514 0.7709 0.6187
vn 0.3159 0.3596 0.8780
vn 0.3968 -0.1462 0.9062
vn 0.3730 -0.6145 0.6952
vn 0.2503 -0.9210 0.2982
vn 0.0611 -0.9816 -0.1809
vn -0.1442 -0.7767 -0.6131
vn -0.5109 0.1427 -0.8477
vn -0.4394 -0.3761 -0.8157
vn -0.4425 0.6216 -0.6463
vn -0.2508 0.9290 -0.2720
vn 0.0100 0.9854 0.1702
vn 0.2676 0.7817 0.5633
vn 0.4544 0.3753 0.8079
vn 0.5224 -0.1282 0.8430
vn 0.4542 -0.6001 0.6584
vn 0.2664 -0.9167 0.2979
vn 0.0085 -0.9890 -0.1476
vn -0.2497 -0.7916 -0.5577
vn -0.5819 0.1396 -0.8011
vn -0.5178 -0.3828 -0.7651
vn -0.4850 0.6226 -0.6140
vn -0.2504 0.9320 -0.2619
vn 0.0538 0.9867 0.1536
vn 0.3414 0.7822 0.5210
vn 0.5386 0.3810 0.7515
vn 0.5987 -0.1158 0.7926
vn 0.5056 -0.5879 0.6314
vn 0.2793 -0.9120 0.3001
vn -0.0215 -0.9925 -0.1200
vn -0.3134 -0.7989 -0.5133
s 1
f 1/1/1 13/2/2 24/3/3 12/4/4
f 2/5/5 14/6/6 13/7/2 1/8/1
f 3/9/7 15/10/8 14/6/6 2/5/5
f 4/11/9 16/12/10 15/10/8 3/9/7
f 5/13/11 17/14/12 16/12/10 4/11/9
f 6/15/13 18/16/14 17/14/12 5/13/11
f 7/17/15 19/18/16 18/16/14 6/15/13
f 8/19/17 20/20/18 19/18/16 7/17/15
f 9/21/19 21/22/20 20/20/18 8/19/17
f 10/23/21 22/24/22 21/22/20 9/21/19
f 11/25/23 23/26/24 22/24/22 10/23/21
f 12/4/4 24/3/3 23/26/24 11/25/23
f 13/2/2 25/27/25 36/28/26 24/3/3
f 14/6/6 26/29/27 25/30/25 13/7/2
f 15/10/8 27/31/28 26/29/27 14/6/6
f 16/12/10 28/32/29 27/31/28 15/10/8
f 17/14/12 29/33/30 28/32/29 16/12/10
f 18/16/14 30/34/31 29/33/30 17/14/12
f 19/18/16 31/35/32 30/34/31 18/16/14
f 20/20/18 32/36/33 31/35/32 19/18/16
f 21/22/20 33/37/34 32/36/33 20/20/18
f 22/24/22 34/38/35 33/37/34 21/22/20
f 23/26/24 35/39/36 34/38/35 22/24/22
f 24/3/3 36/28/26 35/39/36 23/26/24
f 25/27/25 37/40/37 48/41/38 36/28/26
f 26/29/27 38/42/39 37/43/37 25/30/25
f 27/31/28 39/44/40 38/42/39 26/29/27
f 28/32/29 40/45/41 39/44/40 27/31/28
f 29/33/30 41/46/42 40/45/41 28/32/29
f 30/34/31 42/47/43 41/46/42 29/33/30
f 31/35/32 43/48/44 42/47/43 30/34/31
f 32/36/33 44/49/45 43/48/44 31/35/32
f 33/37/34 45/50/46 44/49/45 32/36/33
f 34/38/35 46/51/47 45/50/46 33/37/34
f 35/39/36 47/52/48 46/51/47 34/38/35
f 36/28/26 48/41/38 47/52/48 35/39/36
f 37/40/37 49/53/49 60/54/50 48/41/38
f 38/42/39 50/55/51 49/56/49 37/43/37
f 39/44/40 51/57/52 50/55/51 38/42/39
f 40/45/41 52/58/53 51/57/52 39/44/40
f 41/46/42 53/59/54 52/58/53 40/45/41
f 42/47/43 54/60/55 53/59/54 41/46/42
f 43/48/44 55/61/56 54/60/55 42/47/43
f 44/49/45 56/62/57 55/61/56 43/48/44
f 45/50/46 57/63/58 56/62/57 44/49/45
f 46/51/47 58/64/59 57/63/58 45/50/46
f 47/52/48 59/65/60 58/64/59 46/51/47
f 48/41/38 60/54/50 59/65/60 47/52/48
f 49/53/49 61/66/61 72/67/62 60/54/50
f 50/55/51 62/68/63 61/69/61 49/56/49
f 51/57/52 63/70/64 62/68/63 50/55/51
f 52/58/53 64/71/65 63/70/64 51/57/52
f 53/59/54 65/72/66 64/71/65 52/58/53
f 54/60/55 66/73/67 65/72/66 53/59/54
f 55/61/56 67/74/68 66/73/67 54/60/55
f 56/62/57 68/75/69 67/74/68 55/61/56
f 57/63/58 69/76/70 68/75/69 56/62/57
f 58/64/59 70/77/71 69/76/70 57/63/58
f 59/65/60 71/78/72 70/77/71 58/64/59
f 60/54/50 72/67/62 71/78/72 59/65/60
f 61/66/61 73/79/73 84/80/74 72/67/62
f 62/68/63 74/81/75 73/82/73 61/69/61
f 63/70/64 75/83/76 74/81/75 62/68/63
f 64/71/65 76/84/77 75/83/76 63/70/64
f 65/72/66 77/85/78 76/84/77 64/71/65
f 66/73/67 78/86/79 77/85/78 65/72/66
f 67/74/68 79/87/80 78/86/79 66/73/67
f 68/75/69 80/88/81 79/87/80 67/74/68
f 69/76/70 81/89/82 80/88/81 68/75/69
f 70/77/71 82/90/83 81/89/82 69/76/70
f 71/78/72 83/91/84 82/90/83 70/77/71
f 72/67/62 84/80/74 83/91/84 71/78/72
f 73/79/73 85/92/85 96/93/86 84/80/74
f 74/81/75 86/94/87 85/95/85 73/82/73
f 75/83/76 87/96/88 86/94/87 74/81/75
f 76/84/77 88/97/89 87/96/88 75/83/76
f 77/85/78 89/98/90 88/97/89 76/84/77
f 78/86/79 90/99/91 89/98/90 77/85/78
f 79/87/80 91/100/92 90/99/91 78/86/79
f 80/88/81 92/101/93 91/100/92 79/87/80
f 81/89/82 93/102/94 92/101/93 80/88/81
f 82/90/83 94/103/95 93/102/94 81/89/82
f 83/91/84 95/104/96 94/103/95 82/90/83
f 84/80/74 96/93/86 95/104/96 83/91/84
f 85/92/85 97/105/97 108/106/98 96/93/86
f 86/94/87 98/107/99 97/108/97 85/95/85
f 87/96/88 99/109/100 98/107/99 86/94/87
f 88/97/89 100/110/101 99/109/100 87/96/88
f 89/98/90 101/111/102 100/110/101 88/97/89
f 90/99/91 102/112/103 101/111/102 89/98/90
f 91/100/92 103/113/104 102/112/103 90/99/91
f 92/101/93 104/114/105 103/113/104 91/100/92
f 93/102/94 105/115/106 104/114/105 92/101/93
f 94/103/95 106/116/107 105/115/106 93/102/94
f 95/104/96 107/117/108 106/116/107 94/103/95
f 96/93/86 108/106/98 107/117/108 95/104/96
f 97/105/97 109/118/109 120/119/110 108/106/98
f 98/107/99 110/120/111 109/121/109 97/108/97
f 99/109/100 111/122/112 110/120/111 98/107/99
f 100/110/101 112/123/113 111/122/112 99/109/100
f 101/111/102 113/124/114 112/123/113 100/110/101
f 102/112/103 114/125/115 113/124/114 101/111/102
f 103/113/104 115/126/116 114/125/115 102/112/103
f 104/114/105 116/127/117 115/126/116 103/113/104
f 105/115/106 117/128/118 116/127/117 104/114/105
f 106/116/107 118/129/119 117/128/118 105/115/106
f 107/117/108 119/130/120 118/129/119 106/116/107
f 108/106/98 120/119/110 119/130/120 107/117/108
f 109/118/109 121/131/121 132/132/122 120/119/110
f 110/120/111 122/133/123 121/134/121 109/121/109
f 111/122/112 123/135/124 122/133/123 110/120/111
f 112/123/113 124/136/125 123/135/124 111/122/112
f 113/124/114 125/137/126 124/136/125 112/123/113
f 114/125/115 126/138/127 125/137/126 113/124/114
f 115/126/116 127/139/128 126/138/127 114/125/115
f 116/127/117 128/140/129 127/139/128 115/126/116
f 117/128/118 129/141/130 128/140/129 116/127/117
f 118/129/119 130/142/131 129/141/130 117/128/118
f 119/130/120 131/143/132 130/142/131 118/129/119
f 120/119/110 132/132/122 131/143/132 119/130/120
f 121/131/121 133/144/133 144/145/134 132/132/122
f 122/133/123 134/146/135 133/147/133 121/134/121
f 123/135/124 135/148/136 134/146/135 122/133/123
f 124/136/125 136/149/137 135/148/136 123/135/124
f 125/137/126 137/150/138 136/149/137 124/136/125
f 126/138/127 138/151/139 137/150/138 125/137/126
f 127/139/128 139/152/140 138/151/139 126/138/127
f 128/140/129 140/153/141 139/152/140 127/139/128
f 129/141/130 141/154/142 140/153/141 128/140/129
f 130/142/131 142/155/143 141/154/142 129/141/130
f 131/143/132 143/156/144 142/155/143 130/142/131
f 132/132/122 144/145/134 143/156/144 131/143/132
f 133/144/133 145/157/145 156/158/146 144/145/134
f 134/146/135 146/159/147 145/160/145 133/147/133
f 135/148/136 147/161/148 146/159/147 134/146/135
f 136/149/137 148/162/149 147/161/148 135/148/136
f 137/150/138 149/163/150 148/162/149 136/149/137
f 138/151/139 150/164/151 149/163/150 137/150/138
f 139/152/140 151/165/152 150/164/151 138/151/139
f 140/153/141 152/166/153 151/165/152 139/152/140
f 141/154/142 153/167/154 152/166/153 140/153/141
f 142/155/143 154/168/155 153/167/154 141/154/142
f 143/156/144 155/169/156 154/168/155 142/155/143
f 144/145/134 156/158/146 155/169/156 143/156/144
f 145/157/145 157/170/157 168/171/158 156/158/146
f 146/159/147 158/172/159 157/173/157 145/160/145
f 147/161/148 159/174/160 158/172/159 146/159/147
f 148/162/149 160/175/161 159/174/160 147/161/148
f 149/163/150 161/176/162 160/175/161 148/162/149
f 150/164/151 162/177/163 161/176/162 149/163/150
f 151/165/152 163/178/164 162/177/163 150/164/151
f 152/166/153 164/179/165 163/178/164 151/165/152
f 153/167/154 165/180/166 164/179/165 152/166/153
f 154/168/155 166/181/167 165/180/166 153/167/154
f 155/169/156 167/182/168 166/181/167 154/168/155
f 156/158/146 168/171/158 167/182/168 155/169/156
f 157/170/157 169/183/169 180/184/170 168/171/158
f 158/172/159 170/185/171 169/186/169 157/173/157
f 159/174/160 171/187/172 170/185/171 158/172/159
f 160/175/161 172/188/173 171/187/172 159/174/160
f 161/176/162 173/189/174 172/188/173 160/175/161
f 162/177/163 174/190/175 173/189/174 161/176/162
f 163/178/164 175/191/176 174/190/175 162/177/163
f 164/179/165 176/192/177 175/191/176 163/178/164
f 165/180/166 177/193/178 176/192/177 164/179/165
f 166/181/167 178/194/179 177/193/178 165/180/166
f 167/182/168 179/195/180 178/194/179 166/181/167
f 168/171/158 180/184/170 179/195/180 167/182/168
f 169/183/169 181/196/181 192/197/182 180/184/170
f 170/185/171 182/198/183 181/199/181 169/186/169
f 171/187/172 183/200/184 182/198/183 170/185/171
f 172/188/173 184/201/185 183/200/184 171/187/172
f 173/189/174 185/202/186 184/201/185 172/188/173
f 174/190/175 186/203/187 185/202/186 173/189/174
f 175/191/176 187/204/188 186/203/187 174/190/175
f 176/192/177 188/205/189 187/204/188 175/191/176
f 177/193/178 189/206/190 188/205/189 176/192/177
f 178/194/179 190/207/191 189/206/190 177/193/178
f 179/195/180 191/208/192 190/207/191 178/194/179
f 180/184/170 192/197/182 191/208/192 179/195/180
f 181/196/181 193/209/193 204/210/194 192/197/182
f 182/198/183 194/211/195 193/212/193 181/199/181
f 183/200/184 195/213/196 194/211/195 182/198/183
f 184/201/185 196/214/197 195/213/196 183/200/184
f 185/202/186 197/215/198 196/214/197 184/201/185
f 186/203/187 198/216/199 197/215/198 185/202/186
f 187/204/188 199/217/200 198/216/199 186/203/187
f 188/205/189 200/218/201 199/217/200 187/204/188
f 189/206/190 201/219/202 200/218/201 188/205/189
f 190/207/191 202/220/203 201/219/202 189/206/190
f 191/208/192 203/221/204 202/220/203 190/207/191
f 192/197/182 204/210/194 203/221/204 191/208/192
f 193/209/193 205/222/205 216/223/206 204/210/194
f 194/211/195 206/224/207 205/225/205 193/212/193
f 195/213/196 207/226/208 206/224/207 194/211/195
f 196/214/197 208/227/209 207/226/208 195/213/196
f 197/215/198 209/228/210 208/227/209 196/214/197
f 198/216/199 210/229/211 209/228/210 197/215/198
f 199/217/200 211/230/212 210/229/211 198/216/199
f 200/218/201 212/231/213 211/230/212 199/217/200
f 201/219/202 213/232/214 212/231/213 200/218/201
f 202/220/203 214/233/215 213/232/214 201/219/202
f 203/221/204 215/234/216 214/233/215 202/220/203
f 204/210/194 216/223/206 215/234/216 203/221/204
f 205/222/205 217/235/217 228/236/218 216/223/206
f 206/224/207 218/237/219 217/238/217 205/225/205
f 207/226/208 219/239/220 218/237/219 206/224/207
f 208/227/209 220/240/221 219/239/220 207/226/208
f 209/228/210 221/241/222 220/240/221 208/227/209
f 210/229/211 222/242/223 221/241/222 209/228/210
f 211/230/212 223/243/224 222/242/223 210/229/211
f 212/231/213 224/244/225 223/243/224 211/230/212
f 213/232/214 225/245/226 224/244/225 212/231/213
f 214/233/215 226/246/227 225/245/226 213/232/214
f 215/234/216 227/247/228 226/246/227 214/233/215
f 216/223/206 228/236/218 227/247/228 215/234/216
f 217/235/217 229/248/229 240/249/230 228/236/218
f 218/237/219 230/250/231 229/251/229 217/238/217
f 219/239/220 231/252/232 230/250/231 218/237/219
f 220/240/221 232/253/233 231/252/232 219/239/220
f 221/241/222 233/254/234 232/253/233 220/240/221
f 222/242/223 234/255/235 233/254/234 221/241/222
f 223/243/224 235/256/236 234/255/235 222/242/223
f 224/244/225 236/257/237 235/256/236 223/243/224
f 225/245/226 237/258/238 236/257/237 224/244/225
f 226/246/227 238/259/239 237/258/238 225/245/226
f 227/247/228 239/260/240 238/259/239 226/246/227
f 228/236/218 240/249/230 239/260/240 227/247/228
f 229/248/229 241/261/241 252/262/242 240/249/230
f 230/250/231 242/263/243 241/264/241 229/251/229
f 231/252/232 243/265/244 242/263/243 230/250/231
f 232/253/233 244/266/245 243/265/244 231/252/232
f 233/254/234 245/267/246 244/266/245 232/253/233
f 234/255/235 246/268/247 245/267/246 233/254/234
f 235/256/236 247/269/248 246/268/247 234/255/235
f 236/257/237 248/270/249 247/269/248 235/256/236
f 237/258/238 249/271/250 248/270/249 236/257/237
f 238/259/239 250/272/251 249/271/250 237/258/238
f 239/260/240 251/273/252 250/272/251 238/259/239
f 240/249/230 252/262/242 251/273/252 239/260/240
f 241/261/241 253/274/253 264/275/254 252/262/242
f 242/263/243 254/276/255 253/277/253 241/264/241
f 243/265/244 255/278/256 254/276/255 242/263/243
f 244/266/245 256/279/257 255/278/256 243/265/244
f 245/267/246 257/280/258 256/279/257 244/266/245
f 246/268/247 258/281/259 257/280/258 245/267/246
f 247/269/248 259/282/260 258/281/259 246/268/247
f 248/270/249 260/283/261 259/282/260 247/269/248
f 249/271/250 261/284/262 260/283/261 248/270/249
f 250/272/251 262/285/263 261/284/262 249/271/250
f 251/273/252 263/286/264 262/285/263 250/272/251
f 252/262/242 264/275/254 263/286/264 251/273/252
f 253/274/253 265/287/265 276/288/266 264/275/254
f 254/276/255 266/289/267 265/290/265 253/277/253
f 255/278/256 267/291/268 266/289/267 254/276/255
f 256/279/257 268/292/269 267/291/268 255/278/256
f 257/280/258 269/293/270 268/292/269 256/279/257
f 258/281/259 270/294/271 269/293/270 257/280/258
f 259/282/260 271/295/272 270/294/271 258/281/259
f 260/283/261 272/296/273 271/295/272 259/282/260
f 261/284/262 273/297/274 272/296/273 260/283/261
f 262/285/263 274/298/275 273/297/274 261/284/262
f 263/286/264 275/299/276 274/298/275 262/285/263
f 264/275/254 276/288/266 275/299/276 263/286/264
f 265/287/265 277/300/277 288/301/278 276/288/266
f 266/289/267 278/302/279 277/303/277 265/290/265
f 267/291/268 279/304/280 278/302/279 266/289/267
f 268/292/269 280/305/281 279/304/280 267/291/268
f 269/293/270 281/306/282 280/305/281 268/292/269
f 270/294/271 282/307/283 281/306/282 269/293/270
f 271/295/272 283/308/284 282/307/283 270/294/271
f 272/296/273 284/309/285 283/308/284 271/295/272
f 273/297/274 285/310/286 284/309/285 272/296/273
f 274/298/275 286/311/287 285/310/286 273/297/274
f 275/299/276 287/312/288 286/311/287 274/298/275
f 276/288/266 288/301/278 287/312/288 275/299/276
f 277/300/277 289/313/289 300/314/290 288/301/278
f 278/302/279 290/315/291 289/316/289 277/303/277
f 279/304/280 291/317/292 290/315/291 278/302/279
f 280/305/281 292/318/293 291/317/292 279/304/280
f 281/306/282 293/319/294 292/318/293 280/305/281
f 282/307/283 294/320/295 293/319/294 281/306/282
f 283/308/284 295/321/296 294/320/295 282/307/283
f 284/309/285 296/322/297 295/321/296 283/308/284
f 285/310/286 297/323/298 296/322/297 284/309/285
f 286/311/287 298/324/299 297/323/298 285/310/286
f 287/312/288 299/325/300 298/324/299 286/311/287
f 288/301/278 300/314/290 299/325/300 287/312/288
f 289/313/289 301/326/301 312/327/302 300/314/290
f 290/315/291 302/328/303 301/329/301 289/316/289
f 291/317/292 303/330/304 302/328/303 290/315/291
f 292/318/293 304/331/305 303/330/304 291/317/292
f 293/319/294 305/332/306 304/331/305 292/318/293
f 294/320/295 306/333/307 305/332/306 293/319/294
f 295/321/296 307/334/308 306/333/307 294/320/295
f 296/322/297 308/335/309 307/334/308 295/321/296
f 297/323/298 309/336/310 308/335/309 296/322/297
f 298/324/299 310/337/311 309/336/310 297/323/298
f 299/325/300 311/338/312 310/337/311 298/324/299
f 300/314/290 312/327/302 311/338/312 299/325/300
f 301/326/301 313/339/313 324/340/314 312/327/302
f 302/328/303 314/341/315 313/342/313 301/329/301
f 303/330/304 315/343/316 314/341/315 302/328/303
f 304/331/305 316/344/317 315/343/316 303/330/304
f 305/332/306 317/345/318 316/344/317 304/331/305
f 306/333/307 318/346/319 317/345/318 305/332/306
f 307/334/308 319/347/320 318/346/319 306/333/307
f 308/335/309 320/348/321 319/347/320 307/334/308
f 309/336/310 321/349/322 320/348/321 308/335/309
f 310/337/311 322/350/323 321/349/322 309/336/310
f 311/338/312 323/351/324 322/350/323 310/337/311
f 312/327/302 324/340/314 323/351/324 311/338/312
f 313/339/313 325/352/325 336/353/326 324/340/314
f 314/341/315 326/354/327 325/355/325 313/342/313
f 315/343/316 327/356/328 326/354/327 314/341/315
f 316/344/317 328/357/329 327/356/328 315/343/316
f 317/345/318 329/358/330 328/357/329 316/344/317
f 318/346/319 330/359/331 329/358/330 317/345/318
f 319/347/320 331/360/332 330/359/331 318/346/319
f 320/348/321 332/361/333 331/360/332 319/347/320
f 321/349/322 333/362/334 332/361/333 320/348/321
f 322/350/323 334/363/335 333/362/334 321/349/322
f 323/351/324 335/364/336 334/363/335 322/350/323
f 324/340/314 336/353/326 335/364/336 323/351/324
f 325/352/325 337/365/337 348/366/338 336/353/326
f 326/354/327 338/367/339 337/368/337 325/355/325
f 327/356/328 339/369/340 338/367/339 326/354/327
f 328/357/329 340/370/341 339/369/340 327/356/328
f 329/358/330 341/371/342 340/370/341 328/357/329
f 330/359/331 342/372/343 341/371/342 329/358/330
f 331/360/332 343/373/344 342/372/343 330/359/331
f 332/361/333 344/374/345 343/373/344 331/360/332
f 333/362/334 345/375/346 344/374/345 332/361/333
f 334/363/335 346/376/347 345/375/346 333/362/334
f 335/364/336 347/377/348 346/376/347 334/363/335
f 336/353/326 348/366/338 347/377/348 335/364/336
f 337/365/337 349/378/349 360/379/350 348/366/338
f 338/367/339 350/380/351 349/381/349 337/368/337
f 339/369/340 351/382/352 350/380/351 338/367/339
f 340/370/341 352/383/353 351/382/352 339/369/340
f 341/371/342 353/384/354 352/383/353 340/370/341
f 342/372/343 354/385/355 353/384/354 341/371/342
f 343/373/344 355/386/356 354/385/355 342/372/343
f 344/374/345 356/387/357 355/386/356 343/373/344
f 345/375/346 357/388/358 356/387/357 344/374/345
f 346/376/347 358/389/359 357/388/358 345/375/346
f 347/377/348 359/390/360 358/389/359 346/376/347
f 348/366/338 360/379/350 359/390/360 347/377/348
f 349/378/349 361/391/361 372/392/362 360/379/350
f 350/380/351 362/393/363 361/394/361 349/381/349
f 351/382/352 363/395/364 362/393/363 350/380/351
f 352/383/353 364/396/365 363/395/364 351/382/352
f 353/384/354 365/397/366 364/396/365 352/383/353
f 354/385/355 366/398/367 365/397/366 353/384/354
f 355/386/356 367/399/368 366/398/367 354/385/355
f 356/387/357 368/400/369 367/399/368 355/386/356
f 357/388/358 369/401/370 368/400/369 356/387/357
f 358/389/359 370/402/371 369/401/370 357/388/358
f 359/390/360 371/403/372 370/402/371 358/389/359
f 360/379/350 372/392/362 371/403/372 359/390/360
f 361/391/361 373/404/373 384/405/374 372/392/362
f 362/393/363 374/406/375 373/407/373 361/394/361
f 363/395/364 375/408/376 374/406/375 362/393/363
f 364/396/365 376/409/377 375/408/376 363/395/364
f 365/397/366 377/410/378 376/409/377 364/396/365
f 366/398/367 378/411/379 377/410/378 365/397/366
f 367/399/368 379/412/380 378/411/379 366/398/367
f 368/400/369 380/413/381 379/412/380 367/399/368
f 369/401/370 381/414/382 380/413/381 368/400/369
f 370/402/371 382/415/383 381/414/382 369/401/370
f 371/403/372 383/416/384 382/415/383 370/402/371
f 372/392/362 384/405/374 383/416/384 371/403/372
f 373/404/373 385/417/385 396/418/386 384/405/374
f 374/406/375 386/419/387 385/420/385 373/407/373
f 375/408/376 387/421/388 386/419/387 374/406/375
f 376/409/377 388/422/389 387/421/388 375/408/376
f 377/410/378 389/423/390 388/422/389 376/409/377
f 378/411/379 390/424/391 389/423/390 377/410/378
f 379/412/380 391/425/392 390/424/391 378/411/379
f 380/413/381 392/426/393 391/425/392 379/412/380
f 381/414/382 393/427/394 392/426/393 380/413/381
f 382/415/383 394/428/395 393/427/394 381/414/382
f 383/416/384 395/429/396 394/428/395 382/415/383
f 384/405/374 396/418/386 395/429/396 383/416/384
f 385/417/385 397/430/397 408/431/398 396/418/386
f 386/419/387 398/432/399 397/433/397 385/420/385
f 387/421/388 399/434/400 398/432/399 386/419/387
f 388/422/389 400/435/401 399/434/400 387/421/388
f 389/423/390 401/436/402 400/435/401 388/422/389
f 390/424/391 402/437/403 401/436/402 389/423/390
f 391/425/392 403/438/404 402/437/403 390/424/391
f 392/426/393 404/439/405 403/438/404 391/425/392
f 393/427/394 405/440/406 404/439/405 392/426/393
f 394/428/395 406/441/407 405/440/406 393/427/394
f 395/429/396 407/442/408 406/441/407 394/428/395
f 396/418/386 408/431/398 407/442/408 395/429/396
f 397/430/397 409/443/409 420/444/410 408/431/398
f 398/432/399 410/445/411 409/446/409 397/433/397
f 399/434/400 411/447/412 410/445/411 398/432/399
f 400/435/401 412/448/413 411/447/412 399/434/400
f 401/436/402 413/449/414 412/448/413 400/435/401
f 402/437/403 414/450/415 413/449/414 401/436/402
f 403/438/404 415/451/416 414/450/415 402/437/403
f 404/439/405 416/452/417 415/451/416 403/438/404
f 405/440/406 417/453/418 416/452/417 404/439/405
f 406/441/407 418/454/419 417/453/418 405/440/406
f 407/442/408 419/455/420 418/454/419 406/441/407
f 408/431/398 420/444/410 419/455/420 407/442/408
f 409/443/409 421/456/421 432/457/422 420/444/410
f 410/445/411 422/458/423 421/459/421 409/446/409
f 411/447/412 423/460/424 422/458/423 410/445/411
f 412/448/413 424/461/425 423/460/424 411/447/412
f 413/449/414 425/462/426 424/461/425 412/448/413
f 414/450/415 426/463/427 425/462/426 413/449/414
f 415/451/416 427/464/428 426/463/427 414/450/415
f 416/452/417 428/465/429 427/464/428 415/451/416
f 417/453/418 429/466/430 428/465/429 416/452/417
f 418/454/419 430/467/431 429/466/430 417/453/418
f 419/455/420 431/468/432 430/467/431 418/454/419
f 420/444/410 432/457/422 431/468/432 419/455/420
f 421/456/421 433/469/433 444/470/434 432/457/422
f 422/458/423 434/471/435 433/472/433 421/459/421
f 423/460/424 435/473/436 434/471/435 422/458/423
f 424/461/425 436/474/437 435/473/436 423/460/424
f 425/462/426 437/475/438 436/474/437 424/461/425
f 426/463/427 438/476/439 437/475/438 425/462/426
f 427/464/428 439/477/440 438/476/439 426/463/427
f 428/465/429 440/478/441 439/477/440 427/464/428
f 429/466/430 441/479/442 440/478/441 428/465/429
f 430/467/431 442/480/443 441/479/442 429/466/430
f 431/468/432 443/481/444 442/480/443 430/467/431
f 432/457/422 444/470/434 443/481/444 431/468/432
f 433/469/433 445/482/445 456/483/446 444/470/434
f 434/471/435 446/484/447 445/485/445 433/472/433
f 435/473/436 447/486/448 446/484/447 434/471/435
f 436/474/437 448/487/449 447/486/448 435/473/436
f 437/475/438 449/488/450 448/487/449 436/474/437
f 438/476/439 450/489/451 449/488/450 437/475/438
f 439/477/440 451/490/452 450/489/451 438/476/439
f 440/478/441 452/491/453 451/490/452 439/477/440
f 441/479/442 453/492/454 452/491/453 440/478/441
f 442/480/443 454/493/455 453/492/454 441/479/442
f 443/481/444 455/494/456 454/493/455 442/480/443
f 444/470/434 456/483/446 455/494/456 443/481/444
f 445/482/445 457/495/457 468/496/458 456/483/446
f 446/484/447 458/497/459 457/498/457 445/485/445
f 447/486/448 459/499/460 458/497/459 446/484/447
f 448/487/449 460/500/461 459/499/460 447/486/448
f 449/488/450 461/501/462 460/500/461 448/487/449
f 450/489/451 462/502/463 461/501/462 449/488/450
f 451/490/452 463/503/464 462/502/463 450/489/451
f 452/491/453 464/504/465 463/503/464 451/490/452
f 453/492/454 465/505/466 464/504/465 452/491/453
f 454/493/455 466/506/467 465/505/466 453/492/454
f 455/494/456 467/507/468 466/506/467 454/493/455
f 456/483/446 468/496/458 467/507/468 455/494/456
f 457/495/457 469/508/469 480/509/470 468/496/458
f 458/497/459 470/510/471 469/511/469 457/498/457
f 459/499/460 471/512/472 470/510/471 458/497/459
f 460/500/461 472/513/473 471/512/472 459/499/460
f 461/501/462 473/514/474 472/513/473 460/500/461
f 462/502/463 474/515/475 473/514/474 461/501/462
f 463/503/464 475/516/476 474/515/475 462/502/463
f 464/504/465 476/517/477 475/516/476 463/503/464
f 465/505/466 477/518/478 476/517/477 464/504/465
f 466/506/467 478/519/479 477/518/478 465/505/466
f 467/507/468 479/520/480 478/519/479 466/506/467
f 468/496/458 480/509/470 479/520/480 467/507/468
f 469/508/469 481/521/481 492/522/482 480/509/470
f 470/510/471 482/523/483 481/524/481 469/511/469
f 471/512/472 483/525/484 482/523/483 470/510/471
f 472/513/473 484/526/485 483/525/484 471/512/472
f 473/514/474 485/527/486 484/526/485 472/513/473
f 474/515/475 486/528/487 485/527/486 473/514/474
f 475/516/476 487/529/488 486/528/487 474/515/475
f 476/517/477 488/530/489 487/529/488 475/516/476
f 477/518/478 489/531/490 488/530/489 476/517/477
f 478/519/479 490/532/491 489/531/490 477/518/478
f 479/520/480 491/533/492 490/532/491 478/519/479
f 480/509/470 492/522/482 491/533/492 479/520/480
f 481/521/481 493/534/493 504/535/494 492/522/482
f 482/523/483 494/536/495 493/537/493 481/524/481
f 483/525/484 495/538/496 494/536/495 482/523/483
f 484/526/485 496/539/497 495/538/496 483/525/484
f 485/527/486 497/540/498 496/539/497 484/526/485
f 486/528/487 498/541/499 497/540/498 485/527/486
f 487/529/488 499/542/500 498/541/499 486/528/487
f 488/530/489 500/543/501 499/542/500 487/529/488
f 489/531/490 501/544/502 500/543/501 488/530/489
f 490/532/491 502/545/503 501/544/502 489/531/490
f 491/533/492 503/546/504 502/545/503 490/532/491
f 492/522/482 504/535/494 503/546/504 491/533/492
f 493/534/493 505/547/505 516/548/506 504/535/494
f 494/536/495 506/549/507 505/550/505 493/537/493
f 495/538/496 507/551/508 506/549/507 494/536/495
f 496/539/497 508/552/509 507/551/508 495/538/496
f 497/540/498 509/553/510 508/552/509 496/539/497
f 498/541/499 510/554/511 509/553/510 497/540/498
f 499/542/500 511/555/512 510/554/511 498/541/499
f 500/543/501 512/556/513 511/555/512 499/542/500
f 501/544/502 513/557/514 512/556/513 500/543/501
f 502/545/503 514/558/515 513/557/514 501/544/502
f 503/546/504 515/559/516 514/558/515 502/545/503
f 504/535/494 516/548/506 515/559/516 503/546/504
f 505/547/505 517/560/517 528/561/518 516/548/506
f 506/549/507 518/562/519 517/563/517 505/550/505
f 507/551/508 519/564/520 518/562/519 506/549/507
f 508/552/509 520/565/521 519/564/520 507/551/508
f 509/553/510 521/566/522 520/565/521 508/552/509
f 510/554/511 522/567/523 521/566/522 509/553/510
f 511/555/512 523/568/524 522/567/523 510/554/511
f 512/556/513 524/569/525 523/568/524 511/555/512
f 513/557/514 525/570/526 524/569/525 512/556/513
f 514/558/515 526/571/527 525/570/526 513/557/514
f 515/559/516 527/572/528 526/571/527 514/558/515
f 516/548/506 528/561/518 527/572/528 515/559/516
f 517/560/517 529/573/529 540/574/530 528/561/518
f 518/562/519 530/575/531 529/576/529 517/563/517
f 519/564/520 531/577/532 530/575/531 518/562/519
f 520/565/521 532/578/533 531/577/532 519/564/520
f 521/566/522 533/579/534 532/578/533 520/565/521
f 522/567/523 534/580/535 533/579/534 521/566/522
f 523/568/524 535/581/536 534/580/535 522/567/523
f 524/569/525 536/582/537 535/581/536 523/568/524
f 525/570/526 537/583/538 536/582/537 524/569/525
f 526/571/527 538/584/539 537/583/538 525/570/526
f 527/572/528 539/585/540 538/584/539 526/571/527
f 528/561/518 540/574/530 539/585/540 527/572/528
f 529/573/529 541/586/541 552/587/542 540/574/530
f 530/575/531 542/588/543 541/589/541 529/576/529
f 531/577/532 543/590/544 542/588/543 530/575/531
f 532/578/533 544/591/545 543/590/544 531/577/532
f 533/579/534 545/592/546 544/591/545 532/578/533
f 534/580/535 546/593/547 545/592/546 533/579/534
f 535/581/536 547/594/548 546/593/547 534/580/535
f 536/582/537 548/595/549 547/594/548 535/581/536
f 537/583/538 549/596/550 548/595/549 536/582/537
f 538/584/539 550/597/551 549/596/550 537/583/538
f 539/585/540 551/598/552 550/597/551 538/584/539
f 540/574/530 552/587/542 551/598/552 539/585/540
f 541/586/541 553/599/553 564/600/554 552/587/542
f 542/588/543 554/601/555 553/602/553 541/589/541
f 543/590/544 555/603/556 554/601/555 542/588/543
f 544/591/545 556/604/557 555/603/556 543/590/544
f 545/592/546 557/605/558 556/604/557 544/591/545
f 546/593/547 558/606/559 557/605/558 545/592/546
f 547/594/548 559/607/560 558/606/559 546/593/547
f 548/595/549 560/608/561 559/607/560 547/594/548
f 549/596/550 561/609/562 560/608/561 548/595/549
f 550/597/551 562/610/563 561/609/562 549/596/550
f 551/598/552 563/611/564 562/610/563 550/597/551
f 552/587/542 564/600/554 563/611/564 551/598/552
f 553/599/553 565/612/565 576/613/566 564/600/554
f 554/601/555 566/614/567 565/615/565 553/602/553
f 555/603/556 567/616/568 566/614/567 554/601/555
f 556/604/557 568/617/569 567/616/568 555/603/556
f 557/605/558 569/618/570 568/617/569 556/604/557
f 558/606/559 570/619/571 569/618/570 557/605/558
f 559/607/560 571/620/572 570/619/571 558/606/559
f 560/608/561 572/621/573 571/620/572 559/607/560
f 561/609/562 573/622/574 572/621/573 560/608/561
f 562/610/563 574/623/575 573/622/574 561/609/562
f 563/611/564 575/624/576 574/623/575 562/610/563
f 564/600/554 576/613/566 575/624/576 563/611/564
f 565/612/565 577/625/577 588/626/578 576/613/566
f 566/614/567 578/627/579 577/628/577 565/615/565
f 567/616/568 579/629/580 578/627/579 566/614/567
f 568/617/569 580/630/581 579/629/580 567/616/568
f 569/618/570 581/631/582 580/630/581 568/617/569
f 570/619/571 582/632/583 581/631/582 569/618/570
f 571/620/572 583/633/584 582/632/583 570/619/571
f 572/621/573 584/634/585 583/633/584 571/620/572
f 573/622/574 585/635/586 584/634/585 572/621/573
f 574/623/575 586/636/587 585/635/586 573/622/574
f 575/624/576 587/637/588 586/636/587 574/623/575
f 576/613/566 588/626/578 587/637/588 575/624/576
f 577/625/577 589/638/589 600/639/590 588/626/578
f 578/627/579 590/640/591 589/641/589 577/628/577
f 579/629/580 591/642/592 590/640/591 578/627/579
f 580/630/581 592/643/593 591/642/592 579/629/580
f 581/631/582 593/644/594 592/643/593 580/630/581
f 582/632/583 594/645/595 593/644/594 581/631/582
f 583/633/584 595/646/596 594/645/595 582/632/583
f 584/634/585 596/647/597 595/646/596 583/633/584
f 585/635/586 597/648/598 596/647/597 584/634/585
f 586/636/587 598/649/599 597/648/598 585/635/586
f 587/637/588 599/650/600 598/649/599 586/636/587
f 588/626/578 600/639/590 599/650/600 587/637/588
f 589/638/589 601/651/601 612/652/602 600/639/590
f 590/640/591 602/653/603 601/654/601 589/641/589
f 591/642/592 603/655/604 602/653/603 590/640/591
f 592/643/593 604/656/605 603/655/604 591/642/592
f 593/644/594 605/657/606 604/656/605 592/643/593
f 594/645/595 606/658/607 605/657/606 593/644/594
f 595/646/596 607/659/608 606/658/607 594/645/595
f 596/647/597 608/660/609 607/659/608 595/646/596
f 597/648/598 609/661/610 608/660/609 596/647/597
f 598/649/599 610/662/611 609/661/610 597/648/598
f 599/650/600 611/663/612 610/662/611 598/649/599
f 600/639/590 612/652/602 611/663/612 599/650/600
f 601/651/601 613/664/613 624/665/614 612/652/602
f 602/653/603 614/666/615 613/667/613 601/654/601
f 603/655/604 615/668/616 614/666/615 602/653/603
f 604/656/605 616/669/617 615/668/616 603/655/604
f 605/657/606 617/670/618 616/669/617 604/656/605
f 606/658/607 618/671/619 617/670/618 605/657/606
f 607/659/608 619/672/620 618/671/619 606/658/607
f 608/660/609 620/673/621 619/672/620 607/659/608
f 609/661/610 621/674/622 620/673/621 608/660/609
f 610/662/611 622/675/623 621/674/622 609/661/610
f 611/663/612 623/676/624 622/675/623 610/662/611
f 612/652/602 624/665/614 623/676/624 611/663/612
f 613/664/613 625/677/625 636/678/626 624/665/614
f 614/666/615 626/679/627 625/680/625 613/667/613
f 615/668/616 627/681/628 626/679/627 614/666/615
f 616/669/617 628/682/629 627/681/628 615/668/616
f 617/670/618 629/683/630 628/682/629 616/669/617
f 618/671/619 630/684/631 629/683/630 617/670/618
f 619/672/620 631/685/632 630/684/631 618/671/619
f 620/673/621 632/686/633 631/685/632 619/672/620
f 621/674/622 633/687/634 632/686/633 620/673/621
f 622/675/623 634/688/635 633/687/634 621/674/622
f 623/676/624 635/689/636 634/688/635 622/675/623
f 624/665/614 636/678/626 635/689/636 623/676/624
f 625/677/625 637/690/637 648/691/638 636/678/626
f 626/679/627 638/692/639 637/693/637 625/680/625
f 627/681/628 639/694/640 638/692/639 626/679/627
f 628/682/629 640/695/641 639/694/640 627/681/628
f 629/683/630 641/696/642 640/695/641 628/682/629
f 630/684/631 642/697/643 641/696/642 629/683/630
f 631/685/632 643/698/644 642/697/643 630/684/631
f 632/686/633 644/699/645 643/698/644 631/685/632
f 633/687/634 645/700/646 644/699/645 632/686/633
f 634/688/635 646/701/647 645/700/646 633/687/634
f 635/689/636 647/702/648 646/701/647 634/688/635
f 636/678/626 648/691/638 647/702/648 635/689/636
f 637/690/637 649/703/649 660/704/650 648/691/638
f 638/692/639 650/705/651 649/706/649 637/693/637
f 639/694/640 651/707/652 650/705/651 638/692/639
f 640/695/641 652/708/653 651/707/652 639/694/640
f 641/696/642 653/709/654 652/708/653 640/695/641
f 642/697/643 654/710/655 653/709/654 641/696/642
f 643/698/644 655/711/656 654/710/655 642/697/643
f 644/699/645 656/712/657 655/711/656 643/698/644
f 645/700/646 657/713/658 656/712/657 644/699/645
f 646/701/647 658/714/659 657/713/658 645/700/646
f 647/702/648 659/715/660 658/714/659 646/701/647
f 648/691/638 660/704/650 659/715/660 647/702/648
f 649/703/649 661/716/661 672/717/662 660/704/650
f 650/705/651 662/718/663 661/719/661 649/706/649
f 651/707/652 663/720/664 662/718/663 650/705/651
f 652/708/653 664/721/665 663/720/664 651/707/652
f 653/709/654 665/722/666 664/721/665 652/708/653
f 654/710/655 666/723/667 665/722/666 653/709/654
f 655/711/656 667/724/668 666/723/667 654/710/655
f 656/712/657 668/725/669 667/724/668 655/711/656
f 657/713/658 669/726/670 668/725/669 656/712/657
f 658/714/659 670/727/671 669/726/670 657/713/658
f 659/715/660 671/728/672 670/727/671 658/714/659
f 660/704/650 672/717/662 671/728/672 659/715/660
f 661/716/661 673/729/673 684/730/674 672/717/662
f 662/718/663 674/731/675 673/732/673 661/719/661
f 663/720/664 675/733/676 674/731/675 662/718/663
f 664/721/665 676/734/677 675/733/676 663/720/664
f 665/722/666 677/735/678 676/734/677 664/721/665
f 666/723/667 678/736/679 677/735/678 665/722/666
f 667/724/668 679/737/680 678/736/679 666/723/667
f 668/725/669 680/738/681 679/737/680 667/724/668
f 669/726/670 681/739/682 680/738/681 668/725/669
f 670/727/671 682/740/683 681/739/682 669/726/670
f 671/728/672 683/741/684 682/740/683 670/727/671
f 672/717/662 684/730/674 683/741/684 671/728/672
f 673/729/673 685/742/685 696/743/686 684/730/674
f 674/731/675 686/744/687 685/745/685 673/732/673
f 675/733/676 687/746/688 686/744/687 674/731/675
f 676/734/677 688/747/689 687/746/688 675/733/676
f 677/735/678 689/748/690 688/747/689 676/734/677
f 678/736/679 690/749/691 689/748/690 677/735/678
f 679/737/680 691/750/692 690/749/691 678/736/679
f 680/738/681 692/751/693 691/750/692 679/737/680
f 681/739/682 693/752/694 692/751/693 680/738/681
f 682/740/683 694/753/695 693/752/694 681/739/682
f 683/741/684 695/754/696 694/753/695 682/740/683
f 684/730/674 696/743/686 695/754/696 683/741/684
f 685/742/685 697/755/697 708/756/698 696/743/686
f 686/744/687 698/757/699 697/758/697 685/745/685
f 687/746/688 699/759/700 698/757/699 686/744/687
f 688/747/689 700/760/701 699/759/700 687/746/688
f 689/748/690 701/761/702 700/760/701 688/747/689
f 690/749/691 702/762/703 701/761/702 689/748/690
f 691/750/692 703/763/704 702/762/703 690/749/691
f 692/751/693 704/764/705 703/763/704 691/750/692
f 693/752/694 705/765/706 704/764/705 692/751/693
f 694/753/695 706/766/707 705/765/706 693/752/694
f 695/754/696 707/767/708 706/766/707 694/753/695
f 696/743/686 708/756/698 707/767/708 695/754/696
f 697/755/697 709/768/709 720/769/710 708/756/698
f 698/757/699 710/770/711 709/771/709 697/758/697
f 699/759/700 711/772/712 710/770/711 698/757/699
f 700/760/701 712/773/713 711/772/712 699/759/700
f 701/761/702 713/774/714 712/773/713 700/760/701
f 702/762/703 714/775/715 713/774/714 701/761/702
f 703/763/704 715/776/716 714/775/715 702/762/703
f 704/764/705 716/777/717 715/776/716 703/763/704
f 705/765/706 717/778/718 716/777/717 704/764/705
f 706/766/707 718/779/719 717/778/718 705/765/706
f 707/767/708 719/780/720 718/779/719 706/766/707
f 708/756/698 720/769/710 719/780/720 707/767/708
f 709/768/709 721/781/721 732/782/722 720/769/710
f 710/770/711 722/783/723 721/784/721 709/771/709
f 711/772/712 723/785/724 722/783/723 710/770/711
f 712/773/713 724/786/725 723/785/724 711/772/712
f 713/774/714 725/787/726 724/786/725 712/773/713
f 714/775/715 726/788/727 725/787/726 713/774/714
f 715/776/716 727/789/728 726/788/727 714/775/715
f 716/777/717 728/790/729 727/789/728 715/776/716
f 717/778/718 729/791/730 728/790/729 716/777/717
f 718/779/719 730/792/731 729/791/730 717/778/718
f 719/780/720 731/793/732 730/792/731 718/779/719
f 720/769/710 732/782/722 731/793/732 719/780/720
f 733/794/733 745/795/734 756/796/735 744/797/736
f 734/798/737 746/799/738 745/800/734 733/801/733
f 735/802/739 747/803/740 746/799/738 734/798/737
f 736/804/741 748/805/742 747/803/740 735/802/739
f 737/806/743 749/807/744 748/805/742 736/804/741
f 738/808/745 750/809/746 749/807/744 737/806/743
f 739/810/747 751/811/748 750/809/746 738/808/745
f 740/812/749 752/813/750 751/811/748 739/810/747
f 741/814/751 753/815/752 752/813/750 740/812/749
f 742/816/753 754/817/754 753/815/752 741/814/751
f 743/818/755 755/819/756 754/817/754 742/816/753
f 744/797/736 756/796/735 755/819/756 743/818/755
f 745/795/734 757/820/757 768/821/758 756/796/735
f 746/799/738 758/822/759 757/823/757 745/800/734
f 747/803/740 759/824/760 758/822/759 746/799/738
f 748/805/742 760/825/761 759/824/760 747/803/740
f 749/807/744 761/826/762 760/825/761 748/805/742
f 750/809/746 762/827/763 761/826/762 749/807/744
f 751/811/748 763/828/764 762/827/763 750/809/746
f 752/813/750 764/829/765 763/828/764 751/811/748
f 753/815/752 765/830/766 764/829/765 752/813/750
f 754/817/754 766/831/767 765/830/766 753/815/752
f 755/819/756 767/832/768 766/831/767 754/817/754
f 756/796/735 768/821/758 767/832/768 755/819/756
f 757/820/757 769/833/769 780/834/770 768/821/758
f 758/822/759 770/835/771 769/836/769 757/823/757
f 759/824/760 771/837/772 770/835/771 758/822/759
f 760/825/761 772/838/773 771/837/772 759/824/760
f 761/826/762 773/839/774 772/838/773 760/825/761
f 762/827/763 774/840/775 773/839/774 761/826/762
f 763/828/764 775/841/776 774/840/775 762/827/763
f 764/829/765 776/842/777 775/841/776 763/828/764
f 765/830/766 777/843/778 776/842/777 764/829/765
f 766/831/767 778/844/779 777/843/778 765/830/766
f 767/832/768 779/845/780 778/844/779 766/831/767
f 768/821/758 780/834/770 779/845/780 767/832/768
f 769/833/769 781/846/781 792/847/782 780/834/770
f 770/835/771 782/848/783 781/849/781 769/836/769
f 771/837/772 783/850/784 782/848/783 770/835/771
f 772/838/773 784/851/785 783/850/784 771/837/772
f 773/839/774 785/852/786 784/851/785 772/838/773
f 774/840/775 786/853/787 785/852/786 773/839/774
f 775/841/776 787/854/788 786/853/787 774/840/775
f 776/842/777 788/855/789 787/854/788 775/841/776
f 777/843/778 789/856/790 788/855/789 776/842/777
f 778/844/779 790/857/791 789/856/790 777/843/778
f 779/845/780 791/858/792 790/857/791 778/844/779
f 780/834/770 792/847/782 791/858/792 779/845/780
f 781/846/781 793/859/793 804/860/794 792/847/782
f 782/848/783 794/861/795 793/862/793 781/849/781
f 783/850/784 795/863/796 794/861/795 782/848/783
f 784/851/785 796/864/797 795/863/796 783/850/784
f 785/852/786 797/865/798 796/864/797 784/851/785
f 786/853/787 798/866/799 797/865/798 785/852/786
f 787/854/788 799/867/800 798/866/799 786/853/787
f 788/855/789 800/868/801 799/867/800 787/854/788
f 789/856/790 801/869/802 800/868/801 788/855/789
f 790/857/791 802/870/803 801/869/802 789/856/790
f 791/858/792 803/871/804 802/870/803 790/857/791
f 792/847/782 804/860/794 803/871/804 791/858/792
f 793/859/793 805/872/805 816/873/806 804/860/794
f 794/861/795 806/874/807 805/875/805 793/862/793
f 795/863/796 807/876/808 806/874/807 794/861/795
f 796/864/797 808/877/809 807/876/808 795/863/796
f 797/865/798 809/878/810 808/877/809 796/864/797
f 798/866/799 810/879/811 809/878/810 797/865/798
f 799/867/800 811/880/812 810/879/811 798/866/799
f 800/868/801 812/881/813 811/880/812 799/867/800
f 801/869/802 813/882/814 812/881/813 800/868/801
f 802/870/803 814/883/815 813/882/814 801/869/802
f 803/871/804 815/884/816 814/883/815 802/870/803
f 804/860/794 816/873/806 815/884/816 803/871/804
f 805/872/805 817/885/817 828/886/818 816/873/806
f 806/874/807 818/887/819 817/888/817 805/875/805
f 807/876/808 819/889/820 818/887/819 806/874/807
f 808/877/809 820/890/821 819/889/820 807/876/808
f 809/878/810 821/891/822 820/890/821 808/877/809
f 810/879/811 822/892/823 821/891/822 809/878/810
f 811/880/812 823/893/824 822/892/823 810/879/811
f 812/881/813 824/894/825 823/893/824 811/880/812
f 813/882/814 825/895/826 824/894/825 812/881/813
f 814/883/815 826/896/827 825/895/826 813/882/814
f 815/884/816 827/897/828 826/896/827 814/883/815
f 816/873/806 828/886/818 827/897/828 815/884/816
f 817/885/817 829/898/829 840/899/830 828/886/818
f 818/887/819 830/900/831 829/901/829 817/888/817
f 819/889/820 831/902/832 830/900/831 818/887/819
f 820/890/821 832/903/833 831/902/832 819/889/820
f 821/891/822 833/904/834 832/903/833 820/890/821
f 822/892/823 834/905/835 833/904/834 821/891/822
f 823/893/824 835/906/836 834/905/835 822/892/823
f 824/894/825 836/907/837 835/906/836 823/893/824
f 825/895/826 837/908/838 836/907/837 824/894/825
f 826/896/827 838/909/839 837/908/838 825/895/826
f 827/897/828 839/910/840 838/909/839 826/896/827
f 828/886/818 840/899/830 839/910/840 827/897/828
f 829/898/829 841/911/841 852/912/842 840/899/830
f 830/900/831 842/913/843 841/914/841 829/901/829
f 831/902/832 843/915/844 842/913/843 830/900/831
f 832/903/833 844/916/845 843/915/844 831/902/832
f 833/904/834 845/917/846 844/916/845 832/903/833
f 834/905/835 846/918/847 845/917/846 833/904/834
f 835/906/836 847/919/848 846/918/847 834/905/835
f 836/907/837 848/920/849 847/919/848 835/906/836
f 837/908/838 849/921/850 848/920/849 836/907/837
f 838/909/839 850/922/851 849/921/850 837/908/838
f 839/910/840 851/923/852 850/922/851 838/909/839
f 840/899/830 852/912/842 851/923/852 839/910/840
f 841/911/841 853/924/853 864/925/854 852/912/842
f 842/913/843 854/926/855 853/927/853 841/914/841
f 843/915/844 855/928/856 854/926/855 842/913/843
f 844/916/845 856/929/857 855/928/856 843/915/844
f 845/917/846 857/930/858 856/929/857 844/916/845
f 846/918/847 858/931/859 857/930/858 845/917/846
f 847/919/848 859/932/860 858/931/859 846/918/847
f 848/920/849 860/933/861 859/932/860 847/919/848
f 849/921/850 861/934/862 860/933/861 848/920/849
f 850/922/851 862/935/863 861/934/862 849/921/850
f 851/923/852 863/936/864 862/935/863 850/922/851
f 852/912/842 864/925/854 863/936/864 851/923/852
f 853/924/853 865/937/865 876/938/866 864/925/854
f 854/926/855 866/939/867 865/940/865 853/927/853
f 855/928/856 867/941/868 866/939/867 854/926/855
f 856/929/857 868/942/869 867/941/868 855/928/856
f 857/930/858 869/943/870 868/942/869 856/929/857
f 858/931/859 870/944/871 869/943/870 857/930/858
f 859/932/860 871/945/872 870/944/871 858/931/859
f 860/933/861 872/946/873 871/945/872 859/932/860
f 861/934/862 873/947/874 872/946/873 860/933/861
f 862/935/863 874/948/875 873/947/874 861/934/862
f 863/936/864 875/949/876 874/948/875 862/935/863
f 864/925/854 876/938/866 875/949/876 863/936/864
f 865/937/865 877/950/877 888/951/878 876/938/866
f 866/939/867 878/952/879 877/953/877 865/940/865
f 867/941/868 879/954/880 878/952/879 866/939/867
f 868/942/869 880/955/881 879/954/880 867/941/868
f 869/943/870 881/956/882 880/955/881 868/942/869
f 870/944/871 882/957/883 881/956/882 869/943/870
f 871/945/872 883/958/884 882/957/883 870/944/871
f 872/946/873 884/959/885 883/958/884 871/945/872
f 873/947/874 885/960/886 884/959/885 872/946/873
f 874/948/875 886/961/887 885/960/886 873/947/874
f 875/949/876 887/962/888 886/961/887 874/948/875
f 876/938/866 888/951/878 887/962/888 875/949/876
f 877/950/877 889/963/889 900/964/890 888/951/878
f 878/952/879 890/965/891 889/966/889 877/953/877
f 879/954/880 891/967/892 890/965/891 878/952/879
f 880/955/881 892/968/893 891/967/892 879/954/880
f 881/956/882 893/969/894 892/968/893 880/955/881
f 882/957/883 894/970/895 893/969/894 881/956/882
f 883/958/884 895/971/896 894/970/895 882/957/883
f 884/959/885 896/972/897 895/971/896 883/958/884
f 885/960/886 897/973/898 896/972/897 884/959/885
f 886/961/887 898/974/899 897/973/898 885/960/886
f 887/962/888 899/975/900 898/974/899 886/961/887
f 888/951/878 900/964/890 899/975/900 887/962/888
f 889/963/889 901/976/901 912/977/902 900/964/890
f 890/965/891 902/978/903 901/979/901 889/966/889
f 891/967/892 903/980/904 902/978/903 890/965/891
f 892/968/893 904/981/905 903/980/904 891/967/892
f 893/969/894 905/982/906 904/981/905 892/968/893
f 894/970/895 906/983/907 905/982/906 893/969/894
f 895/971/896 907/984/908 906/983/907 894/970/895
f 896/972/897 908/985/909 907/984/908 895/971/896
f 897/973/898 909/986/910 908/985/909 896/972/897
f 898/974/899 910/987/911 909/986/910 897/973/898
f 899/975/900 911/988/912 910/987/911 898/974/899
f 900/964/890 912/977/902 911/988/912 899/975/900
f 901/976/901 913/989/913 924/990/914 912/977/902
f 902/978/903 914/991/915 913/992/913 901/979/901
f 903/980/904 915/993/916 914/991/915 902/978/903
f 904/981/905 916/994/917 915/993/916 903/980/904
f 905/982/906 917/995/918 916/994/917 904/981/905
f 906/983/907 918/996/919 917/995/918 905/982/906
f 907/984/908 919/997/920 918/996/919 906/983/907
f 908/985/909 920/998/921 919/997/920 907/984/908
f 909/986/910 921/999/922 920/998/921 908/985/909
f 910/987/911 922/1000/923 921/999/922 909/986/910
f 911/988/912 923/1001/924 922/1000/923 910/987/911
f 912/977/902 924/990/914 923/1001/924 911/988/912
f 913/989/913 925/1002/925 936/1003/926 924/990/914
f 914/991/915 926/1004/927 925/1005/925 913/992/913
f 915/993/916 927/1006/928 926/1004/927 914/991/915
f 916/994/917 928/1007/929 927/1006/928 915/993/916
f 917/995/918 929/1008/930 928/1007/929 916/994/917
f 918/996/919 930/1009/931 929/1008/930 917/995/918
f 919/997/920 931/1010/932 930/1009/931 918/996/919
f 920/998/921 932/1011/933 931/1010/932 919/997/920
f 921/999/922 933/1012/934 932/1011/933 920/998/921
f 922/1000/923 934/1013/935 933/1012/934 921/999/922
f 923/1001/924 935/1014/936 934/1013/935 922/1000/923
f 924/990/914 936/1003/926 935/1014/936 923/1001/924
f 925/1002/925 937/1015/937 948/1016/938 936/1003/926
f 926/1004/927 938/1017/939 937/1018/937 925/1005/925
f 927/1006/928 939/1019/940 938/1017/939 926/1004/927
f 928/1007/929 940/1020/941 939/1019/940 927/1006/928
f 929/1008/930 941/1021/942 940/1020/941 928/1007/929
f 930/1009/931 942/1022/943 941/1021/942 929/1008/930
f 931/1010/932 943/1023/944 942/1022/943 930/1009/931
f 932/1011/933 944/1024/945 943/1023/944 931/1010/932
f 933/1012/934 945/1025/946 944/1024/945 932/1011/933
f 934/1013/935 946/1026/947 945/1025/946 933/1012/934
f 935/1014/936 947/1027/948 946/1026/947 934/1013/935
f 936/1003/926 948/1016/938 947/1027/948 935/1014/936
f 937/1015/937 949/1028/949 960/1029/950 948/1016/938
f 938/1017/939 950/1030/951 949/1031/949 937/1018/937
f 939/1019/940 951/1032/952 950/1030/951 938/1017/939
f 940/1020/941 952/1033/953 951/1032/952 939/1019/940
f 941/1021/942 953/1034/954 952/1033/953 940/1020/941
f 942/1022/943 954/1035/955 953/1034/954 941/1021/942
f 943/1023/944 955/1036/956 954/1035/955 942/1022/943
f 944/1024/945 956/1037/957 955/1036/956 943/1023/944
f 945/1025/946 957/1038/958 956/1037/957 944/1024/945
f 946/1026/947 958/1039/959 957/1038/958 945/1025/946
f 947/1027/948 959/1040/960 958/1039/959 946/1026/947
f 948/1016/938 960/1029/950 959/1040/960 947/1027/948
f 949/1028/949 961/1041/961 972/1042/962 960/1029/950
f 950/1030/951 962/1043/963 961/1044/961 949/1031/949
f 951/1032/952 963/1045/964 962/1043/963 950/1030/951
f 952/1033/953 964/1046/965 963/1045/964 951/1032/952
f 953/1034/954 965/1047/966 964/1046/965 952/1033/953
f 954/1035/955 966/1048/967 965/1047/966 953/1034/954
f 955/1036/956 967/1049/968 966/1048/967 954/1035/955
f 956/1037/957 968/1050/969 967/1049/968 955/1036/956
f 957/1038/958 969/1051/970 968/1050/969 956/1037/957
f 958/1039/959 970/1052/971 969/1051/970 957/1038/958
f 959/1040/960 971/1053/972 970/1052/971 958/1039/959
f 960/1029/950 972/1042/962 971/1053/972 959/1040/960
f 961/1041/961 973/1054/973 984/1055/974 972/1042/962
f 962/1043/963 974/1056/975 973/1057/973 961/1044/961
f 963/1045/964 975/1058/976 974/1056/975 962/1043/963
f 964/1046/965 976/1059/977 975/1058/976 963/1045/964
f 965/1047/966 977/1060/978 976/1059/977 964/1046/965
f 966/1048/967 978/1061/979 977/1060/978 965/1047/966
f 967/1049/968 979/1062/980 978/1061/979 966/1048/967
f 968/1050/969 980/1063/981 979/1062/980 967/1049/968
f 969/1051/970 981/1064/982 980/1063/981 968/1050/969
f 970/1052/971 982/1065/983 981/1064/982 969/1051/970
f 971/1053/972 983/1066/984 982/1065/983 970/1052/971
f 972/1042/962 984/1055/974 983/1066/984 971/1053/972
f 973/1054/973 985/1067/985 996/1068/986 984/1055/974
f 974/1056/975 986/1069/987 985/1070/985 973/1057/973
f 975/1058/976 987/1071/988 986/1069/987 974/1056/975
f 976/1059/977 988/1072/989 987/1071/988 975/1058/976
f 977/1060/978 989/1073/990 988/1072/989 976/1059/977
f 978/1061/979 990/1074/991 989/1073/990 977/1060/978
f 979/1062/980 991/1075/992 990/1074/991 978/1061/979
f 980/1063/981 992/1076/993 991/1075/992 979/1062/980
f 981/1064/982 993/1077/994 992/1076/993 980/1063/981
f 982/1065/983 994/1078/995 993/1077/994 981/1064/982
f 983/1066/984 995/1079/996 994/1078/995 982/1065/983
f 984/1055/974 996/1068/986 995/1079/996 983/1066/984
f 985/1067/985 997/1080/997 1008/1081/998 996/1068/986
f 986/1069/987 998/1082/999 997/1083/997 985/1070/985
f 987/1071/988 999/1084/1000 998/1082/999 986/1069/987
f 988/1072/989 1000/1085/1001 999/1084/1000 987/1071/988
f 989/1073/990 1001/1086/1002 1000/1085/1001 988/1072/989
f 990/1074/991 1002/1087/1003 1001/1086/1002 989/1073/990
f 991/1075/992 1003/1088/1004 1002/1087/1003 990/1074/991
f 992/1076/993 1004/1089/1005 1003/1088/1004 991/1075/992
f 993/1077/994 1005/1090/1006 1004/1089/1005 992/1076/993
f 994/1078/995 1006/1091/1007 1005/1090/1006 993/1077/994
f 995/1079/996 1007/1092/1008 1006/1091/1007 994/1078/995
f 996/1068/986 1008/1081/998 1007/1092/1008 995/1079/996
f 997/1080/997 1009/1093/1009 1020/1094/1010 1008/1081/998
f 998/1082/999 1010/1095/1011 1009/1096/1009 997/1083/997
f 999/1084/1000 1011/1097/1012 1010/1095/1011 998/1082/999
f 1000/1085/1001 1012/1098/1013 1011/1097/1012 999/1084/1000
f 1001/1086/1002 1013/1099/1014 1012/1098/1013 1000/1085/1001
f 1002/1087/1003 1014/1100/1015 1013/1099/1014 1001/1086/1002
f 1003/1088/1004 1015/1101/1016 1014/1100/1015 1002/1087/1003
f 1004/1089/1005 1016/1102/1017 1015/1101/1016 1003/1088/1004
f 1005/1090/1006 1017/1103/1018 1016/1102/1017 1004/1089/1005
f 1006/1091/1007 1018/1104/1019 1017/1103/1018 1005/1090/1006
f 1007/1092/1008 1019/1105/1020 1018/1104/1019 1006/1091/1007
f 1008/1081/998 1020/1094/1010 1019/1105/1020 1007/1092/1008
f 1009/1093/1009 1021/1106/1021 1032/1107/1022 1020/1094/1010
f 1010/1095/1011 1022/1108/1023 1021/1109/1021 1009/1096/1009
f 1011/1097/1012 1023/1110/1024 1022/1108/1023 1010/1095/1011
f 1012/1098/1013 1024/1111/1025 1023/1110/1024 1011/1097/1012
f 1013/1099/1014 1025/1112/1026 1024/1111/1025 1012/1098/1013
f 1014/1100/1015 1026/1113/1027 1025/1112/1026 1013/1099/1014
f 1015/1101/1016 1027/1114/1028 1026/1113/1027 1014/1100/1015
f 1016/1102/1017 1028/1115/1029 1027/1114/1028 1015/1101/1016
f 1017/1103/1018 1029/1116/1030 1028/1115/1029 1016/1102/1017
f 1018/1104/1019 1030/1117/1031 1029/1116/1030 1017/1103/1018
f 1019/1105/1020 1031/1118/1032 1030/1117/1031 1018/1104/1019
f 1020/1094/1010 1032/1107/1022 1031/1118/1032 1019/1105/1020
